system,strategy,technique,size_type,mre
7z,dbs,CART,T1,0.529365776039859
7z,dbs,CART,T2,0.6430670467506248
7z,dbs,CART,T3,0.3182731655275808
7z,dbs,KRR,T1,0.672779124530812
7z,dbs,KRR,T2,0.7613876828399547
7z,dbs,KRR,T3,0.7535063131407275
7z,dbs,MR,T1,0.8048845699007472
7z,dbs,MR,T2,0.8924916978351969
7z,dbs,MR,T3,0.7217791046909419
7z,dbs,RF,T1,0.7290968461123832
7z,dbs,RF,T2,0.5211206694439998
7z,dbs,RF,T3,0.3093665300498068
7z,dbs,SVR,T1,0.6714073693117907
7z,dbs,SVR,T2,0.8515559227973438
7z,dbs,SVR,T3,0.533650746309047
7z,dbs,kNN,T1,0.6844864034956337
7z,dbs,kNN,T2,0.6560284231118975
7z,dbs,kNN,T3,0.6745396819709433
7z,ddbs,CART,T1,0.5843152728925513
7z,ddbs,CART,T2,0.33941483359124996
7z,ddbs,CART,T3,0.2329773159902823
7z,ddbs,KRR,T1,0.6274056342695676
7z,ddbs,KRR,T2,0.6078754414338838
7z,ddbs,KRR,T3,0.5223874422741749
7z,ddbs,MR,T1,0.6404150392847895
7z,ddbs,MR,T2,0.33907664244939073
7z,ddbs,MR,T3,0.25302182842529564
7z,ddbs,RF,T1,0.6401209085261644
7z,ddbs,RF,T2,0.39658202328840525
7z,ddbs,RF,T3,0.2397195590074429
7z,ddbs,SVR,T1,0.5638764717306181
7z,ddbs,SVR,T2,0.4963983010784581
7z,ddbs,SVR,T3,0.6407726620789334
7z,ddbs,kNN,T1,0.5982943688501589
7z,ddbs,kNN,T2,0.4925064346727519
7z,ddbs,kNN,T3,0.47764211020255604
7z,random,CART,T1,1.4859005760824586
7z,random,CART,T2,0.10998632696526091
7z,random,CART,T3,0.0749187813074774
7z,random,KRR,T1,1.4085243302921668
7z,random,KRR,T2,0.6885512570434288
7z,random,KRR,T3,0.14632824463336014
7z,random,MR,T1,1.7838947705257073
7z,random,MR,T2,0.16388283118336378
7z,random,MR,T3,0.10919941839893883
7z,random,RF,T1,1.6826976739455901
7z,random,RF,T2,0.12733683172075655
7z,random,RF,T3,0.06807780785864996
7z,random,SVR,T1,1.112057474858841
7z,random,SVR,T2,0.5850461797685397
7z,random,SVR,T3,0.3520303703566689
7z,random,kNN,T1,1.609673193933712
7z,random,kNN,T2,0.8525391183760955
7z,random,kNN,T3,0.6035309833803908
7z,rsbs,CART,T1,1.2850550652353954
7z,rsbs,CART,T2,0.389131605598493
7z,rsbs,CART,T3,0.12121612066574959
7z,rsbs,KRR,T1,1.2311584495826964
7z,rsbs,KRR,T2,0.850072941201506
7z,rsbs,KRR,T3,0.25162810687074805
7z,rsbs,MR,T1,1.4466502336514393
7z,rsbs,MR,T2,0.4183295933887666
7z,rsbs,MR,T3,0.22768133796322604
7z,rsbs,RF,T1,1.4074981853471462
7z,rsbs,RF,T2,0.40796094654398046
7z,rsbs,RF,T3,0.1300623216754705
7z,rsbs,SVR,T1,1.1213530254689312
7z,rsbs,SVR,T2,0.9481599248295092
7z,rsbs,SVR,T3,0.41905617490929387
7z,rsbs,kNN,T1,1.3412840608169216
7z,rsbs,kNN,T2,1.0670052835217243
7z,rsbs,kNN,T3,0.8162270033571886
7z,sbs,CART,T1,0.5444718302328972
7z,sbs,CART,T2,0.2926663717145792
7z,sbs,CART,T3,0.1161244082689922
7z,sbs,KRR,T1,0.4892226211410214
7z,sbs,KRR,T2,0.5183770516660029
7z,sbs,KRR,T3,0.1722697468117261
7z,sbs,MR,T1,0.5444718302328972
7z,sbs,MR,T2,0.3286784237076615
7z,sbs,MR,T3,0.1507268378263362
7z,sbs,RF,T1,0.546666920040395
7z,sbs,RF,T2,0.2579602192189202
7z,sbs,RF,T3,0.1115483487332995
7z,sbs,SVR,T1,0.5628659311796457
7z,sbs,SVR,T2,0.5009670632818808
7z,sbs,SVR,T3,0.3548649761176453
7z,sbs,kNN,T1,0.5340177603479473
7z,sbs,kNN,T2,0.5787028244004732
7z,sbs,kNN,T3,0.5004974568775777
7z,twise,CART,T1,1.7424848053446995
7z,twise,CART,T2,0.1480866532352968
7z,twise,CART,T3,0.0785472842956997
7z,twise,KRR,T1,1.8834353163947144
7z,twise,KRR,T2,0.7786356969959533
7z,twise,KRR,T3,0.1547591924533831
7z,twise,MR,T1,1.7424848053446995
7z,twise,MR,T2,0.2914822676080517
7z,twise,MR,T3,0.1141920611238924
7z,twise,RF,T1,1.8751918358702384
7z,twise,RF,T2,0.2994041421093194
7z,twise,RF,T3,0.0722358601452725
7z,twise,SVR,T1,1.0992647472103274
7z,twise,SVR,T2,0.608096618713056
7z,twise,SVR,T3,0.3778084815021449
7z,twise,kNN,T1,1.2066343938280204
7z,twise,kNN,T2,0.7905240509667829
7z,twise,kNN,T3,0.5444820012043547
BerkeleyDBC,dbs,CART,T1,5.426671484495549
BerkeleyDBC,dbs,CART,T2,1.031397248476849
BerkeleyDBC,dbs,CART,T3,0.4996715097989746
BerkeleyDBC,dbs,KRR,T1,6.693655551278645
BerkeleyDBC,dbs,KRR,T2,3.4936665292875726
BerkeleyDBC,dbs,KRR,T3,4.122798243143234
BerkeleyDBC,dbs,MR,T1,7.358332979584348
BerkeleyDBC,dbs,MR,T2,1.4118348674437065
BerkeleyDBC,dbs,MR,T3,1.0225388731485336
BerkeleyDBC,dbs,RF,T1,8.138115673767683
BerkeleyDBC,dbs,RF,T2,3.434070506462003
BerkeleyDBC,dbs,RF,T3,0.7861011749014706
BerkeleyDBC,dbs,SVR,T1,8.41821663078884
BerkeleyDBC,dbs,SVR,T2,6.560849515068528
BerkeleyDBC,dbs,SVR,T3,4.30149447347913
BerkeleyDBC,dbs,kNN,T1,8.093027094852575
BerkeleyDBC,dbs,kNN,T2,6.701782214433353
BerkeleyDBC,dbs,kNN,T3,4.929439928235497
BerkeleyDBC,ddbs,CART,T1,5.117589472460039
BerkeleyDBC,ddbs,CART,T2,3.4918263327429013
BerkeleyDBC,ddbs,CART,T3,0.6160463003432425
BerkeleyDBC,ddbs,KRR,T1,7.942308921659418
BerkeleyDBC,ddbs,KRR,T2,6.0976749077445795
BerkeleyDBC,ddbs,KRR,T3,3.869424450912918
BerkeleyDBC,ddbs,MR,T1,7.679729491672501
BerkeleyDBC,ddbs,MR,T2,3.6366525297559433
BerkeleyDBC,ddbs,MR,T3,1.1619909342674517
BerkeleyDBC,ddbs,RF,T1,8.975404275090291
BerkeleyDBC,ddbs,RF,T2,5.233504559330363
BerkeleyDBC,ddbs,RF,T3,1.5863695693370332
BerkeleyDBC,ddbs,SVR,T1,8.85652920306419
BerkeleyDBC,ddbs,SVR,T2,5.903677795823899
BerkeleyDBC,ddbs,SVR,T3,4.295470325028905
BerkeleyDBC,ddbs,kNN,T1,8.802811198245884
BerkeleyDBC,ddbs,kNN,T2,6.999954637678751
BerkeleyDBC,ddbs,kNN,T3,5.635047103508117
BerkeleyDBC,random,CART,T1,3.7378804720549783
BerkeleyDBC,random,CART,T2,0.9590950160766897
BerkeleyDBC,random,CART,T3,0.09645915375721298
BerkeleyDBC,random,KRR,T1,5.241546974057066
BerkeleyDBC,random,KRR,T2,5.944933507206647
BerkeleyDBC,random,KRR,T3,2.387572307545981
BerkeleyDBC,random,MR,T1,4.617937572188596
BerkeleyDBC,random,MR,T2,1.2939682057878656
BerkeleyDBC,random,MR,T3,0.1711471798007288
BerkeleyDBC,random,RF,T1,5.656126084804883
BerkeleyDBC,random,RF,T2,2.10786128838327
BerkeleyDBC,random,RF,T3,0.2956022227244486
BerkeleyDBC,random,SVR,T1,4.020324626250159
BerkeleyDBC,random,SVR,T2,2.8435591284999386
BerkeleyDBC,random,SVR,T3,2.294072054785424
BerkeleyDBC,random,kNN,T1,5.279167578089255
BerkeleyDBC,random,kNN,T2,4.566396995302667
BerkeleyDBC,random,kNN,T3,3.453032329853629
BerkeleyDBC,rsbs,CART,T1,4.441568099300557
BerkeleyDBC,rsbs,CART,T2,1.2078894946906495
BerkeleyDBC,rsbs,CART,T3,0.2763888799389983
BerkeleyDBC,rsbs,KRR,T1,4.875300493792173
BerkeleyDBC,rsbs,KRR,T2,4.514431679593077
BerkeleyDBC,rsbs,KRR,T3,2.3116547785981703
BerkeleyDBC,rsbs,MR,T1,3.700435835105748
BerkeleyDBC,rsbs,MR,T2,1.6984557478873952
BerkeleyDBC,rsbs,MR,T3,0.7666866757115366
BerkeleyDBC,rsbs,RF,T1,5.010582828808502
BerkeleyDBC,rsbs,RF,T2,1.9554238568892361
BerkeleyDBC,rsbs,RF,T3,0.6070043592469846
BerkeleyDBC,rsbs,SVR,T1,4.374736958319168
BerkeleyDBC,rsbs,SVR,T2,2.738416024486055
BerkeleyDBC,rsbs,SVR,T3,2.260766210964215
BerkeleyDBC,rsbs,kNN,T1,4.822108865406338
BerkeleyDBC,rsbs,kNN,T2,3.85364084147425
BerkeleyDBC,rsbs,kNN,T3,2.893395493591888
BerkeleyDBC,sbs,CART,T1,12.900872283880478
BerkeleyDBC,sbs,CART,T2,2.6926746164145143
BerkeleyDBC,sbs,CART,T3,0.2836734666947917
BerkeleyDBC,sbs,KRR,T1,2.144193063690185
BerkeleyDBC,sbs,KRR,T2,3.212754331740584
BerkeleyDBC,sbs,KRR,T3,1.7398062515348018
BerkeleyDBC,sbs,MR,T1,1.6098743916244065
BerkeleyDBC,sbs,MR,T2,0.6237594372821579
BerkeleyDBC,sbs,MR,T3,0.2645678222020983
BerkeleyDBC,sbs,RF,T1,3.0762886786389827
BerkeleyDBC,sbs,RF,T2,2.0290754454336866
BerkeleyDBC,sbs,RF,T3,0.901539455950312
BerkeleyDBC,sbs,SVR,T1,13.538364043263464
BerkeleyDBC,sbs,SVR,T2,4.141895752268124
BerkeleyDBC,sbs,SVR,T3,2.029707262409283
BerkeleyDBC,sbs,kNN,T1,7.022270204763124
BerkeleyDBC,sbs,kNN,T2,5.315458650658635
BerkeleyDBC,sbs,kNN,T3,2.3110530831378298
BerkeleyDBC,twise,CART,T1,2.549057449065707
BerkeleyDBC,twise,CART,T2,0.9709186598141766
BerkeleyDBC,twise,CART,T3,0.0660646330562724
BerkeleyDBC,twise,KRR,T1,1.8598915245687095
BerkeleyDBC,twise,KRR,T2,5.377875679462246
BerkeleyDBC,twise,KRR,T3,2.332014199245203
BerkeleyDBC,twise,MR,T1,1.6138464390880782
BerkeleyDBC,twise,MR,T2,3.755322576757545
BerkeleyDBC,twise,MR,T3,0.1063746984167783
BerkeleyDBC,twise,RF,T1,1.568293947249107
BerkeleyDBC,twise,RF,T2,1.976418697852899
BerkeleyDBC,twise,RF,T3,0.122028228715279
BerkeleyDBC,twise,SVR,T1,0.9558339551733448
BerkeleyDBC,twise,SVR,T2,2.109905075600242
BerkeleyDBC,twise,SVR,T3,2.0559888236274104
BerkeleyDBC,twise,kNN,T1,1.1362310331739212
BerkeleyDBC,twise,kNN,T2,2.173169014005386
BerkeleyDBC,twise,kNN,T3,2.583657823364162
Dune,dbs,CART,T1,0.2135537290314051
Dune,dbs,CART,T2,0.19039988474682437
Dune,dbs,CART,T3,0.185741021730736
Dune,dbs,KRR,T1,0.20038007665179763
Dune,dbs,KRR,T2,0.186488677235376
Dune,dbs,KRR,T3,0.24624092997589467
Dune,dbs,MR,T1,0.19624433263023738
Dune,dbs,MR,T2,0.18934009931567894
Dune,dbs,MR,T3,0.2023665371219251
Dune,dbs,RF,T1,0.2042815689073084
Dune,dbs,RF,T2,0.1924984494644442
Dune,dbs,RF,T3,0.1850772409224577
Dune,dbs,SVR,T1,0.2248283035554363
Dune,dbs,SVR,T2,0.1966045235607856
Dune,dbs,SVR,T3,0.2297259425649213
Dune,dbs,kNN,T1,0.18521380024796769
Dune,dbs,kNN,T2,0.1897814479434535
Dune,dbs,kNN,T3,0.2549552009801473
Dune,ddbs,CART,T1,0.21710349646021496
Dune,ddbs,CART,T2,0.17077765329887337
Dune,ddbs,CART,T3,0.1512593926446531
Dune,ddbs,KRR,T1,0.19949243850576548
Dune,ddbs,KRR,T2,0.13985193383944336
Dune,ddbs,KRR,T3,0.134177286167834
Dune,ddbs,MR,T1,0.2097190818137592
Dune,ddbs,MR,T2,0.1385211930211978
Dune,ddbs,MR,T3,0.11595442965315851
Dune,ddbs,RF,T1,0.202506253210788
Dune,ddbs,RF,T2,0.1557510332116828
Dune,ddbs,RF,T3,0.13788775448346768
Dune,ddbs,SVR,T1,0.2160624525257465
Dune,ddbs,SVR,T2,0.1527412120480009
Dune,ddbs,SVR,T3,0.1167462960636968
Dune,ddbs,kNN,T1,0.20986451076673518
Dune,ddbs,kNN,T2,0.17693845589805182
Dune,ddbs,kNN,T3,0.16456107686936014
Dune,random,CART,T1,0.23543166595815979
Dune,random,CART,T2,0.16152151139560697
Dune,random,CART,T3,0.09319914417353578
Dune,random,KRR,T1,0.21353395078756665
Dune,random,KRR,T2,0.15939350234993296
Dune,random,KRR,T3,0.10404378896760294
Dune,random,MR,T1,0.2240887923715155
Dune,random,MR,T2,0.14628072160906538
Dune,random,MR,T3,0.10404679949597809
Dune,random,RF,T1,0.2186802584432103
Dune,random,RF,T2,0.15433022733973545
Dune,random,RF,T3,0.08944664395922003
Dune,random,SVR,T1,0.18326598616021733
Dune,random,SVR,T2,0.12903999448919087
Dune,random,SVR,T3,0.09147996105023867
Dune,random,kNN,T1,0.21409361431075558
Dune,random,kNN,T2,0.16470529293137973
Dune,random,kNN,T3,0.13225080697269104
Dune,rsbs,CART,T1,0.1934213463052629
Dune,rsbs,CART,T2,0.16126677584182095
Dune,rsbs,CART,T3,0.1482011126453181
Dune,rsbs,KRR,T1,0.1692615085916793
Dune,rsbs,KRR,T2,0.1413678681796893
Dune,rsbs,KRR,T3,0.12205327508273968
Dune,rsbs,MR,T1,0.17838761706062475
Dune,rsbs,MR,T2,0.15011315561757468
Dune,rsbs,MR,T3,0.13638511535632383
Dune,rsbs,RF,T1,0.17535341570292992
Dune,rsbs,RF,T2,0.15018228884872667
Dune,rsbs,RF,T3,0.14183712914440838
Dune,rsbs,SVR,T1,0.17904668133713664
Dune,rsbs,SVR,T2,0.14303299772882438
Dune,rsbs,SVR,T3,0.1256747754625705
Dune,rsbs,kNN,T1,0.17409385704585
Dune,rsbs,kNN,T2,0.1563627736002043
Dune,rsbs,kNN,T3,0.14949625305318465
Dune,sbs,CART,T1,0.2117881547703241
Dune,sbs,CART,T2,0.3104090479973345
Dune,sbs,CART,T3,0.1267792438271565
Dune,sbs,KRR,T1,0.1911323924197969
Dune,sbs,KRR,T2,0.3495417966671067
Dune,sbs,KRR,T3,0.1603400679007149
Dune,sbs,MR,T1,0.1715306649324029
Dune,sbs,MR,T2,0.3006874604549532
Dune,sbs,MR,T3,0.1377098336759118
Dune,sbs,RF,T1,0.181742316703715
Dune,sbs,RF,T2,0.2020264390991431
Dune,sbs,RF,T3,0.1936364075032384
Dune,sbs,SVR,T1,0.1720286278532648
Dune,sbs,SVR,T2,0.172921525279437
Dune,sbs,SVR,T3,0.1598167440118075
Dune,sbs,kNN,T1,0.1762694978865235
Dune,sbs,kNN,T2,0.1841213627009781
Dune,sbs,kNN,T3,0.1563702264340317
Dune,twise,CART,T1,0.175610520480141
Dune,twise,CART,T2,0.1476748563142136
Dune,twise,CART,T3,0.087012382887528
Dune,twise,KRR,T1,0.1532862562266169
Dune,twise,KRR,T2,0.1133102869540229
Dune,twise,KRR,T3,0.0900192840617341
Dune,twise,MR,T1,0.1788081067020408
Dune,twise,MR,T2,0.1495668943670633
Dune,twise,MR,T3,0.0977874090487075
Dune,twise,RF,T1,0.1701665567240319
Dune,twise,RF,T2,0.1349695061870409
Dune,twise,RF,T3,0.0881094652923795
Dune,twise,SVR,T1,0.1655181822503866
Dune,twise,SVR,T2,0.1168951157843463
Dune,twise,SVR,T3,0.0883690921432217
Dune,twise,kNN,T1,0.1747586428636178
Dune,twise,kNN,T2,0.1479543549030088
Dune,twise,kNN,T3,0.1266164952496525
Hippacc,dbs,CART,T1,0.49041527152173836
Hippacc,dbs,CART,T2,0.23674321399683293
Hippacc,dbs,CART,T3,0.10192908321271123
Hippacc,dbs,KRR,T1,0.33843692639552164
Hippacc,dbs,KRR,T2,0.2239492098973672
Hippacc,dbs,KRR,T3,0.0910295150450753
Hippacc,dbs,MR,T1,0.3620734396507808
Hippacc,dbs,MR,T2,0.18477165461694425
Hippacc,dbs,MR,T3,0.12248337651688736
Hippacc,dbs,RF,T1,0.3375507112462467
Hippacc,dbs,RF,T2,0.1947177964667695
Hippacc,dbs,RF,T3,0.09809404619183003
Hippacc,dbs,SVR,T1,0.29776961380583195
Hippacc,dbs,SVR,T2,0.18202497317460112
Hippacc,dbs,SVR,T3,0.113828491403547
Hippacc,dbs,kNN,T1,0.30168100824183497
Hippacc,dbs,kNN,T2,0.29695231819063683
Hippacc,dbs,kNN,T3,0.22282212123502262
Hippacc,ddbs,CART,T1,0.29916979380660214
Hippacc,ddbs,CART,T2,0.14611338403054297
Hippacc,ddbs,CART,T3,0.05667378990818627
Hippacc,ddbs,KRR,T1,0.3075106801413792
Hippacc,ddbs,KRR,T2,0.14592555819236144
Hippacc,ddbs,KRR,T3,0.06842153171090164
Hippacc,ddbs,MR,T1,0.2817188942253097
Hippacc,ddbs,MR,T2,0.11991057569970948
Hippacc,ddbs,MR,T3,0.09545614562794472
Hippacc,ddbs,RF,T1,0.28123332045227506
Hippacc,ddbs,RF,T2,0.12347958029487441
Hippacc,ddbs,RF,T3,0.05494639453477714
Hippacc,ddbs,SVR,T1,0.29648344627243917
Hippacc,ddbs,SVR,T2,0.1567106068654232
Hippacc,ddbs,SVR,T3,0.08907674553735515
Hippacc,ddbs,kNN,T1,0.3657794474701898
Hippacc,ddbs,kNN,T2,0.27201969782516683
Hippacc,ddbs,kNN,T3,0.21871507248636354
Hippacc,random,CART,T1,0.23563873628034696
Hippacc,random,CART,T2,0.10978494640004449
Hippacc,random,CART,T3,0.038572421584255785
Hippacc,random,KRR,T1,0.2491290687956283
Hippacc,random,KRR,T2,0.13003210388770367
Hippacc,random,KRR,T3,0.05775782919165701
Hippacc,random,MR,T1,0.23269398939148683
Hippacc,random,MR,T2,0.09835685026230749
Hippacc,random,MR,T3,0.08008374441550735
Hippacc,random,RF,T1,0.2129036228794514
Hippacc,random,RF,T2,0.10016020339928225
Hippacc,random,RF,T3,0.04106116782993548
Hippacc,random,SVR,T1,0.23821162064303592
Hippacc,random,SVR,T2,0.12800968682579542
Hippacc,random,SVR,T3,0.07596969384114206
Hippacc,random,kNN,T1,0.29302096251527465
Hippacc,random,kNN,T2,0.19097200868584438
Hippacc,random,kNN,T3,0.21871365832074577
Hippacc,rsbs,CART,T1,0.2350490471705024
Hippacc,rsbs,CART,T2,0.1402806238061963
Hippacc,rsbs,CART,T3,0.07548744354347005
Hippacc,rsbs,KRR,T1,0.22498690413428296
Hippacc,rsbs,KRR,T2,0.13862780338970968
Hippacc,rsbs,KRR,T3,0.06768260451849327
Hippacc,rsbs,MR,T1,0.2238094280107483
Hippacc,rsbs,MR,T2,0.12379835018103347
Hippacc,rsbs,MR,T3,0.10242053846209272
Hippacc,rsbs,RF,T1,0.1895305833122358
Hippacc,rsbs,RF,T2,0.11644589887374264
Hippacc,rsbs,RF,T3,0.0677919117534099
Hippacc,rsbs,SVR,T1,0.2197145662047394
Hippacc,rsbs,SVR,T2,0.1492077081763466
Hippacc,rsbs,SVR,T3,0.08874768656585012
Hippacc,rsbs,kNN,T1,0.2373992511284838
Hippacc,rsbs,kNN,T2,0.210096743705793
Hippacc,rsbs,kNN,T3,0.19296275247002245
Hippacc,sbs,CART,T1,0.2344360774864676
Hippacc,sbs,CART,T2,0.1624270837661554
Hippacc,sbs,CART,T3,0.0690768422935333
Hippacc,sbs,KRR,T1,0.2251622035795959
Hippacc,sbs,KRR,T2,0.164182982605554
Hippacc,sbs,KRR,T3,0.0656352574322321
Hippacc,sbs,MR,T1,0.2198040599000767
Hippacc,sbs,MR,T2,0.1970119720985484
Hippacc,sbs,MR,T3,0.1022688316141245
Hippacc,sbs,RF,T1,0.2375549971104408
Hippacc,sbs,RF,T2,0.1439583815459995
Hippacc,sbs,RF,T3,0.0742212827014142
Hippacc,sbs,SVR,T1,0.2385994306808698
Hippacc,sbs,SVR,T2,0.1826660839486844
Hippacc,sbs,SVR,T3,0.0973124193158639
Hippacc,sbs,kNN,T1,0.2586098367049186
Hippacc,sbs,kNN,T2,0.3290996632286057
Hippacc,sbs,kNN,T3,0.2109229286481735
Hippacc,twise,CART,T1,0.2454606397855928
Hippacc,twise,CART,T2,0.2363393955380923
Hippacc,twise,CART,T3,0.0932955691216332
Hippacc,twise,KRR,T1,0.2442786536383831
Hippacc,twise,KRR,T2,0.1581464472059752
Hippacc,twise,KRR,T3,0.0901844059313906
Hippacc,twise,MR,T1,0.2409101698463699
Hippacc,twise,MR,T2,0.1606668101088237
Hippacc,twise,MR,T3,0.0985842346928591
Hippacc,twise,RF,T1,0.2498105572088837
Hippacc,twise,RF,T2,0.1834606042244186
Hippacc,twise,RF,T3,0.0937081264936278
Hippacc,twise,SVR,T1,0.246177709857856
Hippacc,twise,SVR,T2,0.1446531320647205
Hippacc,twise,SVR,T3,0.1024190923174121
Hippacc,twise,kNN,T1,0.2632667724023355
Hippacc,twise,kNN,T2,0.2055868576346544
Hippacc,twise,kNN,T3,0.2061178052817112
Irzip,dbs,CART,T1,1.4157328376397873
Irzip,dbs,CART,T2,0.45889597873297483
Irzip,dbs,CART,T3,0.19757406883547776
Irzip,dbs,KRR,T1,2.4999084050020537
Irzip,dbs,KRR,T2,0.763781909459409
Irzip,dbs,KRR,T3,1.3281228707285442
Irzip,dbs,MR,T1,0.7871063063473761
Irzip,dbs,MR,T2,0.36716919914059054
Irzip,dbs,MR,T3,0.3293648191633899
Irzip,dbs,RF,T1,2.0474258592652474
Irzip,dbs,RF,T2,0.568165022279048
Irzip,dbs,RF,T3,0.3831851341775313
Irzip,dbs,SVR,T1,1.6883349823587266
Irzip,dbs,SVR,T2,1.3920652288005806
Irzip,dbs,SVR,T3,1.2484375485045411
Irzip,dbs,kNN,T1,2.540374904885266
Irzip,dbs,kNN,T2,1.4505898167917075
Irzip,dbs,kNN,T3,1.1748456984793192
Irzip,ddbs,CART,T1,2.8099254636899547
Irzip,ddbs,CART,T2,0.6839415989448518
Irzip,ddbs,CART,T3,0.600611695694126
Irzip,ddbs,KRR,T1,3.7403803552270904
Irzip,ddbs,KRR,T2,1.1900930573694848
Irzip,ddbs,KRR,T3,1.168660208726974
Irzip,ddbs,MR,T1,1.3230502316791504
Irzip,ddbs,MR,T2,0.6745764326389164
Irzip,ddbs,MR,T3,0.46256059457146803
Irzip,ddbs,RF,T1,2.8447544841435466
Irzip,ddbs,RF,T2,1.0549473024205065
Irzip,ddbs,RF,T3,0.6398918608959674
Irzip,ddbs,SVR,T1,2.099378729220253
Irzip,ddbs,SVR,T2,1.350660341857477
Irzip,ddbs,SVR,T3,1.0675821902087963
Irzip,ddbs,kNN,T1,3.095809299235981
Irzip,ddbs,kNN,T2,1.5139710869068717
Irzip,ddbs,kNN,T3,1.1349816849472303
Irzip,random,CART,T1,2.259024741964751
Irzip,random,CART,T2,0.22206930228982266
Irzip,random,CART,T3,0.08410492722625279
Irzip,random,KRR,T1,3.930175407685094
Irzip,random,KRR,T2,2.4807798248758397
Irzip,random,KRR,T3,1.8005736290120204
Irzip,random,MR,T1,1.6264303677046235
Irzip,random,MR,T2,0.5855892159338578
Irzip,random,MR,T3,0.2629414644965394
Irzip,random,RF,T1,3.6102435552322287
Irzip,random,RF,T2,0.4872792370789172
Irzip,random,RF,T3,0.15087077146581196
Irzip,random,SVR,T1,2.3177743226422978
Irzip,random,SVR,T2,1.589121181617634
Irzip,random,SVR,T3,1.4257771161026604
Irzip,random,kNN,T1,4.0241944917239385
Irzip,random,kNN,T2,2.3481006797363837
Irzip,random,kNN,T3,1.6398242214568244
Irzip,rsbs,CART,T1,6.2498810573955526
Irzip,rsbs,CART,T2,0.7666071604319166
Irzip,rsbs,CART,T3,0.7392855388182137
Irzip,rsbs,KRR,T1,8.870229415739738
Irzip,rsbs,KRR,T2,3.372746283535357
Irzip,rsbs,KRR,T3,3.522725207702085
Irzip,rsbs,MR,T1,4.72827606667063
Irzip,rsbs,MR,T2,1.1759730208466759
Irzip,rsbs,MR,T3,1.5476329735299423
Irzip,rsbs,RF,T1,13.659896105403197
Irzip,rsbs,RF,T2,0.7630265184350157
Irzip,rsbs,RF,T3,0.8137367589431439
Irzip,rsbs,SVR,T1,11.127020515830962
Irzip,rsbs,SVR,T2,2.3475512000565995
Irzip,rsbs,SVR,T3,2.2525599681993564
Irzip,rsbs,kNN,T1,18.01968246373551
Irzip,rsbs,kNN,T2,6.075537093819044
Irzip,rsbs,kNN,T3,1.930525060390497
Irzip,sbs,CART,T1,0.8843745090327132
Irzip,sbs,CART,T2,1.8272035736330836
Irzip,sbs,CART,T3,0.2133475290092292
Irzip,sbs,KRR,T1,0.5322954411284152
Irzip,sbs,KRR,T2,1.9488870147338504
Irzip,sbs,KRR,T3,0.7564636199837708
Irzip,sbs,MR,T1,0.498332934423694
Irzip,sbs,MR,T2,1.627377376951499
Irzip,sbs,MR,T3,0.3096734805200259
Irzip,sbs,RF,T1,0.5606783884433281
Irzip,sbs,RF,T2,2.637263929918385
Irzip,sbs,RF,T3,0.2241617495486043
Irzip,sbs,SVR,T1,0.5597100550627384
Irzip,sbs,SVR,T2,1.550967941928309
Irzip,sbs,SVR,T3,0.7663225365505311
Irzip,sbs,kNN,T1,0.5559544028511755
Irzip,sbs,kNN,T2,1.432266887672649
Irzip,sbs,kNN,T3,0.9096141344319592
Irzip,twise,CART,T1,1.0467361880202737
Irzip,twise,CART,T2,0.4123156483021531
Irzip,twise,CART,T3,0.0210836443341483
Irzip,twise,KRR,T1,14.030458157465931
Irzip,twise,KRR,T2,3.780425885046736
Irzip,twise,KRR,T3,1.2555227058730674
Irzip,twise,MR,T1,1.0743475365513977
Irzip,twise,MR,T2,0.4192568758852683
Irzip,twise,MR,T3,0.1742909859120593
Irzip,twise,RF,T1,4.644467028810575
Irzip,twise,RF,T2,0.4321879224504657
Irzip,twise,RF,T3,0.0714456816549097
Irzip,twise,SVR,T1,4.866236290791722
Irzip,twise,SVR,T2,1.5854515505011042
Irzip,twise,SVR,T3,1.297847400634218
Irzip,twise,kNN,T1,4.426735463439449
Irzip,twise,kNN,T2,2.1748485566763542
Irzip,twise,kNN,T3,1.462144342177389
JavaGC,dbs,CART,T1,1.8736314795922966
JavaGC,dbs,CART,T2,0.5051854964150008
JavaGC,dbs,CART,T3,0.42351407231802396
JavaGC,dbs,KRR,T1,1.7882735015061209
JavaGC,dbs,KRR,T2,1.025014176066923
JavaGC,dbs,KRR,T3,1.1665381609184307
JavaGC,dbs,MR,T1,1.6575841268760303
JavaGC,dbs,MR,T2,0.8834821680008595
JavaGC,dbs,MR,T3,0.8029948431536679
JavaGC,dbs,RF,T1,1.4635755420424388
JavaGC,dbs,RF,T2,0.54501970840698
JavaGC,dbs,RF,T3,0.47354219538816444
JavaGC,dbs,SVR,T1,1.689452004461007
JavaGC,dbs,SVR,T2,1.3746353941945346
JavaGC,dbs,SVR,T3,1.3206631957327035
JavaGC,dbs,kNN,T1,1.5665408720033576
JavaGC,dbs,kNN,T2,1.186877514004281
JavaGC,dbs,kNN,T3,1.163511974338594
JavaGC,ddbs,CART,T1,1.4753261678507237
JavaGC,ddbs,CART,T2,0.3496038497762644
JavaGC,ddbs,CART,T3,0.14944860214750333
JavaGC,ddbs,KRR,T1,1.35518287627244
JavaGC,ddbs,KRR,T2,0.8616584566368358
JavaGC,ddbs,KRR,T3,0.8640864756612784
JavaGC,ddbs,MR,T1,1.3311908664127383
JavaGC,ddbs,MR,T2,0.5611624915626848
JavaGC,ddbs,MR,T3,0.265727007262149
JavaGC,ddbs,RF,T1,1.2143876854048097
JavaGC,ddbs,RF,T2,0.5740575306864727
JavaGC,ddbs,RF,T3,0.14558190517409994
JavaGC,ddbs,SVR,T1,1.077506870989623
JavaGC,ddbs,SVR,T2,1.0538471203895614
JavaGC,ddbs,SVR,T3,0.9463463933897404
JavaGC,ddbs,kNN,T1,1.2560887974959987
JavaGC,ddbs,kNN,T2,1.0539428833735809
JavaGC,ddbs,kNN,T3,1.000049251635366
JavaGC,random,CART,T1,1.1563838341403956
JavaGC,random,CART,T2,0.29717369620226597
JavaGC,random,CART,T3,0.09623500851233598
JavaGC,random,KRR,T1,1.0107038058297788
JavaGC,random,KRR,T2,0.7529505064651785
JavaGC,random,KRR,T3,0.5536783814758477
JavaGC,random,MR,T1,0.9908025310996829
JavaGC,random,MR,T2,0.41217704819140316
JavaGC,random,MR,T3,0.21895759576110327
JavaGC,random,RF,T1,1.0487201831719222
JavaGC,random,RF,T2,0.508375540449202
JavaGC,random,RF,T3,0.09260812973721318
JavaGC,random,SVR,T1,0.6894855906434464
JavaGC,random,SVR,T2,0.6081510396238707
JavaGC,random,SVR,T3,0.47217885589221903
JavaGC,random,kNN,T1,1.0418515865574205
JavaGC,random,kNN,T2,0.880187483392031
JavaGC,random,kNN,T3,0.7303095484262306
JavaGC,rsbs,CART,T1,1.090759380582692
JavaGC,rsbs,CART,T2,0.4291466962289326
JavaGC,rsbs,CART,T3,0.1607482388900619
JavaGC,rsbs,KRR,T1,1.0146460786071907
JavaGC,rsbs,KRR,T2,0.7598181042847024
JavaGC,rsbs,KRR,T3,0.6254779003972473
JavaGC,rsbs,MR,T1,0.9576368167811699
JavaGC,rsbs,MR,T2,0.5327029785746832
JavaGC,rsbs,MR,T3,0.34914421305509924
JavaGC,rsbs,RF,T1,1.0234594290183565
JavaGC,rsbs,RF,T2,0.5187809436000175
JavaGC,rsbs,RF,T3,0.1831644727093808
JavaGC,rsbs,SVR,T1,0.7984441027304057
JavaGC,rsbs,SVR,T2,0.6736291078631844
JavaGC,rsbs,SVR,T3,0.5900120816643238
JavaGC,rsbs,kNN,T1,1.0201067906828016
JavaGC,rsbs,kNN,T2,0.9055354951005765
JavaGC,rsbs,kNN,T3,0.8216892804324866
JavaGC,sbs,CART,T1,0.5035009515262924
JavaGC,sbs,CART,T2,0.4021856926692861
JavaGC,sbs,CART,T3,0.2325691149302993
JavaGC,sbs,KRR,T1,0.4428982165709871
JavaGC,sbs,KRR,T2,1.0540299417658885
JavaGC,sbs,KRR,T3,0.7760300687156884
JavaGC,sbs,MR,T1,0.4560606797253653
JavaGC,sbs,MR,T2,0.4833387905578576
JavaGC,sbs,MR,T3,0.2349984501691759
JavaGC,sbs,RF,T1,0.4592657146583176
JavaGC,sbs,RF,T2,0.3001069495891724
JavaGC,sbs,RF,T3,0.1920513328406306
JavaGC,sbs,SVR,T1,0.4349084193139231
JavaGC,sbs,SVR,T2,0.7532968483288658
JavaGC,sbs,SVR,T3,0.6345398862459734
JavaGC,sbs,kNN,T1,0.451269795189803
JavaGC,sbs,kNN,T2,0.7271339003343655
JavaGC,sbs,kNN,T3,0.6799821375950079
JavaGC,twise,CART,T1,0.5029209743791396
JavaGC,twise,CART,T2,1.0552816899215312
JavaGC,twise,CART,T3,0.1182301258500561
JavaGC,twise,KRR,T1,0.5736687131806544
JavaGC,twise,KRR,T2,0.8600633006689142
JavaGC,twise,KRR,T3,0.5409364476291088
JavaGC,twise,MR,T1,0.6165325973650423
JavaGC,twise,MR,T2,0.7999531319356071
JavaGC,twise,MR,T3,0.2504846064687708
JavaGC,twise,RF,T1,0.5162950388797029
JavaGC,twise,RF,T2,0.7750507620152882
JavaGC,twise,RF,T3,0.1156287363979571
JavaGC,twise,SVR,T1,0.5301413489433474
JavaGC,twise,SVR,T2,0.4954893547997637
JavaGC,twise,SVR,T3,0.4374461176383198
JavaGC,twise,kNN,T1,0.4829246732711002
JavaGC,twise,kNN,T2,0.6284434898283104
JavaGC,twise,kNN,T3,0.5637606482693944
LLVM,dbs,CART,T1,0.10365903802952907
LLVM,dbs,CART,T2,0.09163922777345791
LLVM,dbs,CART,T3,0.07164146086865085
LLVM,dbs,KRR,T1,0.08428555231428833
LLVM,dbs,KRR,T2,0.05190474780565269
LLVM,dbs,KRR,T3,0.0549940815969435
LLVM,dbs,MR,T1,0.0877743678084696
LLVM,dbs,MR,T2,0.055776842520515395
LLVM,dbs,MR,T3,0.05552588670609083
LLVM,dbs,RF,T1,0.0841919940665098
LLVM,dbs,RF,T2,0.07454925870024916
LLVM,dbs,RF,T3,0.049634702273753516
LLVM,dbs,SVR,T1,0.08531247203144753
LLVM,dbs,SVR,T2,0.05819547977880341
LLVM,dbs,SVR,T3,0.04791778418487404
LLVM,dbs,kNN,T1,0.09538186022483101
LLVM,dbs,kNN,T2,0.06842128348387515
LLVM,dbs,kNN,T3,0.05996628045732792
LLVM,ddbs,CART,T1,0.09867858101238115
LLVM,ddbs,CART,T2,0.08180315181257748
LLVM,ddbs,CART,T3,0.06385157834599094
LLVM,ddbs,KRR,T1,0.07943053961494599
LLVM,ddbs,KRR,T2,0.07244597796951217
LLVM,ddbs,KRR,T3,0.060824715444467714
LLVM,ddbs,MR,T1,0.08295663215081304
LLVM,ddbs,MR,T2,0.06512941720114075
LLVM,ddbs,MR,T3,0.06618658321827507
LLVM,ddbs,RF,T1,0.07981567329241136
LLVM,ddbs,RF,T2,0.06263249751294915
LLVM,ddbs,RF,T3,0.04514829965079097
LLVM,ddbs,SVR,T1,0.0807101549745413
LLVM,ddbs,SVR,T2,0.053385581643486654
LLVM,ddbs,SVR,T3,0.04452710085367971
LLVM,ddbs,kNN,T1,0.08971125716249195
LLVM,ddbs,kNN,T2,0.05817794890710552
LLVM,ddbs,kNN,T3,0.050889033371825286
LLVM,random,CART,T1,0.08405265255091456
LLVM,random,CART,T2,0.06592451365704363
LLVM,random,CART,T3,0.04874182032582316
LLVM,random,KRR,T1,0.07161766004368712
LLVM,random,KRR,T2,0.054528077967022116
LLVM,random,KRR,T3,0.03757620090266235
LLVM,random,MR,T1,0.07326318441752486
LLVM,random,MR,T2,0.04890049563795684
LLVM,random,MR,T3,0.04038930965274495
LLVM,random,RF,T1,0.07180630519759
LLVM,random,RF,T2,0.0593234628018599
LLVM,random,RF,T3,0.04315527399643312
LLVM,random,SVR,T1,0.07189606003580859
LLVM,random,SVR,T2,0.054299999962909073
LLVM,random,SVR,T3,0.04594589255548412
LLVM,random,kNN,T1,0.07877411025356487
LLVM,random,kNN,T2,0.05604509807038343
LLVM,random,kNN,T3,0.05033118046183376
LLVM,rsbs,CART,T1,0.08237539927749006
LLVM,rsbs,CART,T2,0.06427510687644877
LLVM,rsbs,CART,T3,0.048208560992027326
LLVM,rsbs,KRR,T1,0.07126821809076102
LLVM,rsbs,KRR,T2,0.050769999012908504
LLVM,rsbs,KRR,T3,0.03721074537426952
LLVM,rsbs,MR,T1,0.07255273556433259
LLVM,rsbs,MR,T2,0.04816859424947702
LLVM,rsbs,MR,T3,0.04047740416589695
LLVM,rsbs,RF,T1,0.07116355418379758
LLVM,rsbs,RF,T2,0.05933459860468743
LLVM,rsbs,RF,T3,0.04244899538853525
LLVM,rsbs,SVR,T1,0.07118458937182795
LLVM,rsbs,SVR,T2,0.05457566748542063
LLVM,rsbs,SVR,T3,0.046749992273829886
LLVM,rsbs,kNN,T1,0.07629744343414196
LLVM,rsbs,kNN,T2,0.05659193312313315
LLVM,rsbs,kNN,T3,0.05120336405578001
LLVM,sbs,CART,T1,0.1141207597474968
LLVM,sbs,CART,T2,0.0566923368011826
LLVM,sbs,CART,T3,0.0714007903403082
LLVM,sbs,KRR,T1,0.1141631126336187
LLVM,sbs,KRR,T2,0.0522938128493867
LLVM,sbs,KRR,T3,0.0426660300722479
LLVM,sbs,MR,T1,0.1137898207934835
LLVM,sbs,MR,T2,0.0520496839059043
LLVM,sbs,MR,T3,0.0476950369228989
LLVM,sbs,RF,T1,0.1141675426055865
LLVM,sbs,RF,T2,0.0625448677755235
LLVM,sbs,RF,T3,0.047509788525062
LLVM,sbs,SVR,T1,0.113815247375787
LLVM,sbs,SVR,T2,0.0591325351881854
LLVM,sbs,SVR,T3,0.0528058241499816
LLVM,sbs,kNN,T1,0.1141207597474968
LLVM,sbs,kNN,T2,0.0589522218439895
LLVM,sbs,kNN,T3,0.0526142982275694
LLVM,twise,CART,T1,0.0980030806989157
LLVM,twise,CART,T2,0.0590035002763492
LLVM,twise,CART,T3,0.0433094845216448
LLVM,twise,KRR,T1,0.053452499516349
LLVM,twise,KRR,T2,0.0398256053950251
LLVM,twise,KRR,T3,0.0285544767881171
LLVM,twise,MR,T1,0.0625689330649046
LLVM,twise,MR,T2,0.0411745787146499
LLVM,twise,MR,T3,0.0308224939903949
LLVM,twise,RF,T1,0.0569186072960244
LLVM,twise,RF,T2,0.0572110080010373
LLVM,twise,RF,T3,0.0374276597656304
LLVM,twise,SVR,T1,0.0549665512271874
LLVM,twise,SVR,T2,0.0475777875782144
LLVM,twise,SVR,T3,0.040768047302341
LLVM,twise,kNN,T1,0.0727354063365645
LLVM,twise,kNN,T2,0.050596860330905
LLVM,twise,kNN,T3,0.0481621900053217
Polly,dbs,CART,T1,0.4670604340339284
Polly,dbs,CART,T2,0.26275610266440824
Polly,dbs,CART,T3,0.3042494501799689
Polly,dbs,KRR,T1,0.31202044231296616
Polly,dbs,KRR,T2,0.2830270041131333
Polly,dbs,KRR,T3,0.21588964262589663
Polly,dbs,MR,T1,0.3487897126718705
Polly,dbs,MR,T2,0.2994116027442351
Polly,dbs,MR,T3,0.23815643670747558
Polly,dbs,RF,T1,0.32263578529873854
Polly,dbs,RF,T2,0.2876438798704947
Polly,dbs,RF,T3,0.28840996583819634
Polly,dbs,SVR,T1,0.3133554243705381
Polly,dbs,SVR,T2,0.29377169733165887
Polly,dbs,SVR,T3,0.22953118965787261
Polly,dbs,kNN,T1,0.3088211802036848
Polly,dbs,kNN,T2,0.2725401679282467
Polly,dbs,kNN,T3,0.23184103532302444
Polly,ddbs,CART,T1,0.38262482773969353
Polly,ddbs,CART,T2,0.22183180808850317
Polly,ddbs,CART,T3,0.039545387253749856
Polly,ddbs,KRR,T1,0.33975458402622877
Polly,ddbs,KRR,T2,0.2669263238247006
Polly,ddbs,KRR,T3,0.13749721899118328
Polly,ddbs,MR,T1,0.35574335840941407
Polly,ddbs,MR,T2,0.21250205035496336
Polly,ddbs,MR,T3,0.12376478985845253
Polly,ddbs,RF,T1,0.3606352204644748
Polly,ddbs,RF,T2,0.2840866004711622
Polly,ddbs,RF,T3,0.04976777752701824
Polly,ddbs,SVR,T1,0.35563216368992784
Polly,ddbs,SVR,T2,0.27628497034357047
Polly,ddbs,SVR,T3,0.14787926777279065
Polly,ddbs,kNN,T1,0.3557928803322163
Polly,ddbs,kNN,T2,0.29303579990839973
Polly,ddbs,kNN,T3,0.21318689352039788
Polly,random,CART,T1,0.3430372716052918
Polly,random,CART,T2,0.19335026134822364
Polly,random,CART,T3,0.03837690143841174
Polly,random,KRR,T1,0.30947552224901076
Polly,random,KRR,T2,0.25711920269331884
Polly,random,KRR,T3,0.15101922924253464
Polly,random,MR,T1,0.3180924325209142
Polly,random,MR,T2,0.23748967233272808
Polly,random,MR,T3,0.13127365422477977
Polly,random,RF,T1,0.31684951009548795
Polly,random,RF,T2,0.2640577376035498
Polly,random,RF,T3,0.04175594003322125
Polly,random,SVR,T1,0.3088436134966951
Polly,random,SVR,T2,0.28729322102661287
Polly,random,SVR,T3,0.16093976275942976
Polly,random,kNN,T1,0.30883477475498844
Polly,random,kNN,T2,0.26556272344590126
Polly,random,kNN,T3,0.20371590392732655
Polly,rsbs,CART,T1,0.33704958698760756
Polly,rsbs,CART,T2,0.20892362944938767
Polly,rsbs,CART,T3,0.04038791667206995
Polly,rsbs,KRR,T1,0.3098267981198021
Polly,rsbs,KRR,T2,0.25531614849888123
Polly,rsbs,KRR,T3,0.14252137522987984
Polly,rsbs,MR,T1,0.32090686645728844
Polly,rsbs,MR,T2,0.23827657536880698
Polly,rsbs,MR,T3,0.13062365586950303
Polly,rsbs,RF,T1,0.3197171361920018
Polly,rsbs,RF,T2,0.2631511888383777
Polly,rsbs,RF,T3,0.04181289069945593
Polly,rsbs,SVR,T1,0.31106098666493287
Polly,rsbs,SVR,T2,0.28564550122621446
Polly,rsbs,SVR,T3,0.15920344473636563
Polly,rsbs,kNN,T1,0.3109880291563771
Polly,rsbs,kNN,T2,0.2611130750230637
Polly,rsbs,kNN,T3,0.18837781629909828
Polly,sbs,CART,T1,0.3065725669049874
Polly,sbs,CART,T2,0.2786557196020317
Polly,sbs,CART,T3,0.048163870516339
Polly,sbs,KRR,T1,0.3084058413765934
Polly,sbs,KRR,T2,0.2691972006851736
Polly,sbs,KRR,T3,0.1511892002931158
Polly,sbs,MR,T1,0.3033738689640009
Polly,sbs,MR,T2,0.2968693662956191
Polly,sbs,MR,T3,0.1447815107165279
Polly,sbs,RF,T1,0.3047962743350776
Polly,sbs,RF,T2,0.2908374673486006
Polly,sbs,RF,T3,0.0820944223617067
Polly,sbs,SVR,T1,0.3060244682752912
Polly,sbs,SVR,T2,0.3012804470334158
Polly,sbs,SVR,T3,0.170632434096127
Polly,sbs,kNN,T1,0.304564634210002
Polly,sbs,kNN,T2,0.2803938359850342
Polly,sbs,kNN,T3,0.2091268365506259
Polly,twise,CART,T1,0.4437202812068461
Polly,twise,CART,T2,0.2126656906912244
Polly,twise,CART,T3,0.0301090486692104
Polly,twise,KRR,T1,0.4524289132774742
Polly,twise,KRR,T2,0.2753413686867343
Polly,twise,KRR,T3,0.1336161490517812
Polly,twise,MR,T1,0.4042861762781825
Polly,twise,MR,T2,0.1831194279762131
Polly,twise,MR,T3,0.1097907886340196
Polly,twise,RF,T1,0.5363238785278128
Polly,twise,RF,T2,0.2240249734011532
Polly,twise,RF,T3,0.0403690331459222
Polly,twise,SVR,T1,0.6538339464318742
Polly,twise,SVR,T2,0.3099721545313429
Polly,twise,SVR,T3,0.1438004170885927
Polly,twise,kNN,T1,0.561010581750204
Polly,twise,kNN,T2,0.3523741996360886
Polly,twise,kNN,T3,0.2507133036992569
VP9,dbs,CART,T1,3.888675878117611
VP9,dbs,CART,T2,3.851306763235482
VP9,dbs,CART,T3,1.5179685832856733
VP9,dbs,KRR,T1,5.912824510660689
VP9,dbs,KRR,T2,4.7990877323861065
VP9,dbs,KRR,T3,2.923588795276489
VP9,dbs,MR,T1,5.973018945846228
VP9,dbs,MR,T2,4.732070686564381
VP9,dbs,MR,T3,2.357890607144918
VP9,dbs,RF,T1,4.04119006184341
VP9,dbs,RF,T2,4.086027336834132
VP9,dbs,RF,T3,1.5745886910622549
VP9,dbs,SVR,T1,5.150148654991374
VP9,dbs,SVR,T2,4.922842103794507
VP9,dbs,SVR,T3,4.549149944227375
VP9,dbs,kNN,T1,4.799675792389464
VP9,dbs,kNN,T2,3.5828050249296997
VP9,dbs,kNN,T3,2.7003232882525285
VP9,ddbs,CART,T1,3.1956577235504398
VP9,ddbs,CART,T2,0.7338301114353979
VP9,ddbs,CART,T3,0.1955565197868672
VP9,ddbs,KRR,T1,3.400232681332534
VP9,ddbs,KRR,T2,2.291251412189688
VP9,ddbs,KRR,T3,1.07053982769668
VP9,ddbs,MR,T1,3.6268884974466995
VP9,ddbs,MR,T2,1.115891277081807
VP9,ddbs,MR,T3,0.5294177118053974
VP9,ddbs,RF,T1,2.833866729290684
VP9,ddbs,RF,T2,1.2401135255542828
VP9,ddbs,RF,T3,0.2143040527126264
VP9,ddbs,SVR,T1,2.382598093679012
VP9,ddbs,SVR,T2,1.9702876800168974
VP9,ddbs,SVR,T3,1.7273128333073924
VP9,ddbs,kNN,T1,2.85578608925737
VP9,ddbs,kNN,T2,2.491611536281987
VP9,ddbs,kNN,T3,1.9886438042225691
VP9,random,CART,T1,4.451157864774772
VP9,random,CART,T2,0.9085899636225178
VP9,random,CART,T3,0.11318455331283164
VP9,random,KRR,T1,4.372357840638676
VP9,random,KRR,T2,2.3333107650949048
VP9,random,KRR,T3,1.0837848218137782
VP9,random,MR,T1,3.9468751566646443
VP9,random,MR,T2,1.1976691034044797
VP9,random,MR,T3,0.4751851378306356
VP9,random,RF,T1,4.143780174702555
VP9,random,RF,T2,1.3040536136279965
VP9,random,RF,T3,0.1496207327577123
VP9,random,SVR,T1,3.6324192066192533
VP9,random,SVR,T2,2.504058221209742
VP9,random,SVR,T3,1.2467544567297941
VP9,random,kNN,T1,4.301212510161133
VP9,random,kNN,T2,4.0658774824307695
VP9,random,kNN,T3,3.0195680244793293
VP9,rsbs,CART,T1,2.9415763059997087
VP9,rsbs,CART,T2,0.6251128782322232
VP9,rsbs,CART,T3,0.17760491790076524
VP9,rsbs,KRR,T1,2.566196729482348
VP9,rsbs,KRR,T2,1.7310657883183094
VP9,rsbs,KRR,T3,0.7292740676255619
VP9,rsbs,MR,T1,2.3812322484540456
VP9,rsbs,MR,T2,0.9284227390776867
VP9,rsbs,MR,T3,0.3584490191773763
VP9,rsbs,RF,T1,2.523996100438273
VP9,rsbs,RF,T2,0.9229770325462741
VP9,rsbs,RF,T3,0.2210279162721477
VP9,rsbs,SVR,T1,1.9793104379307613
VP9,rsbs,SVR,T2,1.4351087665256466
VP9,rsbs,SVR,T3,0.8843901563188319
VP9,rsbs,kNN,T1,2.442326100052897
VP9,rsbs,kNN,T2,2.048480617162197
VP9,rsbs,kNN,T3,1.2566866376996897
VP9,sbs,CART,T1,6.5632727900055645
VP9,sbs,CART,T2,0.4172764705235409
VP9,sbs,CART,T3,0.2242534173957216
VP9,sbs,KRR,T1,5.990906395575331
VP9,sbs,KRR,T2,2.5205974347223923
VP9,sbs,KRR,T3,1.117906920389621
VP9,sbs,MR,T1,1.9550436305511207
VP9,sbs,MR,T2,0.5694001312253248
VP9,sbs,MR,T3,0.3198620068613361
VP9,sbs,RF,T1,3.010559816320378
VP9,sbs,RF,T2,0.415991734000399
VP9,sbs,RF,T3,0.3849447715704636
VP9,sbs,SVR,T1,8.511123689888482
VP9,sbs,SVR,T2,4.741181262765317
VP9,sbs,SVR,T3,1.3061111943110186
VP9,sbs,kNN,T1,6.630212499465467
VP9,sbs,kNN,T2,5.474096327844405
VP9,sbs,kNN,T3,1.9974344373013857
VP9,twise,CART,T1,4.8266308600902414
VP9,twise,CART,T2,1.3510650888256612
VP9,twise,CART,T3,0.1308005837948161
VP9,twise,KRR,T1,3.952346297127989
VP9,twise,KRR,T2,1.4784253523898152
VP9,twise,KRR,T3,0.9723151471030484
VP9,twise,MR,T1,4.86479688363787
VP9,twise,MR,T2,0.8326951298453593
VP9,twise,MR,T3,0.4644124154599137
VP9,twise,RF,T1,3.443032078183512
VP9,twise,RF,T2,1.0592317998777392
VP9,twise,RF,T3,0.1751300975615628
VP9,twise,SVR,T1,2.6806616253911706
VP9,twise,SVR,T2,1.733819516567957
VP9,twise,SVR,T3,1.132517220106689
VP9,twise,kNN,T1,4.692661283720518
VP9,twise,kNN,T2,3.1545972512277727
VP9,twise,kNN,T3,2.2678738232225
x264,dbs,CART,T1,0.33737588142725194
x264,dbs,CART,T2,0.21766578596138672
x264,dbs,CART,T3,0.08337680127569796
x264,dbs,KRR,T1,0.294615888565144
x264,dbs,KRR,T2,0.11198131292691553
x264,dbs,KRR,T3,0.10454809721316695
x264,dbs,MR,T1,0.3268850894135107
x264,dbs,MR,T2,0.12417648750751148
x264,dbs,MR,T3,0.0721088208468747
x264,dbs,RF,T1,0.2931562176143742
x264,dbs,RF,T2,0.1604674149756299
x264,dbs,RF,T3,0.07835619532387701
x264,dbs,SVR,T1,0.31481414801626584
x264,dbs,SVR,T2,0.22744124306099636
x264,dbs,SVR,T3,0.1716006182408788
x264,dbs,kNN,T1,0.3037471752600627
x264,dbs,kNN,T2,0.2715680719693258
x264,dbs,kNN,T3,0.2381443111402699
x264,ddbs,CART,T1,0.34562301124733535
x264,ddbs,CART,T2,0.12476593071332692
x264,ddbs,CART,T3,0.07893619294271549
x264,ddbs,KRR,T1,0.2951942656636221
x264,ddbs,KRR,T2,0.12325533946214236
x264,ddbs,KRR,T3,0.09210603763743638
x264,ddbs,MR,T1,0.33382071159799026
x264,ddbs,MR,T2,0.11223004023785878
x264,ddbs,MR,T3,0.07557644975970146
x264,ddbs,RF,T1,0.29716266806564007
x264,ddbs,RF,T2,0.1454145804870101
x264,ddbs,RF,T3,0.07902696666532703
x264,ddbs,SVR,T1,0.31821417090788323
x264,ddbs,SVR,T2,0.210210640393252
x264,ddbs,SVR,T3,0.15639009683155927
x264,ddbs,kNN,T1,0.30419372936312883
x264,ddbs,kNN,T2,0.24020107558422166
x264,ddbs,kNN,T3,0.19569520746609725
x264,random,CART,T1,0.41336345854341766
x264,random,CART,T2,0.11935670784022596
x264,random,CART,T3,0.07917876690757862
x264,random,KRR,T1,0.3348413178801772
x264,random,KRR,T2,0.14380800489384404
x264,random,KRR,T3,0.0860319769990901
x264,random,MR,T1,0.38312332383202796
x264,random,MR,T2,0.12404095438010207
x264,random,MR,T3,0.07656830112830136
x264,random,RF,T1,0.33892555644809413
x264,random,RF,T2,0.17332532097416947
x264,random,RF,T3,0.07610406844695071
x264,random,SVR,T1,0.36080219409918163
x264,random,SVR,T2,0.23065040602233242
x264,random,SVR,T3,0.15555494261750766
x264,random,kNN,T1,0.35048960424061043
x264,random,kNN,T2,0.2739407146556723
x264,random,kNN,T3,0.2162088126789179
x264,rsbs,CART,T1,0.4296232367477404
x264,rsbs,CART,T2,0.13813446664793494
x264,rsbs,CART,T3,0.07724267576293163
x264,rsbs,KRR,T1,0.36843447084812686
x264,rsbs,KRR,T2,0.14976530125120527
x264,rsbs,KRR,T3,0.08900672464889597
x264,rsbs,MR,T1,0.4183025969343228
x264,rsbs,MR,T2,0.1359813158158599
x264,rsbs,MR,T3,0.07712121805527816
x264,rsbs,RF,T1,0.371180260290938
x264,rsbs,RF,T2,0.1880977852334496
x264,rsbs,RF,T3,0.07657036563608793
x264,rsbs,SVR,T1,0.3983839119007741
x264,rsbs,SVR,T2,0.25172071031251925
x264,rsbs,SVR,T3,0.16809621351675788
x264,rsbs,kNN,T1,0.3860835411812334
x264,rsbs,kNN,T2,0.30900611067749273
x264,rsbs,kNN,T3,0.24946615374066602
x264,sbs,CART,T1,0.3561206218092671
x264,sbs,CART,T2,0.3299092471073671
x264,sbs,CART,T3,0.1824836903849793
x264,sbs,KRR,T1,0.3595730663771274
x264,sbs,KRR,T2,0.3287610223122741
x264,sbs,KRR,T3,0.0827713671388275
x264,sbs,MR,T1,0.358863968915933
x264,sbs,MR,T2,0.3289098745901511
x264,sbs,MR,T3,0.1251807968520648
x264,sbs,RF,T1,0.3585128323750666
x264,sbs,RF,T2,0.3376455419873573
x264,sbs,RF,T3,0.0762715371832492
x264,sbs,SVR,T1,0.3618445967969926
x264,sbs,SVR,T2,0.3332982271436884
x264,sbs,SVR,T3,0.1636139239022329
x264,sbs,kNN,T1,0.3581191269028352
x264,sbs,kNN,T2,0.333749723788537
x264,sbs,kNN,T3,0.1786288432091994
x264,twise,CART,T1,0.3078118143492964
x264,twise,CART,T2,0.114733855956173
x264,twise,CART,T3,0.0905829292752494
x264,twise,KRR,T1,0.2512995989832174
x264,twise,KRR,T2,0.1082218783164471
x264,twise,KRR,T3,0.0672942228034348
x264,twise,MR,T1,0.3361019163467904
x264,twise,MR,T2,0.1135957843173829
x264,twise,MR,T3,0.0808150664193381
x264,twise,RF,T1,0.2674687468488281
x264,twise,RF,T2,0.1664858268044296
x264,twise,RF,T3,0.0691860425063502
x264,twise,SVR,T1,0.3128600217989173
x264,twise,SVR,T2,0.1924427321551707
x264,twise,SVR,T3,0.1053563847832509
x264,twise,kNN,T1,0.2967595438434353
x264,twise,kNN,T2,0.247335847994173
x264,twise,kNN,T3,0.1966875223715798
