comb1,comb2,p,median_diff_combs,p_holm,p_bh,sig_holm,sig_bh
random_CART,random_kNN,0.001953125,-0.3543767194047017,1.0,0.010516826923076922,False,True
random_CART,dbs_CART,0.001953125,-0.1784117629146642,1.0,0.010516826923076922,False,True
random_CART,dbs_kNN,0.001953125,-0.3965425172740393,1.0,0.010516826923076922,False,True
random_CART,dbs_KRR,0.001953125,-0.4280501365103675,1.0,0.010516826923076922,False,True
random_CART,ddbs_kNN,0.001953125,-0.2914329898985932,1.0,0.010516826923076922,False,True
random_CART,ddbs_KRR,0.001953125,-0.2732944892597345,1.0,0.010516826923076922,False,True
random_CART,rsbs_kNN,0.001953125,-0.44787082937661904,1.0,0.010516826923076922,False,True
ddbs_RF,rsbs_kNN,0.001953125,-0.37347331571254233,1.0,0.010516826923076922,False,True
ddbs_kNN,ddbs_RF,0.001953125,0.20084561457334973,1.0,0.010516826923076922,False,True
ddbs_kNN,rsbs_CART,0.001953125,0.2646124831925672,1.0,0.010516826923076922,False,True
ddbs_kNN,rsbs_RF,0.001953125,0.24630946441251425,1.0,0.010516826923076922,False,True
dbs_SVR,rsbs_RF,0.001953125,0.29565336179599655,1.0,0.010516826923076922,False,True
dbs_SVR,ddbs_RF,0.001953125,0.23684729971622923,1.0,0.010516826923076922,False,True
dbs_KRR,ddbs_RF,0.001953125,0.3399543096160815,1.0,0.010516826923076922,False,True
dbs_KRR,rsbs_CART,0.001953125,0.3821695289320786,1.0,0.010516826923076922,False,True
dbs_KRR,rsbs_RF,0.001953125,0.3442314318559205,1.0,0.010516826923076922,False,True
dbs_kNN,ddbs_RF,0.001953125,0.3084466903797533,1.0,0.010516826923076922,False,True
dbs_kNN,ddbs_SVR,0.001953125,0.12050444198409518,1.0,0.010516826923076922,False,True
dbs_kNN,rsbs_CART,0.001953125,0.31350663915603,1.0,0.010516826923076922,False,True
dbs_kNN,rsbs_RF,0.001953125,0.2755685420798719,1.0,0.010516826923076922,False,True
random_kNN,random_MR,0.001953125,0.3169860382660343,1.0,0.010516826923076922,False,True
random_kNN,random_RF,0.001953125,0.3565528330062756,1.0,0.010516826923076922,False,True
random_kNN,random_SVR,0.001953125,0.1783955349168838,1.0,0.010516826923076922,False,True
random_kNN,twise_CART,0.001953125,0.34929527717140363,1.0,0.010516826923076922,False,True
random_kNN,twise_KRR,0.001953125,0.1691438453363025,1.0,0.010516826923076922,False,True
random_kNN,twise_MR,0.001953125,0.3076093441085198,1.0,0.010516826923076922,False,True
random_kNN,twise_RF,0.001953125,0.3473209970082613,1.0,0.010516826923076922,False,True
random_kNN,twise_SVR,0.001953125,0.17100853394078974,1.0,0.010516826923076922,False,True
sbs_SVR,ddbs_RF,0.001953125,0.11800503683965559,1.0,0.010516826923076922,False,True
sbs_SVR,rsbs_CART,0.001953125,0.10830788278167919,1.0,0.010516826923076922,False,True
sbs_SVR,dbs_kNN,0.001953125,-0.22259220388622836,1.0,0.010516826923076922,False,True
sbs_MR,rsbs_kNN,0.001953125,-0.35548809357595595,1.0,0.010516826923076922,False,True
sbs_RF,dbs_kNN,0.001953125,-0.3624320535973322,1.0,0.010516826923076922,False,True
sbs_RF,dbs_KRR,0.001953125,-0.38787659233580896,1.0,0.010516826923076922,False,True
sbs_RF,dbs_SVR,0.001953125,-0.2847695824359567,1.0,0.010516826923076922,False,True
sbs_MR,dbs_kNN,0.001953125,-0.32218306688275256,1.0,0.010516826923076922,False,True
sbs_MR,dbs_SVR,0.001953125,-0.2374700086858601,1.0,0.010516826923076922,False,True
sbs_MR,ddbs_kNN,0.001953125,-0.22168075662422937,1.0,0.010516826923076922,False,True
sbs_KRR,dbs_kNN,0.001953125,-0.2723343847128481,1.0,0.010516826923076922,False,True
sbs_KRR,dbs_KRR,0.001953125,-0.23820447713896112,1.0,0.010516826923076922,False,True
sbs_KRR,dbs_SVR,0.001953125,-0.22510512529968607,1.0,0.010516826923076922,False,True
sbs_KRR,ddbs_kNN,0.001953125,-0.18854949898690454,1.0,0.010516826923076922,False,True
sbs_kNN,ddbs_RF,0.001953125,0.21006847844687127,1.0,0.010516826923076922,False,True
sbs_kNN,rsbs_CART,0.001953125,0.16953375774615073,1.0,0.010516826923076922,False,True
sbs_kNN,rsbs_RF,0.001953125,0.1552224813729668,1.0,0.010516826923076922,False,True
sbs_kNN,sbs_MR,0.001953125,0.22921235804264525,1.0,0.010516826923076922,False,True
sbs_kNN,dbs_kNN,0.001953125,-0.13631359981974056,1.0,0.010516826923076922,False,True
twise_SVR,rsbs_kNN,0.001953125,-0.13413959327520786,1.0,0.010516826923076922,False,True
twise_RF,ddbs_MR,0.001953125,-0.1167470137883611,1.0,0.010516826923076922,False,True
twise_RF,rsbs_kNN,0.001953125,-0.44317032763442266,1.0,0.010516826923076922,False,True
twise_RF,rsbs_MR,0.001953125,-0.12285005027076716,1.0,0.010516826923076922,False,True
twise_RF,twise_SVR,0.001953125,-0.20450200264977147,1.0,0.010516826923076922,False,True
twise_RF,sbs_kNN,0.001953125,-0.29850970006850447,1.0,0.010516826923076922,False,True
twise_RF,sbs_MR,0.001953125,-0.0914517276258347,1.0,0.010516826923076922,False,True
twise_RF,sbs_SVR,0.001953125,-0.20644625846128878,1.0,0.010516826923076922,False,True
twise_RF,dbs_CART,0.001953125,-0.18608284628143815,1.0,0.010516826923076922,False,True
twise_RF,dbs_kNN,0.001953125,-0.3968879120013865,1.0,0.010516826923076922,False,True
twise_RF,dbs_MR,0.001953125,-0.22785327053501675,1.0,0.010516826923076922,False,True
twise_RF,dbs_RF,0.001953125,-0.24258580129840418,1.0,0.010516826923076922,False,True
twise_RF,dbs_SVR,0.001953125,-0.32528852133786246,1.0,0.010516826923076922,False,True
twise_RF,ddbs_kNN,0.001953125,-0.28911205521587957,1.0,0.010516826923076922,False,True
twise_MR,dbs_SVR,0.001953125,-0.2756986093506842,1.0,0.010516826923076922,False,True
twise_MR,ddbs_kNN,0.001953125,-0.24179044343608397,1.0,0.010516826923076922,False,True
twise_MR,rsbs_kNN,0.001953125,-0.3699278806425218,1.0,0.010516826923076922,False,True
twise_KRR,rsbs_kNN,0.001953125,-0.2314623818703045,1.0,0.010516826923076922,False,True
twise_MR,sbs_kNN,0.001953125,-0.24932204485449988,1.0,0.010516826923076922,False,True
twise_MR,dbs_CART,0.001953125,-0.1304915392656408,1.0,0.010516826923076922,False,True
twise_MR,dbs_kNN,0.001953125,-0.35883843278399136,1.0,0.010516826923076922,False,True
twise_KRR,dbs_KRR,0.001953125,-0.11924756974413796,1.0,0.010516826923076922,False,True
twise_kNN,twise_MR,0.001953125,0.22709927843293046,1.0,0.010516826923076922,False,True
twise_kNN,twise_RF,0.001953125,0.329238091212386,1.0,0.010516826923076922,False,True
twise_kNN,twise_SVR,0.001953125,0.1166137086208694,1.0,0.010516826923076922,False,True
twise_CART,dbs_SVR,0.001953125,-0.32726280150100473,1.0,0.010516826923076922,False,True
twise_CART,ddbs_kNN,0.001953125,-0.29108633537902184,1.0,0.010516826923076922,False,True
twise_CART,rsbs_kNN,0.001953125,-0.4311711895239235,1.0,0.010516826923076922,False,True
twise_kNN,twise_KRR,0.001953125,0.12324522710781033,1.0,0.010516826923076922,False,True
twise_CART,twise_kNN,0.001953125,-0.3330673887246924,1.0,0.010516826923076922,False,True
twise_CART,sbs_kNN,0.001953125,-0.3004839802316468,1.0,0.010516826923076922,False,True
twise_CART,sbs_MR,0.001953125,-0.093426007788977,1.0,0.010516826923076922,False,True
twise_CART,sbs_SVR,0.001953125,-0.2084205386244311,1.0,0.010516826923076922,False,True
twise_CART,dbs_kNN,0.001953125,-0.3988621921645288,1.0,0.010516826923076922,False,True
random_KRR,rsbs_kNN,0.001953125,-0.14931955000997066,1.0,0.010516826923076922,False,True
random_MR,twise_kNN,0.001953125,-0.23541855668724757,1.0,0.010516826923076922,False,True
random_MR,sbs_kNN,0.001953125,-0.26106861135565257,1.0,0.010516826923076922,False,True
random_SVR,rsbs_kNN,0.001953125,-0.1054521348760194,1.0,0.010516826923076922,False,True
random_RF,rsbs_SVR,0.001953125,-0.23421293587689415,1.0,0.010516826923076922,False,True
random_SVR,twise_kNN,0.001953125,-0.09067766665850131,1.0,0.010516826923076922,False,True
random_RF,sbs_RF,0.001953125,-0.05838075947872099,1.0,0.010516826923076922,False,True
random_RF,sbs_SVR,0.001953125,-0.20783183116095058,1.0,0.010516826923076922,False,True
random_RF,dbs_CART,0.001953125,-0.15018183242302102,1.0,0.010516826923076922,False,True
random_RF,dbs_kNN,0.001953125,-0.3982734847010483,1.0,0.010516826923076922,False,True
random_RF,dbs_KRR,0.001953125,-0.42978110393737645,1.0,0.010516826923076922,False,True
random_RF,dbs_RF,0.001953125,-0.23680154245143814,1.0,0.010516826923076922,False,True
random_RF,dbs_SVR,0.001953125,-0.32667409403752423,1.0,0.010516826923076922,False,True
random_RF,ddbs_kNN,0.001953125,-0.29360910350016706,1.0,0.010516826923076922,False,True
random_RF,ddbs_KRR,0.001953125,-0.2750254566867435,1.0,0.010516826923076922,False,True
random_RF,ddbs_RF,0.001953125,-0.05070744298056721,1.0,0.010516826923076922,False,True
random_RF,ddbs_SVR,0.001953125,-0.33940909097992644,1.0,0.010516826923076922,False,True
random_RF,rsbs_kNN,0.001953125,-0.4512216179944944,1.0,0.010516826923076922,False,True
random_MR,sbs_SVR,0.001953125,-0.16635559024631902,1.0,0.010516826923076922,False,True
random_MR,dbs_kNN,0.001953125,-0.3634581367919866,1.0,0.010516826923076922,False,True
random_MR,dbs_KRR,0.001953125,-0.39325051261085264,1.0,0.010516826923076922,False,True
random_MR,dbs_RF,0.001953125,-0.13868999064720425,1.0,0.010516826923076922,False,True
random_MR,dbs_SVR,0.001953125,-0.2750652354895257,1.0,0.010516826923076922,False,True
random_MR,ddbs_kNN,0.001953125,-0.2535370099372367,1.0,0.010516826923076922,False,True
random_MR,ddbs_SVR,0.001953125,-0.30569751969162623,1.0,0.010516826923076922,False,True
random_MR,rsbs_kNN,0.001953125,-0.38781476864187403,1.0,0.010516826923076922,False,True
random_MR,rsbs_SVR,0.001953125,-0.20069233444940573,1.0,0.010516826923076922,False,True
random_RF,random_SVR,0.001953125,-0.20156819261211373,1.0,0.010516826923076922,False,True
random_RF,twise_kNN,0.001953125,-0.3400549410991085,1.0,0.010516826923076922,False,True
random_RF,sbs_kNN,0.001953125,-0.30114070491858297,1.0,0.010516826923076922,False,True
random_CART,sbs_CART,0.001953125,-0.07225527521945777,1.0,0.010516826923076922,False,True
random_CART,sbs_kNN,0.001953125,-0.29896459131700903,1.0,0.010516826923076922,False,True
random_CART,sbs_SVR,0.001953125,-0.2061008637339416,1.0,0.010516826923076922,False,True
rsbs_CART,rsbs_kNN,0.001953125,-0.4165822597600795,1.0,0.010516826923076922,False,True
rsbs_kNN,rsbs_MR,0.001953125,0.2776185112729713,1.0,0.010516826923076922,False,True
rsbs_kNN,rsbs_RF,0.001953125,0.40571029791384194,1.0,0.010516826923076922,False,True
random_CART,twise_kNN,0.00390625,-0.33993102100895184,1.0,0.015005716463414634,False,True
ddbs_CART,ddbs_kNN,0.00390625,-0.20915315023946085,1.0,0.015005716463414634,False,True
random_RF,ddbs_MR,0.00390625,-0.1275638636750836,1.0,0.015005716463414634,False,True
ddbs_KRR,ddbs_RF,0.00390625,0.1851986623654485,1.0,0.015005716463414634,False,True
sbs_CART,rsbs_kNN,0.00390625,-0.36466705564247326,1.0,0.015005716463414634,False,True
random_MR,dbs_MR,0.00390625,-0.10260126005432144,1.0,0.015005716463414634,False,True
random_RF,dbs_MR,0.00390625,-0.18744727218591614,1.0,0.015005716463414634,False,True
sbs_kNN,ddbs_MR,0.00390625,0.18147120573625547,1.0,0.015005716463414634,False,True
sbs_MR,sbs_SVR,0.00390625,-0.1212856326707386,1.0,0.015005716463414634,False,True
random_RF,ddbs_CART,0.00390625,-0.05138812971972256,1.0,0.015005716463414634,False,True
dbs_SVR,rsbs_CART,0.00390625,0.3007889493145501,1.0,0.015005716463414634,False,True
dbs_SVR,ddbs_MR,0.00390625,0.1972002153977571,1.0,0.015005716463414634,False,True
twise_CART,dbs_KRR,0.00390625,-0.430369811400857,1.0,0.015005716463414634,False,True
ddbs_kNN,ddbs_MR,0.00390625,0.17393960431783959,1.0,0.015005716463414634,False,True
sbs_CART,dbs_kNN,0.00390625,-0.37104621925431824,1.0,0.015005716463414634,False,True
random_RF,rsbs_KRR,0.00390625,-0.14215786710437833,1.0,0.015005716463414634,False,True
random_kNN,ddbs_MR,0.00390625,0.24557075893715585,1.0,0.015005716463414634,False,True
twise_RF,ddbs_SVR,0.00390625,-0.3380235182802646,1.0,0.015005716463414634,False,True
twise_CART,dbs_CART,0.00390625,-0.20810815286660525,1.0,0.015005716463414634,False,True
twise_MR,rsbs_SVR,0.00390625,-0.19607263044141054,1.0,0.015005716463414634,False,True
twise_MR,dbs_MR,0.00390625,-0.14171974066239323,1.0,0.015005716463414634,False,True
dbs_kNN,ddbs_CART,0.00390625,0.31692900702496785,1.0,0.015005716463414634,False,True
twise_KRR,dbs_SVR,0.00390625,-0.1220065269703156,1.0,0.015005716463414634,False,True
dbs_kNN,ddbs_MR,0.00390625,0.2920428574631081,1.0,0.015005716463414634,False,True
twise_MR,dbs_KRR,0.00390625,-0.3938838864720111,1.0,0.015005716463414634,False,True
twise_RF,dbs_KRR,0.00390625,-0.4283955312377147,1.0,0.015005716463414634,False,True
sbs_SVR,dbs_SVR,0.00390625,-0.12434748437225773,1.0,0.015005716463414634,False,True
sbs_RF,dbs_MR,0.00390625,-0.1131012434065036,1.0,0.015005716463414634,False,True
random_KRR,random_RF,0.00390625,0.0937568629920118,1.0,0.015005716463414634,False,True
random_kNN,rsbs_MR,0.00390625,0.1276903572411464,1.0,0.015005716463414634,False,True
twise_RF,rsbs_SVR,0.00390625,-0.23282736317723235,1.0,0.015005716463414634,False,True
dbs_SVR,ddbs_CART,0.00390625,0.24532961636144374,1.0,0.015005716463414634,False,True
dbs_KRR,ddbs_CART,0.00390625,0.348436626261296,1.0,0.015005716463414634,False,True
dbs_KRR,ddbs_KRR,0.00390625,0.13576315290481542,1.0,0.015005716463414634,False,True
twise_MR,ddbs_SVR,0.00390625,-0.30107781568363107,1.0,0.015005716463414634,False,True
twise_MR,sbs_SVR,0.00390625,-0.16173588623832383,1.0,0.015005716463414634,False,True
dbs_kNN,ddbs_KRR,0.00390625,0.149095256599801,1.0,0.015005716463414634,False,True
random_CART,rsbs_SVR,0.00390625,-0.23248196844988514,1.0,0.015005716463414634,False,True
sbs_SVR,ddbs_kNN,0.00390625,-0.12208989362770514,1.0,0.015005716463414634,False,True
random_RF,sbs_KRR,0.00390625,-0.1068125996064854,1.0,0.015005716463414634,False,True
random_CART,sbs_MR,0.00390625,-0.09110633289848749,1.0,0.015005716463414634,False,True
random_CART,ddbs_SVR,0.00390625,-0.33767812355291743,1.0,0.015005716463414634,False,True
random_CART,ddbs_MR,0.00390625,-0.12743994358492694,1.0,0.015005716463414634,False,True
random_CART,ddbs_CART,0.00390625,-0.0556369210531424,1.0,0.015005716463414634,False,True
random_CART,dbs_SVR,0.00390625,-0.3249431266105152,1.0,0.015005716463414634,False,True
random_CART,dbs_RF,0.00390625,-0.242240406571057,1.0,0.015005716463414634,False,True
ddbs_MR,rsbs_kNN,0.00390625,-0.36492598857565106,1.0,0.015005716463414634,False,True
twise_CART,twise_SVR,0.005859375,-0.20647628281291378,1.0,0.018095128676470586,False,True
random_kNN,rsbs_RF,0.005859375,0.31768583746639545,1.0,0.018095128676470586,False,True
dbs_SVR,ddbs_KRR,0.005859375,0.08590565522212829,1.0,0.018095128676470586,False,True
twise_CART,sbs_CART,0.005859375,-0.0658338110246792,1.0,0.018095128676470586,False,True
random_kNN,sbs_RF,0.005859375,0.3182375051332114,1.0,0.018095128676470586,False,True
random_RF,rsbs_MR,0.005859375,-0.12423562297042896,1.0,0.018095128676470586,False,True
sbs_RF,ddbs_kNN,0.005859375,-0.25529377562710287,1.0,0.018095128676470586,False,True
random_kNN,ddbs_RF,0.005859375,0.26378934407945825,1.0,0.018095128676470586,False,True
sbs_CART,ddbs_kNN,0.005859375,-0.2632703624688113,1.0,0.018095128676470586,False,True
twise_kNN,ddbs_RF,0.005859375,0.2528539841845753,1.0,0.018095128676470586,False,True
twise_kNN,sbs_RF,0.005859375,0.270164098383157,1.0,0.018095128676470586,False,True
twise_RF,sbs_CART,0.005859375,-0.04650593397893925,1.0,0.018095128676470586,False,True
twise_CART,dbs_MR,0.005859375,-0.25816428143375336,1.0,0.018095128676470586,False,True
twise_kNN,sbs_MR,0.005859375,0.21734699554147377,1.0,0.018095128676470586,False,True
twise_CART,ddbs_MR,0.005859375,-0.1205763113006675,1.0,0.018095128676470586,False,True
twise_CART,ddbs_SVR,0.005859375,-0.33999779844340694,1.0,0.018095128676470586,False,True
twise_CART,rsbs_SVR,0.005859375,-0.23480164334037468,1.0,0.018095128676470586,False,True
twise_kNN,rsbs_RF,0.005859375,0.2947482942799073,1.0,0.018095128676470586,False,True
random_kNN,sbs_MR,0.005859375,0.28462448613033786,1.0,0.018095128676470586,False,True
twise_kNN,ddbs_MR,0.005859375,0.20920434330993176,1.0,0.018095128676470586,False,True
twise_KRR,dbs_kNN,0.005859375,-0.16789300262762413,1.0,0.018095128676470586,False,True
random_kNN,sbs_CART,0.005859375,0.3214793042611931,1.0,0.018095128676470586,False,True
twise_MR,twise_SVR,0.005859375,-0.11048556981206106,1.0,0.018095128676470586,False,True
random_CART,rsbs_KRR,0.005859375,-0.14042689967736935,1.0,0.018095128676470586,False,True
ddbs_RF,rsbs_SVR,0.005859375,-0.14438614155559915,1.0,0.018095128676470586,False,True
sbs_kNN,sbs_RF,0.005859375,0.2628253770455188,1.0,0.018095128676470586,False,True
sbs_KRR,rsbs_kNN,0.005859375,-0.13305360617392947,1.0,0.018095128676470586,False,True
sbs_kNN,ddbs_CART,0.005859375,0.21855079509208578,1.0,0.018095128676470586,False,True
random_kNN,rsbs_CART,0.005859375,0.3228214249849489,1.0,0.018095128676470586,False,True
ddbs_KRR,rsbs_RF,0.005859375,0.22530388903777868,1.0,0.018095128676470586,False,True
rsbs_RF,rsbs_SVR,0.005859375,-0.2031922036353665,1.0,0.018095128676470586,False,True
random_MR,ddbs_KRR,0.005859375,-0.22165925527354602,1.0,0.018095128676470586,False,True
random_CART,sbs_KRR,0.005859375,-0.10508163217947641,1.0,0.018095128676470586,False,True
dbs_kNN,dbs_RF,0.005859375,0.2624806338687647,1.0,0.018095128676470586,False,True
random_RF,sbs_CART,0.005859375,-0.042689600139139396,1.0,0.018095128676470586,False,True
random_RF,sbs_MR,0.005859375,-0.0719283468759377,1.0,0.018095128676470586,False,True
random_CART,dbs_MR,0.005859375,-0.2225197136031005,1.0,0.018095128676470586,False,True
sbs_SVR,ddbs_CART,0.005859375,0.1264873534848701,1.0,0.018095128676470586,False,True
sbs_RF,rsbs_kNN,0.005859375,-0.4014162820746364,1.0,0.018095128676470586,False,True
sbs_SVR,ddbs_MR,0.005859375,0.0949403109174406,1.0,0.018095128676470586,False,True
random_SVR,twise_CART,0.009765625,0.20215690007559425,1.0,0.02500952743902439,False,True
twise_CART,ddbs_KRR,0.009765625,-0.275614164150224,1.0,0.02500952743902439,False,True
twise_RF,ddbs_KRR,0.009765625,-0.2736398839870817,1.0,0.02500952743902439,False,True
twise_RF,sbs_RF,0.009765625,-0.05907399282922901,1.0,0.02500952743902439,False,True
twise_SVR,dbs_KRR,0.009765625,-0.11498053168498841,1.0,0.02500952743902439,False,True
ddbs_CART,rsbs_SVR,0.009765625,-0.15286845820081366,1.0,0.02500952743902439,False,True
random_MR,twise_SVR,0.009765625,-0.12363830276608309,1.0,0.02500952743902439,False,True
random_kNN,ddbs_CART,0.009765625,0.2673620920318426,1.0,0.02500952743902439,False,True
dbs_KRR,ddbs_MR,0.009765625,0.31538549251908404,1.0,0.02500952743902439,False,True
twise_kNN,rsbs_CART,0.009765625,0.30666889820325977,1.0,0.02500952743902439,False,True
twise_MR,sbs_KRR,0.009765625,-0.06031517226992055,1.0,0.02500952743902439,False,True
twise_MR,ddbs_MR,0.009765625,-0.02676555491616555,1.0,0.02500952743902439,False,True
twise_MR,dbs_RF,0.009765625,-0.18689682306504554,1.0,0.02500952743902439,False,True
twise_RF,sbs_KRR,0.009765625,-0.10542702690682361,1.0,0.02500952743902439,False,True
twise_kNN,ddbs_CART,0.009765625,0.26133630082978976,1.0,0.02500952743902439,False,True
sbs_RF,sbs_SVR,0.009765625,-0.16592731955938303,1.0,0.02500952743902439,False,True
twise_CART,dbs_RF,0.009765625,-0.2445600814615465,1.0,0.02500952743902439,False,True
random_SVR,rsbs_RF,0.009765625,0.1705474603705861,1.0,0.02500952743902439,False,True
random_RF,twise_SVR,0.009765625,-0.20588757534943325,1.0,0.02500952743902439,False,True
ddbs_RF,ddbs_SVR,0.009765625,-0.2495822966586314,1.0,0.02500952743902439,False,True
ddbs_SVR,rsbs_RF,0.009765625,0.17995590416949353,1.0,0.02500952743902439,False,True
random_CART,rsbs_CART,0.009765625,-0.05064965391502725,1.0,0.02500952743902439,False,True
random_CART,rsbs_MR,0.009765625,-0.12250465554341997,1.0,0.02500952743902439,False,True
random_CART,ddbs_RF,0.009765625,-0.047017753485847955,1.0,0.02500952743902439,False,True
random_kNN,sbs_SVR,0.009765625,0.10858545059256955,1.0,0.02500952743902439,False,True
twise_SVR,dbs_SVR,0.009765625,-0.11354381149548974,1.0,0.02500952743902439,False,True
random_SVR,ddbs_RF,0.009765625,0.11174139829081875,1.0,0.02500952743902439,False,True
sbs_CART,sbs_kNN,0.009765625,-0.27266800732143626,1.0,0.02500952743902439,False,True
sbs_kNN,sbs_SVR,0.009765625,0.07952638034067208,1.0,0.02500952743902439,False,True
random_CART,random_MR,0.009765625,-0.058099674437383744,1.0,0.02500952743902439,False,True
random_CART,random_SVR,0.009765625,-0.19983722518510477,1.0,0.02500952743902439,False,True
random_CART,twise_SVR,0.009765625,-0.20415660792242427,1.0,0.02500952743902439,False,True
random_MR,ddbs_MR,0.009765625,-0.03628334253328794,1.0,0.02500952743902439,False,True
random_SVR,twise_RF,0.009765625,0.20018261991245195,1.0,0.02500952743902439,False,True
random_CART,random_KRR,0.009765625,-0.09202589556500282,1.0,0.02500952743902439,False,True
sbs_CART,sbs_SVR,0.009765625,-0.18060456571422054,1.0,0.02500952743902439,False,True
sbs_CART,dbs_SVR,0.009765625,-0.2994468285907942,1.0,0.02500952743902439,False,True
random_MR,sbs_KRR,0.009765625,-0.059681798408762095,1.0,0.02500952743902439,False,True
random_MR,twise_RF,0.009765625,0.04304125466955805,1.0,0.02500952743902439,False,True
ddbs_CART,rsbs_kNN,0.009765625,-0.37688982408242844,1.0,0.02500952743902439,False,True
random_RF,rsbs_RF,0.009765625,-0.05718749950100444,1.0,0.02500952743902439,False,True
random_CART,sbs_RF,0.009765625,-0.06976692262579486,1.0,0.02500952743902439,False,True
random_CART,rsbs_RF,0.013671875,-0.05189076266943285,1.0,0.031666475183823525,False,True
twise_MR,rsbs_KRR,0.013671875,-0.08508331617135789,1.0,0.031666475183823525,False,True
twise_KRR,ddbs_kNN,0.013671875,-0.12846582560881764,1.0,0.031666475183823525,False,True
sbs_SVR,rsbs_RF,0.013671875,0.10793155083140804,1.0,0.031666475183823525,False,True
dbs_CART,dbs_kNN,0.013671875,-0.25551701315396724,1.0,0.031666475183823525,False,True
twise_MR,ddbs_KRR,0.013671875,-0.2222926291347045,1.0,0.031666475183823525,False,True
twise_kNN,sbs_CART,0.013671875,0.2668704832610065,1.0,0.031666475183823525,False,True
twise_CART,rsbs_MR,0.013671875,-0.12482433043390945,1.0,0.031666475183823525,False,True
twise_RF,rsbs_RF,0.013671875,-0.04981274128130685,1.0,0.031666475183823525,False,True
random_KRR,twise_RF,0.013671875,0.09237129029235001,1.0,0.031666475183823525,False,True
twise_RF,rsbs_KRR,0.013671875,-0.14077229440471656,1.0,0.031666475183823525,False,True
random_SVR,ddbs_CART,0.013671875,0.12022371493603326,1.0,0.031666475183823525,False,True
sbs_CART,dbs_KRR,0.013671875,-0.40255383849064647,1.0,0.031666475183823525,False,True
ddbs_CART,ddbs_SVR,0.013671875,-0.25806461330384595,1.0,0.031666475183823525,False,True
random_MR,random_SVR,0.013671875,-0.1609087967234682,1.0,0.031666475183823525,False,True
random_SVR,twise_MR,0.013671875,0.14821706281080885,1.0,0.031666475183823525,False,True
sbs_MR,dbs_MR,0.013671875,-0.07901581471848045,1.0,0.031666475183823525,False,True
rsbs_CART,rsbs_SVR,0.013671875,-0.20832779115392003,1.0,0.031666475183823525,False,True
twise_SVR,dbs_kNN,0.013671875,-0.14968701759697228,1.0,0.031666475183823525,False,True
random_MR,dbs_CART,0.013671875,-0.12733500909497358,1.0,0.031666475183823525,False,True
random_CART,twise_MR,0.013671875,-0.04964254646250919,1.0,0.031666475183823525,False,True
ddbs_KRR,rsbs_CART,0.013671875,0.24914031196376935,1.0,0.031666475183823525,False,True
sbs_RF,rsbs_SVR,0.013671875,-0.19966625125475146,1.0,0.031666475183823525,False,True
ddbs_SVR,rsbs_CART,0.013671875,0.21789400124565167,1.0,0.031666475183823525,False,True
random_MR,rsbs_KRR,0.013671875,-0.08021758202928539,1.0,0.031666475183823525,False,True
ddbs_MR,rsbs_SVR,0.013671875,-0.1292770551205273,1.0,0.031666475183823525,False,True
random_RF,twise_KRR,0.01953125,-0.0892707968066466,1.0,0.040879360465116275,False,True
ddbs_MR,ddbs_SVR,0.01953125,-0.23428224036274778,1.0,0.040879360465116275,False,True
sbs_RF,ddbs_SVR,0.01953125,-0.3046714364969719,1.0,0.040879360465116275,False,True
dbs_kNN,dbs_MR,0.01953125,0.13318711750576526,1.0,0.040879360465116275,False,True
random_kNN,random_KRR,0.01953125,0.14556633240445827,1.0,0.040879360465116275,False,True
random_kNN,sbs_KRR,0.01953125,0.143257923214302,1.0,0.040879360465116275,False,True
random_kNN,twise_kNN,0.01953125,0.03928513624168707,1.0,0.040879360465116275,False,True
twise_kNN,rsbs_MR,0.01953125,0.11982797607302778,1.0,0.040879360465116275,False,True
dbs_RF,ddbs_kNN,0.01953125,-0.14444830322364133,1.0,0.040879360465116275,False,True
dbs_RF,dbs_SVR,0.01953125,-0.15876431958812098,1.0,0.040879360465116275,False,True
twise_SVR,rsbs_RF,0.01953125,0.17486684310790562,1.0,0.040879360465116275,False,True
twise_SVR,rsbs_CART,0.01953125,0.1800024306264591,1.0,0.040879360465116275,False,True
twise_RF,ddbs_RF,0.01953125,-0.034563561963603204,1.0,0.040879360465116275,False,True
twise_RF,rsbs_CART,0.01953125,-0.027950201859250852,1.0,0.040879360465116275,False,True
random_KRR,twise_MR,0.01953125,0.03668231205899136,1.0,0.040879360465116275,False,True
twise_CART,sbs_RF,0.01953125,-0.06290329034153541,1.0,0.040879360465116275,False,True
sbs_CART,dbs_MR,0.01953125,-0.1530049281726486,1.0,0.040879360465116275,False,True
sbs_CART,dbs_RF,0.01953125,-0.18153986347455836,1.0,0.040879360465116275,False,True
twise_SVR,ddbs_CART,0.01953125,0.12454309767335275,1.0,0.040879360465116275,False,True
random_SVR,rsbs_CART,0.01953125,0.1756830478891396,1.0,0.040879360465116275,False,True
sbs_KRR,rsbs_CART,0.01953125,0.034115853655766845,1.0,0.040879360465116275,False,True
sbs_kNN,dbs_RF,0.01953125,0.1519799046420572,1.0,0.040879360465116275,False,True
sbs_MR,dbs_KRR,0.01953125,-0.355655285807187,1.0,0.040879360465116275,False,True
sbs_MR,dbs_RF,0.01953125,-0.10857005438958689,1.0,0.040879360465116275,False,True
twise_SVR,ddbs_RF,0.01953125,0.11606078102813826,1.0,0.040879360465116275,False,True
random_kNN,dbs_RF,0.01953125,0.19730998519655357,1.0,0.040879360465116275,False,True
rsbs_MR,rsbs_SVR,0.01953125,-0.14117491620377376,1.0,0.040879360465116275,False,True
rsbs_MR,rsbs_RF,0.01953125,0.09321489072890131,1.0,0.040879360465116275,False,True
ddbs_CART,ddbs_KRR,0.01953125,-0.193680979010663,1.0,0.040879360465116275,False,True
rsbs_CART,rsbs_MR,0.02734375,-0.09835047824745481,1.0,0.05188723644578313,False,False
random_KRR,dbs_KRR,0.02734375,-0.10353377719582686,1.0,0.05188723644578313,False,False
dbs_CART,dbs_SVR,0.02734375,-0.15180069887332354,1.0,0.05188723644578313,False,False
twise_kNN,dbs_CART,0.02734375,0.12677864852362622,1.0,0.05188723644578313,False,False
twise_kNN,dbs_RF,0.02734375,0.11317754306879199,1.0,0.05188723644578313,False,False
sbs_SVR,dbs_KRR,0.02734375,-0.24253276149358466,1.0,0.05188723644578313,False,False
random_SVR,dbs_SVR,0.02734375,-0.1034187042065628,1.0,0.05188723644578313,False,False
twise_CART,sbs_KRR,0.02734375,-0.10740130706996591,1.0,0.05188723644578313,False,False
twise_SVR,sbs_RF,0.02734375,0.1535503897622876,1.0,0.05188723644578313,False,False
random_MR,twise_CART,0.02734375,0.06568980200714311,1.0,0.05188723644578313,False,False
dbs_SVR,ddbs_SVR,0.02734375,0.05320183387563695,1.0,0.05188723644578313,False,False
sbs_KRR,ddbs_RF,0.02734375,0.06193686809167245,1.0,0.05188723644578313,False,False
sbs_kNN,sbs_KRR,0.02734375,0.12057257364315663,1.0,0.05188723644578313,False,False
sbs_kNN,dbs_CART,0.02734375,0.14560906839272963,1.0,0.05188723644578313,False,False
sbs_KRR,ddbs_SVR,0.02734375,-0.12196752718339185,1.0,0.05188723644578313,False,False
random_SVR,ddbs_MR,0.02734375,0.08949351739458976,1.0,0.05188723644578313,False,False
random_SVR,sbs_RF,0.02734375,0.1598827135288139,1.0,0.05188723644578313,False,False
random_SVR,dbs_kNN,0.02734375,-0.15516383366189465,1.0,0.05188723644578313,False,False
random_kNN,dbs_CART,0.02734375,0.209044914628015,1.0,0.05188723644578313,False,False
dbs_kNN,rsbs_MR,0.02734375,0.14071233792896085,1.0,0.05188723644578313,False,False
twise_CART,rsbs_KRR,0.02734375,-0.14274657456785886,1.0,0.05188723644578313,False,False
twise_CART,twise_MR,0.02734375,-0.037977421094349297,1.0,0.05188723644578313,False,False
dbs_KRR,dbs_MR,0.02734375,0.038156834610130856,1.0,0.05188723644578313,False,False
sbs_MR,rsbs_SVR,0.02734375,-0.1556223768738253,1.0,0.05188723644578313,False,False
sbs_RF,ddbs_KRR,0.02734375,-0.23312094508517595,1.0,0.05188723644578313,False,False
dbs_CART,ddbs_kNN,0.02734375,-0.13807746697431375,1.0,0.05188723644578313,False,False
ddbs_RF,rsbs_KRR,0.02734375,-0.05274490384328885,1.0,0.05188723644578313,False,False
ddbs_KRR,ddbs_MR,0.02734375,0.14379423518177742,1.0,0.05188723644578313,False,False
random_CART,twise_KRR,0.02734375,-0.08753982937963761,1.0,0.05188723644578313,False,False
dbs_SVR,rsbs_MR,0.02734375,0.09669346698698514,1.0,0.05188723644578313,False,False
random_RF,rsbs_CART,0.02734375,-0.031205230428293766,1.0,0.05188723644578313,False,False
random_KRR,dbs_SVR,0.037109375,-0.10562539741955354,1.0,0.06567108497191011,False,False
twise_CART,rsbs_CART,0.037109375,-0.0425934747050278,1.0,0.06567108497191011,False,False
dbs_KRR,rsbs_MR,0.037109375,0.0975609006879822,1.0,0.06567108497191011,False,False
twise_CART,ddbs_CART,0.037109375,-0.047732743027286154,1.0,0.06567108497191011,False,False
sbs_CART,rsbs_MR,0.037109375,-0.09700835752369891,1.0,0.06567108497191011,False,False
rsbs_kNN,rsbs_SVR,0.037109375,0.09279250306404024,1.0,0.06567108497191011,False,False
sbs_CART,rsbs_SVR,0.037109375,-0.20698567043016414,1.0,0.06567108497191011,False,False
twise_SVR,ddbs_kNN,0.037109375,-0.09508622569162868,1.0,0.06567108497191011,False,False
sbs_CART,dbs_CART,0.037109375,-0.12495336764565206,1.0,0.06567108497191011,False,False
random_SVR,ddbs_kNN,0.037109375,-0.0993464278325043,1.0,0.06567108497191011,False,False
random_KRR,twise_CART,0.037109375,0.09434557045549231,1.0,0.06567108497191011,False,False
dbs_MR,rsbs_CART,0.037109375,0.12596697225600628,1.0,0.06567108497191011,False,False
dbs_KRR,dbs_RF,0.037109375,0.2526517360721788,1.0,0.06567108497191011,False,False
twise_SVR,ddbs_MR,0.037109375,0.07728329405019942,1.0,0.06567108497191011,False,False
twise_MR,twise_RF,0.037109375,0.026792612445803894,1.0,0.06567108497191011,False,False
twise_CART,ddbs_RF,0.037109375,-0.03911357545999171,1.0,0.06567108497191011,False,False
twise_RF,ddbs_CART,0.037109375,-0.03012189216495335,1.0,0.06567108497191011,False,False
random_kNN,sbs_kNN,0.037109375,0.04395369015047061,1.0,0.06567108497191011,False,False
sbs_RF,ddbs_MR,0.037109375,-0.057673020959132085,1.0,0.06567108497191011,False,False
rsbs_CART,rsbs_KRR,0.037109375,-0.1162727223814042,1.0,0.06567108497191011,False,False
ddbs_kNN,rsbs_MR,0.037109375,0.11743426171754494,1.0,0.06567108497191011,False,False
twise_KRR,ddbs_SVR,0.037109375,-0.05791144301504354,1.0,0.06567108497191011,False,False
sbs_SVR,rsbs_kNN,0.037109375,-0.0907512814962958,1.0,0.06567108497191011,False,False
rsbs_KRR,rsbs_RF,0.037109375,0.11113713486285069,1.0,0.06567108497191011,False,False
dbs_CART,dbs_MR,0.048828125,-0.07617252181604414,1.0,0.07928278028350515,False,False
ddbs_kNN,ddbs_SVR,0.048828125,0.059505241996616456,1.0,0.07928278028350515,False,False
dbs_CART,dbs_KRR,0.048828125,-0.24786652792915265,1.0,0.07928278028350515,False,False
random_KRR,ddbs_kNN,0.048828125,-0.1353102368808568,1.0,0.07928278028350515,False,False
twise_KRR,ddbs_KRR,0.048828125,-0.03821412038122525,1.0,0.07928278028350515,False,False
random_KRR,dbs_kNN,0.048828125,-0.1585883130922727,1.0,0.07928278028350515,False,False
twise_MR,rsbs_MR,0.048828125,-0.029715286771549852,1.0,0.07928278028350515,False,False
twise_KRR,twise_RF,0.048828125,0.08788522410698481,1.0,0.07928278028350515,False,False
random_kNN,rsbs_SVR,0.048828125,0.08903928545852785,1.0,0.07928278028350515,False,False
random_KRR,random_MR,0.048828125,0.0284372006260881,1.0,0.07928278028350515,False,False
sbs_kNN,dbs_KRR,0.048828125,-0.1714397799025063,1.0,0.07928278028350515,False,False
sbs_KRR,sbs_SVR,0.048828125,-0.025560197843321496,1.0,0.07928278028350515,False,False
sbs_KRR,rsbs_RF,0.048828125,0.030355181946281104,1.0,0.07928278028350515,False,False
random_SVR,dbs_KRR,0.048828125,-0.10485542439606145,1.0,0.07928278028350515,False,False
random_KRR,twise_KRR,0.048828125,0.015713792548311102,1.0,0.07928278028350515,False,False
random_KRR,twise_kNN,0.048828125,-0.10517480991460598,1.0,0.07928278028350515,False,False
ddbs_kNN,ddbs_KRR,0.048828125,0.08963942217893775,1.0,0.07928278028350515,False,False
dbs_RF,rsbs_CART,0.048828125,0.11251326883059845,1.0,0.07928278028350515,False,False
sbs_CART,sbs_KRR,0.048828125,-0.07958533415975536,1.0,0.07928278028350515,False,False
sbs_RF,rsbs_KRR,0.048828125,-0.10025335550281078,1.0,0.07928278028350515,False,False
twise_kNN,sbs_KRR,0.048828125,0.1271993515411157,1.0,0.07928278028350515,False,False
dbs_MR,rsbs_RF,0.048828125,0.1284364769927682,1.0,0.07928278028350515,False,False
dbs_kNN,rsbs_SVR,0.048828125,0.13167743009337465,1.0,0.07928278028350515,False,False
twise_KRR,rsbs_RF,0.048828125,0.058250064565118956,1.0,0.07928278028350515,False,False
sbs_RF,dbs_RF,0.048828125,-0.0914480740596714,1.0,0.07928278028350515,False,False
twise_kNN,sbs_SVR,0.048828125,0.09444312778448859,1.0,0.07928278028350515,False,False
twise_CART,rsbs_RF,0.048828125,-0.05316989181832555,1.0,0.07928278028350515,False,False
twise_SVR,sbs_CART,0.048828125,0.1502567746401371,1.0,0.07928278028350515,False,False
sbs_KRR,sbs_RF,0.048828125,0.06490808800491785,1.0,0.07928278028350515,False,False
sbs_CART,ddbs_SVR,0.048828125,-0.3121818255331964,1.0,0.07928278028350515,False,False
sbs_kNN,rsbs_MR,0.048828125,0.10500500767000104,1.0,0.07928278028350515,False,False
dbs_SVR,rsbs_SVR,0.048828125,0.08718945601192889,1.0,0.07928278028350515,False,False
twise_CART,twise_KRR,0.064453125,-0.08985950427012711,1.0,0.0978445030120482,False,False
dbs_RF,rsbs_RF,0.064453125,0.1111684637162677,1.0,0.0978445030120482,False,False
twise_SVR,ddbs_SVR,0.064453125,-0.03970545798439169,1.0,0.0978445030120482,False,False
sbs_MR,ddbs_SVR,0.064453125,-0.26062756211604576,1.0,0.0978445030120482,False,False
random_MR,rsbs_MR,0.064453125,-0.027337554953465605,1.0,0.0978445030120482,False,False
ddbs_kNN,rsbs_KRR,0.064453125,0.12886047539253578,1.0,0.0978445030120482,False,False
twise_KRR,rsbs_CART,0.064453125,0.06338565208367246,1.0,0.0978445030120482,False,False
sbs_SVR,rsbs_MR,0.064453125,0.06325074203678939,1.0,0.0978445030120482,False,False
dbs_CART,rsbs_CART,0.064453125,0.1172984769736246,1.0,0.0978445030120482,False,False
dbs_MR,ddbs_CART,0.064453125,0.13221031803121341,1.0,0.0978445030120482,False,False
dbs_kNN,ddbs_kNN,0.064453125,0.041156558603130694,1.0,0.0978445030120482,False,False
dbs_kNN,rsbs_KRR,0.064453125,0.15213855160395168,1.0,0.0978445030120482,False,False
sbs_KRR,ddbs_CART,0.064453125,0.0603622441477139,1.0,0.0978445030120482,False,False
sbs_MR,dbs_CART,0.064453125,-0.10374956375913261,1.0,0.0978445030120482,False,False
sbs_CART,ddbs_MR,0.064453125,-0.054379405836981594,1.0,0.0978445030120482,False,False
sbs_CART,ddbs_KRR,0.064453125,-0.24779819124001345,1.0,0.0978445030120482,False,False
random_SVR,twise_SVR,0.064453125,0.02593604196236808,1.0,0.0978445030120482,False,False
random_SVR,sbs_CART,0.064453125,0.17434092716538369,1.0,0.0978445030120482,False,False
random_SVR,sbs_kNN,0.064453125,-0.05653866958749464,1.0,0.0978445030120482,False,False
random_SVR,sbs_MR,0.064453125,0.11583883914788776,1.0,0.0978445030120482,False,False
random_KRR,rsbs_RF,0.064453125,0.06273613075048416,1.0,0.0978445030120482,False,False
dbs_SVR,rsbs_KRR,0.064453125,0.09734124095508725,1.0,0.0978445030120482,False,False
random_kNN,rsbs_KRR,0.064453125,0.11601686802950267,1.0,0.0978445030120482,False,False
twise_SVR,sbs_kNN,0.064453125,-0.09088814737835493,1.0,0.0978445030120482,False,False
ddbs_CART,rsbs_KRR,0.064453125,-0.060813389428297844,1.0,0.0978445030120482,False,False
sbs_kNN,dbs_SVR,0.064453125,-0.05325450278117941,1.0,0.0978445030120482,False,False
ddbs_kNN,rsbs_SVR,0.064453125,0.05628469203864718,1.0,0.0978445030120482,False,False
rsbs_kNN,rsbs_KRR,0.083984375,0.14286978852164964,1.0,0.12276138341067286,False,False
sbs_kNN,rsbs_SVR,0.083984375,0.05010513199393761,1.0,0.12276138341067286,False,False
sbs_CART,rsbs_KRR,0.083984375,-0.11493060165764829,1.0,0.12276138341067286,False,False
random_KRR,ddbs_SVR,0.083984375,-0.0508385180890836,1.0,0.12276138341067286,False,False
twise_KRR,sbs_RF,0.083984375,0.04736628520507905,1.0,0.12276138341067286,False,False
random_KRR,rsbs_CART,0.083984375,0.06787171826903766,1.0,0.12276138341067286,False,False
random_MR,sbs_MR,0.083984375,-0.027924060689275505,1.0,0.12276138341067286,False,False
ddbs_CART,rsbs_MR,0.083984375,-0.06841250858482985,1.0,0.12276138341067286,False,False
dbs_MR,rsbs_MR,0.083984375,0.08675710130178689,1.0,0.12276138341067286,False,False
random_MR,random_RF,0.083984375,0.0400720935629304,1.0,0.12276138341067286,False,False
twise_kNN,dbs_kNN,0.083984375,-0.08489774724959245,1.0,0.12276138341067286,False,False
dbs_KRR,rsbs_KRR,0.083984375,0.09877796114458592,1.0,0.12276138341067286,False,False
dbs_KRR,ddbs_SVR,0.083984375,0.09037201295745007,1.0,0.12276138341067286,False,False
dbs_RF,ddbs_CART,0.083984375,0.05890473517158415,1.0,0.12276138341067286,False,False
twise_KRR,sbs_kNN,0.083984375,-0.09342265395230463,1.0,0.12276138341067286,False,False
twise_KRR,twise_MR,0.083984375,0.032196245873626156,1.0,0.12276138341067286,False,False
twise_MR,sbs_MR,0.10546875,-0.03576274939247605,1.0,0.15066964285714288,False,False
twise_SVR,rsbs_SVR,0.10546875,-0.03927668836324885,1.0,0.15066964285714288,False,False
dbs_RF,ddbs_SVR,0.10546875,-0.11537902187640986,1.0,0.15066964285714288,False,False
rsbs_KRR,rsbs_MR,0.10546875,0.017922244133949383,1.0,0.15066964285714288,False,False
random_MR,twise_KRR,0.10546875,-0.0278302177851638,1.0,0.15066964285714288,False,False
dbs_RF,rsbs_MR,0.10546875,0.03405331237803394,1.0,0.15066964285714288,False,False
sbs_kNN,rsbs_KRR,0.10546875,0.06055484925925338,1.0,0.15066964285714288,False,False
ddbs_SVR,rsbs_KRR,0.10546875,0.044388756600762594,1.0,0.15066964285714288,False,False
random_KRR,sbs_RF,0.10546875,0.05185235139044426,1.0,0.15066964285714288,False,False
dbs_CART,ddbs_SVR,0.10546875,-0.14117877278879018,1.0,0.15066964285714288,False,False
random_KRR,ddbs_CART,0.130859375,0.059284813022579756,1.0,0.18000307041484717,False,False
dbs_MR,dbs_SVR,0.130859375,-0.06342560141850015,1.0,0.18000307041484717,False,False
random_KRR,sbs_CART,0.130859375,0.06652959754528176,1.0,0.18000307041484717,False,False
sbs_MR,ddbs_KRR,0.130859375,-0.19239514148470374,1.0,0.18000307041484717,False,False
sbs_KRR,ddbs_MR,0.130859375,0.03590502434110985,1.0,0.18000307041484717,False,False
sbs_KRR,sbs_MR,0.130859375,0.0220865716050965,1.0,0.18000307041484717,False,False
random_SVR,ddbs_SVR,0.130859375,-0.01918669335483565,1.0,0.18000307041484717,False,False
dbs_RF,rsbs_kNN,0.130859375,-0.1329893323474907,1.0,0.18000307041484717,False,False
dbs_KRR,rsbs_SVR,0.130859375,0.08862617620142756,1.0,0.18000307041484717,False,False
random_KRR,ddbs_RF,0.130859375,0.054128231024639754,1.0,0.18000307041484717,False,False
twise_kNN,rsbs_SVR,0.130859375,0.06005058390885663,1.0,0.18000307041484717,False,False
random_SVR,rsbs_MR,0.130859375,0.054374915726078096,1.0,0.18000307041484717,False,False
ddbs_KRR,ddbs_SVR,0.130859375,-0.0424696365102882,1.0,0.18000307041484717,False,False
random_SVR,sbs_KRR,0.130859375,0.041559005943795,1.0,0.18000307041484717,False,False
random_RF,twise_MR,0.130859375,-0.03476723385574494,1.0,0.18000307041484717,False,False
twise_KRR,sbs_CART,0.130859375,0.062043531359916554,1.0,0.18000307041484717,False,False
ddbs_MR,rsbs_KRR,0.130859375,-0.016093430130310893,1.0,0.18000307041484717,False,False
twise_kNN,rsbs_KRR,0.16015625,0.1079363630960305,1.0,0.21376787605932204,False,False
ddbs_MR,rsbs_CART,0.16015625,0.051672787635428645,1.0,0.21376787605932204,False,False
ddbs_MR,rsbs_RF,0.16015625,0.0548080665167657,1.0,0.21376787605932204,False,False
ddbs_KRR,rsbs_MR,0.16015625,0.017666065430364496,1.0,0.21376787605932204,False,False
random_SVR,twise_KRR,0.16015625,0.022357514737507744,1.0,0.21376787605932204,False,False
ddbs_SVR,rsbs_MR,0.16015625,0.048262245339784335,1.0,0.21376787605932204,False,False
twise_KRR,ddbs_CART,0.16015625,0.0637906889106179,1.0,0.21376787605932204,False,False
rsbs_CART,rsbs_RF,0.16015625,-0.005135587518553499,1.0,0.21376787605932204,False,False
ddbs_KRR,rsbs_KRR,0.16015625,0.017868990577646304,1.0,0.21376787605932204,False,False
random_KRR,sbs_kNN,0.16015625,-0.07535223675910029,1.0,0.21376787605932204,False,False
dbs_CART,rsbs_kNN,0.16015625,-0.12856151086113965,1.0,0.21376787605932204,False,False
dbs_MR,dbs_RF,0.16015625,0.02083931326226235,1.0,0.21376787605932204,False,False
twise_KRR,ddbs_RF,0.16015625,0.05954319146068826,1.0,0.21376787605932204,False,False
sbs_kNN,ddbs_kNN,0.16015625,-0.007991497136759201,1.0,0.21376787605932204,False,False
twise_KRR,rsbs_SVR,0.193359375,-0.0306213935427104,1.0,0.2527311332987552,False,False
dbs_CART,rsbs_RF,0.193359375,0.039020532022814504,1.0,0.2527311332987552,False,False
twise_SVR,rsbs_MR,0.193359375,0.02070596397353125,1.0,0.2527311332987552,False,False
twise_SVR,sbs_MR,0.193359375,0.10129896408621575,1.0,0.2527311332987552,False,False
sbs_CART,sbs_MR,0.193359375,-0.02206128958467326,1.0,0.2527311332987552,False,False
sbs_MR,ddbs_MR,0.193359375,-0.024610051694174597,1.0,0.2527311332987552,False,False
sbs_KRR,ddbs_KRR,0.193359375,-0.013746677935414297,1.0,0.2527311332987552,False,False
ddbs_KRR,rsbs_kNN,0.193359375,-0.0877109090335179,1.0,0.2527311332987552,False,False
twise_kNN,sbs_kNN,0.193359375,0.029822573155505697,1.0,0.2527311332987552,False,False
ddbs_CART,ddbs_MR,0.193359375,-0.029413434077385895,1.0,0.2527311332987552,False,False
sbs_MR,rsbs_KRR,0.232421875,-0.049320566778881844,1.0,0.298828125,False,False
sbs_MR,rsbs_MR,0.232421875,-0.01936935958200421,1.0,0.298828125,False,False
sbs_RF,dbs_CART,0.232421875,-0.025919736427442896,1.0,0.298828125,False,False
sbs_SVR,ddbs_SVR,0.232421875,-0.13934192944530718,1.0,0.298828125,False,False
dbs_CART,ddbs_CART,0.232421875,0.03986846119530395,1.0,0.298828125,False,False
random_KRR,rsbs_SVR,0.232421875,-0.026310421934580348,1.0,0.298828125,False,False
twise_kNN,dbs_KRR,0.232421875,-0.06322816315893195,1.0,0.298828125,False,False
dbs_MR,ddbs_RF,0.232421875,0.06600788231028384,1.0,0.298828125,False,False
random_KRR,ddbs_KRR,0.275390625,-0.016956108530524996,1.0,0.3469921875,False,False
sbs_MR,rsbs_CART,0.275390625,0.0281460526156206,1.0,0.3469921875,False,False
dbs_kNN,rsbs_kNN,0.275390625,0.03666129389446321,1.0,0.3469921875,False,False
sbs_RF,rsbs_RF,0.275390625,0.007658115539627058,1.0,0.3469921875,False,False
random_kNN,dbs_kNN,0.275390625,-0.025030314928524963,1.0,0.3469921875,False,False
dbs_MR,ddbs_MR,0.275390625,0.0567196691788546,1.0,0.3469921875,False,False
dbs_MR,rsbs_kNN,0.275390625,-0.0445869066159769,1.0,0.3469921875,False,False
random_SVR,rsbs_SVR,0.275390625,-0.012659631811979148,1.0,0.3469921875,False,False
random_KRR,rsbs_MR,0.275390625,0.014653166158421799,1.0,0.3469921875,False,False
random_kNN,dbs_MR,0.275390625,0.04551778777980066,1.0,0.3469921875,False,False
sbs_KRR,dbs_MR,0.322265625,-0.034495621829594855,1.0,0.3973137842465753,False,False
dbs_RF,ddbs_RF,0.322265625,0.045168569048021495,1.0,0.3973137842465753,False,False
random_MR,twise_MR,0.322265625,0.00791310305481025,1.0,0.3973137842465753,False,False
twise_kNN,rsbs_kNN,0.322265625,-0.03782919458630915,1.0,0.3973137842465753,False,False
twise_KRR,rsbs_KRR,0.322265625,-0.01530886401177984,1.0,0.3973137842465753,False,False
sbs_KRR,rsbs_SVR,0.322265625,-0.015563336788433899,1.0,0.3973137842465753,False,False
twise_KRR,dbs_MR,0.322265625,-0.06841962912059549,1.0,0.3973137842465753,False,False
dbs_CART,ddbs_MR,0.322265625,0.03652584430914085,1.0,0.3973137842465753,False,False
random_kNN,ddbs_KRR,0.322265625,0.0736811130211796,1.0,0.3973137842465753,False,False
dbs_CART,ddbs_RF,0.322265625,0.04741797796260125,1.0,0.3973137842465753,False,False
random_KRR,ddbs_MR,0.322265625,0.0188549833117354,1.0,0.3973137842465753,False,False
sbs_SVR,rsbs_KRR,0.375,0.028870436831808954,1.0,0.45345489443378123,False,False
twise_SVR,sbs_SVR,0.375,-0.019434896927587444,1.0,0.45345489443378123,False,False
sbs_SVR,dbs_RF,0.375,0.02433478397203329,1.0,0.45345489443378123,False,False
dbs_RF,ddbs_MR,0.375,0.029562223594343406,1.0,0.45345489443378123,False,False
twise_KRR,twise_SVR,0.375,-0.0122241284501227,1.0,0.45345489443378123,False,False
ddbs_CART,ddbs_RF,0.375,-0.0034165083698861134,1.0,0.45345489443378123,False,False
twise_KRR,sbs_SVR,0.375,-0.0534068724972096,1.0,0.45345489443378123,False,False
twise_KRR,ddbs_MR,0.375,0.0022898097483873003,1.0,0.45345489443378123,False,False
sbs_CART,rsbs_CART,0.375,0.007530270300031252,1.0,0.45345489443378123,False,False
twise_SVR,sbs_KRR,0.375,0.018597658680745734,1.0,0.45345489443378123,False,False
sbs_RF,rsbs_MR,0.431640625,-0.014524468316353706,1.0,0.5073387943097015,False,False
dbs_CART,rsbs_MR,0.431640625,0.040259981538583046,1.0,0.5073387943097015,False,False
random_KRR,sbs_MR,0.431640625,0.0009195626665153139,1.0,0.5073387943097015,False,False
ddbs_RF,rsbs_MR,0.431640625,-0.022985752400085904,1.0,0.5073387943097015,False,False
dbs_KRR,ddbs_kNN,0.431640625,0.0428924506658264,1.0,0.5073387943097015,False,False
twise_CART,twise_RF,0.431640625,-0.0007548198884230473,1.0,0.5073387943097015,False,False
random_SVR,sbs_SVR,0.431640625,-0.008875826310711293,1.0,0.5073387943097015,False,False
dbs_MR,rsbs_KRR,0.431640625,0.0675570170187898,1.0,0.5073387943097015,False,False
dbs_SVR,ddbs_kNN,0.431640625,0.036176466121982886,1.0,0.5073387943097015,False,False
sbs_RF,rsbs_CART,0.431640625,0.015302160741801706,1.0,0.5073387943097015,False,False
random_KRR,sbs_SVR,0.431640625,-0.04766377258420576,1.0,0.5073387943097015,False,False
dbs_KRR,dbs_SVR,0.431640625,-0.018220261695223845,1.0,0.5073387943097015,False,False
sbs_CART,sbs_RF,0.431640625,-0.007979330473627998,1.0,0.5073387943097015,False,False
sbs_kNN,rsbs_kNN,0.431640625,-0.03471318817983861,1.0,0.5073387943097015,False,False
random_kNN,ddbs_SVR,0.431640625,0.03567057353176506,1.0,0.5073387943097015,False,False
sbs_MR,rsbs_RF,0.4921875,0.027570718005790154,1.0,0.5658359945255474,False,False
twise_SVR,dbs_MR,0.4921875,-0.057210151909179,1.0,0.5658359945255474,False,False
sbs_KRR,rsbs_MR,0.4921875,0.0131078467535811,1.0,0.5658359945255474,False,False
twise_SVR,ddbs_KRR,0.4921875,-0.006876735022358596,1.0,0.5658359945255474,False,False
dbs_CART,rsbs_SVR,0.4921875,-0.0357690077970994,1.0,0.5658359945255474,False,False
twise_KRR,sbs_MR,0.4921875,-0.0035665035188498923,1.0,0.5658359945255474,False,False
random_KRR,dbs_MR,0.4921875,-0.0759313773950856,1.0,0.5658359945255474,False,False
random_CART,twise_RF,0.4921875,0.0003453947273471987,1.0,0.5658359945255474,False,False
sbs_RF,ddbs_CART,0.4921875,0.029962253825906653,1.0,0.5658359945255474,False,False
sbs_SVR,dbs_CART,0.4921875,0.0159875733466086,1.0,0.5658359945255474,False,False
dbs_RF,ddbs_KRR,0.4921875,-0.01246992774213675,1.0,0.5658359945255474,False,False
random_KRR,rsbs_KRR,0.4921875,-0.0064497614883210035,1.0,0.5658359945255474,False,False
dbs_MR,ddbs_kNN,0.556640625,-0.045797421317605294,1.0,0.626220703125,False,False
twise_kNN,ddbs_KRR,0.556640625,0.06333802183216168,1.0,0.626220703125,False,False
random_MR,ddbs_CART,0.556640625,-0.012915080253830043,1.0,0.626220703125,False,False
dbs_RF,rsbs_SVR,0.556640625,-0.04342765409647855,1.0,0.626220703125,False,False
twise_kNN,ddbs_SVR,0.556640625,0.02508381236298815,1.0,0.626220703125,False,False
ddbs_KRR,rsbs_SVR,0.556640625,0.011288616937950701,1.0,0.626220703125,False,False
dbs_CART,dbs_RF,0.556640625,0.0022494089145797536,1.0,0.626220703125,False,False
random_KRR,sbs_KRR,0.556640625,-0.00648362870508035,1.0,0.626220703125,False,False
random_kNN,dbs_SVR,0.556640625,-0.011700944726793196,1.0,0.626220703125,False,False
rsbs_KRR,rsbs_SVR,0.556640625,-0.013110658203023061,1.0,0.626220703125,False,False
random_kNN,dbs_KRR,0.556640625,-0.008418319916839955,1.0,0.626220703125,False,False
ddbs_CART,rsbs_CART,0.556640625,0.0023758985895593956,1.0,0.626220703125,False,False
sbs_SVR,dbs_MR,0.625,-0.03386037515557049,1.0,0.6920035149384886,False,False
ddbs_kNN,rsbs_kNN,0.625,0.019936950518737562,1.0,0.6920035149384886,False,False
random_SVR,dbs_MR,0.625,-0.06186517831189555,1.0,0.6920035149384886,False,False
random_MR,ddbs_RF,0.625,-0.003608827767535853,1.0,0.6920035149384886,False,False
dbs_KRR,rsbs_kNN,0.625,0.015651271933980956,1.0,0.6920035149384886,False,False
twise_kNN,dbs_SVR,0.625,0.005537830357877742,1.0,0.6920035149384886,False,False
sbs_SVR,ddbs_KRR,0.625,0.008810283274743702,1.0,0.6920035149384886,False,False
dbs_CART,ddbs_KRR,0.625,0.0010437545312223448,1.0,0.6920035149384886,False,False
dbs_SVR,rsbs_kNN,0.625,0.018933896743934198,1.0,0.6920035149384886,False,False
dbs_MR,rsbs_SVR,0.6953125,0.0552137258051959,1.0,0.7578665657439446,False,False
random_MR,rsbs_RF,0.6953125,-0.0010308751217884514,1.0,0.7578665657439446,False,False
dbs_kNN,dbs_SVR,0.6953125,0.018638877343839948,1.0,0.7578665657439446,False,False
twise_MR,ddbs_CART,0.6953125,-0.015575105439486647,1.0,0.7578665657439446,False,False
twise_MR,sbs_CART,0.6953125,-0.015462090961774401,1.0,0.7578665657439446,False,False
ddbs_SVR,rsbs_SVR,0.6953125,-0.0009469162243225457,1.0,0.7578665657439446,False,False
dbs_kNN,dbs_KRR,0.6953125,0.0068432349323185385,1.0,0.7578665657439446,False,False
twise_KRR,dbs_RF,0.6953125,-0.016071099003039296,1.0,0.7578665657439446,False,False
ddbs_MR,ddbs_RF,0.6953125,0.017170276492668387,1.0,0.7578665657439446,False,False
random_RF,twise_CART,0.76953125,0.001140025273240152,1.0,0.8120681532663316,False,False
random_CART,random_RF,0.76953125,0.0002929761074740994,1.0,0.8120681532663316,False,False
random_RF,twise_RF,0.76953125,0.0013620427770697566,1.0,0.8120681532663316,False,False
random_MR,rsbs_CART,0.76953125,-0.004246812986956349,1.0,0.8120681532663316,False,False
random_SVR,dbs_CART,0.76953125,0.00403081825796071,1.0,0.8120681532663316,False,False
twise_kNN,dbs_MR,0.76953125,0.0025965851455061403,1.0,0.8120681532663316,False,False
ddbs_CART,rsbs_RF,0.76953125,4.916193046069356e-05,1.0,0.8120681532663316,False,False
random_SVR,ddbs_KRR,0.76953125,-0.0036653303793716015,1.0,0.8120681532663316,False,False
random_MR,sbs_RF,0.76953125,0.0030796128295726005,1.0,0.8120681532663316,False,False
ddbs_SVR,rsbs_kNN,0.76953125,-0.0366242527578977,1.0,0.8120681532663316,False,False
sbs_kNN,ddbs_SVR,0.76953125,0.015162971875764947,1.0,0.8120681532663316,False,False
sbs_MR,sbs_RF,0.76953125,0.0336130190028735,1.0,0.8120681532663316,False,False
sbs_CART,ddbs_RF,0.76953125,0.004172728836208003,1.0,0.8120681532663316,False,False
twise_MR,ddbs_RF,0.76953125,-0.006268852953192456,1.0,0.8120681532663316,False,False
twise_KRR,sbs_KRR,0.76953125,-0.016493849346867852,1.0,0.8120681532663316,False,False
random_KRR,dbs_RF,0.76953125,-0.0261973591856321,1.0,0.8120681532663316,False,False
twise_KRR,dbs_CART,0.76953125,-0.02958478127639839,1.0,0.8120681532663316,False,False
random_KRR,twise_SVR,0.76953125,0.002013482877131604,1.0,0.8120681532663316,False,False
sbs_CART,ddbs_CART,0.76953125,0.008083847628453253,1.0,0.8120681532663316,False,False
sbs_MR,ddbs_RF,0.845703125,0.02435028372942289,1.0,0.8806495351239669,False,False
random_KRR,dbs_CART,0.845703125,-0.039118256993521346,1.0,0.8806495351239669,False,False
dbs_MR,ddbs_SVR,0.845703125,0.022202708415971648,1.0,0.8806495351239669,False,False
dbs_MR,ddbs_KRR,0.845703125,0.024381508033804403,1.0,0.8806495351239669,False,False
random_kNN,rsbs_kNN,0.845703125,-0.009058814837219941,1.0,0.8806495351239669,False,False
twise_SVR,dbs_CART,0.845703125,0.007211027212498403,1.0,0.8806495351239669,False,False
random_MR,sbs_CART,0.845703125,-0.010268254519624744,1.0,0.8806495351239669,False,False
ddbs_RF,rsbs_CART,0.845703125,-0.0006379852194204963,1.0,0.8806495351239669,False,False
sbs_KRR,dbs_RF,0.921875,-0.0158529226116242,1.0,0.944359756097561,False,False
sbs_KRR,dbs_CART,0.921875,-0.027188192313212,1.0,0.944359756097561,False,False
ddbs_RF,rsbs_RF,0.921875,-0.0007463868158507983,1.0,0.944359756097561,False,False
twise_kNN,ddbs_kNN,0.921875,-0.0008672642305104505,1.0,0.944359756097561,False,False
random_SVR,rsbs_KRR,0.921875,0.008511118251931696,1.0,0.944359756097561,False,False
twise_SVR,rsbs_KRR,0.921875,0.0024181718933922076,1.0,0.944359756097561,False,False
random_KRR,random_SVR,0.921875,-0.009145112584858443,1.0,0.944359756097561,False,False
twise_MR,rsbs_RF,0.921875,-0.0036909003074450542,1.0,0.944359756097561,False,False
sbs_SVR,rsbs_SVR,0.921875,0.0073102823130828005,1.0,0.944359756097561,False,False
sbs_KRR,rsbs_KRR,0.921875,0.0017039688058586508,1.0,0.944359756097561,False,False
sbs_MR,ddbs_CART,1.0,0.016022741368598502,1.0,1.0,False,False
sbs_CART,rsbs_RF,1.0,0.0022552158318486434,1.0,1.0,False,False
sbs_kNN,ddbs_KRR,1.0,0.006991261524649697,1.0,1.0,False,False
twise_MR,rsbs_CART,1.0,-0.0017258344427253033,1.0,1.0,False,False
sbs_RF,ddbs_RF,1.0,0.0108181885204541,1.0,1.0,False,False
random_kNN,ddbs_kNN,1.0,-0.000279633537804639,1.0,1.0,False,False
sbs_kNN,dbs_MR,1.0,-0.015970594317685504,1.0,1.0,False,False
twise_SVR,dbs_RF,1.0,-0.0022708044229152007,1.0,1.0,False,False
twise_MR,sbs_RF,1.0,0.0035936208133409003,1.0,1.0,False,False
twise_KRR,rsbs_MR,1.0,-0.01087496131481155,1.0,1.0,False,False
dbs_CART,rsbs_KRR,1.0,0.03433859709429965,1.0,1.0,False,False
dbs_RF,rsbs_KRR,1.0,0.0214176992864104,1.0,1.0,False,False
random_SVR,dbs_RF,1.0,-0.002526074607107409,1.0,1.0,False,False
ddbs_MR,rsbs_MR,1.0,-0.0042018171533136014,1.0,1.0,False,False
random_CART,twise_CART,1.0,0.0009019164079780012,1.0,1.0,False,False
