strategy,coverage_t,sample_size_source_t,metric_1,metric_2,rho,rho_abs,rho_strength,p_value,significant,n_systems
random,1,1,MDAP_MF-DF-ALS-PCI,MDA_MF-DF-ALS,0.9018743109151047,0.9018743109151047,Strength.STRONG,1.8450976771480254e-12,True,32
random,1,1,MDAP_MF-DF-ALS-PCI,MDP_MF-DF-PCI,0.8934215361999265,0.8934215361999265,Strength.STRONG,6.012926354071497e-12,True,32
random,1,1,MDAP_MF-DF-ALS-PCI,MD_MF-DF,0.8934215361999265,0.8934215361999265,Strength.STRONG,6.012926354071497e-12,True,32
random,1,1,MDAP_MF-DF-ALS-PCI,AP_ALS-PCI,0.9000367511944138,0.9000367511944138,Strength.STRONG,2.406614910091775e-12,True,32
random,1,1,MDAP_MF-DF-ALS-PCI,PCI,0.8919514884233736,0.8919514884233736,Strength.STRONG,7.310165282082199e-12,True,32
random,1,1,MDAP_MF-DF-ALS-PCI,ALS,0.9000367511944138,0.9000367511944138,Strength.STRONG,2.406614910091775e-12,True,32
random,1,1,MDAP_MF-DF-ALS-PCI,Default,0.8919514884233736,0.8919514884233736,Strength.STRONG,7.310165282082199e-12,True,32
random,1,1,MDA_MF-DF-ALS,MDP_MF-DF-PCI,0.8934215361999265,0.8934215361999265,Strength.STRONG,6.012926354071497e-12,True,32
random,1,1,MDA_MF-DF-ALS,MD_MF-DF,0.8934215361999265,0.8934215361999265,Strength.STRONG,6.012926354071497e-12,True,32
random,1,1,MDA_MF-DF-ALS,AP_ALS-PCI,0.9000367511944138,0.9000367511944138,Strength.STRONG,2.406614910091775e-12,True,32
random,1,1,MDA_MF-DF-ALS,PCI,0.8919514884233736,0.8919514884233736,Strength.STRONG,7.310165282082199e-12,True,32
random,1,1,MDA_MF-DF-ALS,ALS,0.9000367511944138,0.9000367511944138,Strength.STRONG,2.406614910091775e-12,True,32
random,1,1,MDA_MF-DF-ALS,Default,0.8919514884233736,0.8919514884233736,Strength.STRONG,7.310165282082199e-12,True,32
random,1,1,MDP_MF-DF-PCI,MD_MF-DF,0.9051819184123485,0.9051819184123485,Strength.STRONG,1.1284794963728946e-12,True,32
random,1,1,MDP_MF-DF-PCI,AP_ALS-PCI,0.88864388092613,0.88864388092613,Strength.STRONG,1.1231783052846755e-11,True,32
random,1,1,MDP_MF-DF-PCI,PCI,0.9018743109151047,0.9018743109151047,Strength.STRONG,1.8450976771480254e-12,True,32
random,1,1,MDP_MF-DF-PCI,ALS,0.88864388092613,0.88864388092613,Strength.STRONG,1.1231783052846755e-11,True,32
random,1,1,MDP_MF-DF-PCI,Default,0.9018743109151047,0.9018743109151047,Strength.STRONG,1.8450976771480254e-12,True,32
random,1,1,MD_MF-DF,AP_ALS-PCI,0.88864388092613,0.88864388092613,Strength.STRONG,1.1231783052846755e-11,True,32
random,1,1,MD_MF-DF,PCI,0.9018743109151047,0.9018743109151047,Strength.STRONG,1.8450976771480254e-12,True,32
random,1,1,MD_MF-DF,ALS,0.88864388092613,0.88864388092613,Strength.STRONG,1.1231783052846755e-11,True,32
random,1,1,MD_MF-DF,Default,0.9018743109151047,0.9018743109151047,Strength.STRONG,1.8450976771480254e-12,True,32
random,1,1,AP_ALS-PCI,PCI,0.8882763689819919,0.8882763689819919,Strength.STRONG,1.1770941785172766e-11,True,32
random,1,1,AP_ALS-PCI,ALS,0.9018743109151047,0.9018743109151047,Strength.STRONG,1.8450976771480254e-12,True,32
random,1,1,AP_ALS-PCI,Default,0.8882763689819919,0.8882763689819919,Strength.STRONG,1.1770941785172766e-11,True,32
random,1,1,PCI,ALS,0.8882763689819919,0.8882763689819919,Strength.STRONG,1.1770941785172766e-11,True,32
random,1,1,PCI,Default,0.9073869900771774,0.9073869900771774,Strength.STRONG,8.049389917335829e-13,True,32
random,1,1,ALS,Default,0.8882763689819919,0.8882763689819919,Strength.STRONG,1.1770941785172766e-11,True,32
random,1,2,MDAP_MF-DF-ALS-PCI,MDA_MF-DF-ALS,0.7890711389605602,0.7890711389605602,Strength.MODERATE,8.057657079592807e-08,True,32
random,1,2,MDAP_MF-DF-ALS-PCI,MDP_MF-DF-PCI,0.7902884028755879,0.7902884028755879,Strength.MODERATE,7.452956820804852e-08,True,32
random,1,2,MDAP_MF-DF-ALS-PCI,MD_MF-DF,0.7902884028755879,0.7902884028755879,Strength.MODERATE,7.452956820804852e-08,True,32
random,1,2,MDAP_MF-DF-ALS-PCI,AP_ALS-PCI,0.7890711389605602,0.7890711389605602,Strength.MODERATE,8.057657079592807e-08,True,32
random,1,2,MDAP_MF-DF-ALS-PCI,PCI,0.7716760375519467,0.7716760375519467,Strength.MODERATE,2.3311017222314087e-07,True,32
random,1,2,MDAP_MF-DF-ALS-PCI,ALS,0.7890711389605602,0.7890711389605602,Strength.MODERATE,8.057657079592807e-08,True,32
random,1,2,MDAP_MF-DF-ALS-PCI,Default,0.7716760375519467,0.7716760375519467,Strength.MODERATE,2.3311017222314087e-07,True,32
random,1,2,MDA_MF-DF-ALS,MDP_MF-DF-PCI,0.7902884028755879,0.7902884028755879,Strength.MODERATE,7.452956820804852e-08,True,32
random,1,2,MDA_MF-DF-ALS,MD_MF-DF,0.7902884028755879,0.7902884028755879,Strength.MODERATE,7.452956820804852e-08,True,32
random,1,2,MDA_MF-DF-ALS,AP_ALS-PCI,0.7890711389605602,0.7890711389605602,Strength.MODERATE,8.057657079592807e-08,True,32
random,1,2,MDA_MF-DF-ALS,PCI,0.7716760375519467,0.7716760375519467,Strength.MODERATE,2.3311017222314087e-07,True,32
random,1,2,MDA_MF-DF-ALS,ALS,0.7890711389605602,0.7890711389605602,Strength.MODERATE,8.057657079592807e-08,True,32
random,1,2,MDA_MF-DF-ALS,Default,0.7716760375519467,0.7716760375519467,Strength.MODERATE,2.3311017222314087e-07,True,32
random,1,2,MDP_MF-DF-PCI,MD_MF-DF,0.8097475585037776,0.8097475585037776,Strength.STRONG,1.9895845740793742e-08,True,32
random,1,2,MDP_MF-DF-PCI,AP_ALS-PCI,0.7902884028755878,0.7902884028755878,Strength.MODERATE,7.452956820804899e-08,True,32
random,1,2,MDP_MF-DF-PCI,PCI,0.7889257416620601,0.7889257416620601,Strength.MODERATE,8.13281565642293e-08,True,32
random,1,2,MDP_MF-DF-PCI,ALS,0.7902884028755878,0.7902884028755878,Strength.MODERATE,7.452956820804899e-08,True,32
random,1,2,MDP_MF-DF-PCI,Default,0.7889257416620601,0.7889257416620601,Strength.MODERATE,8.13281565642293e-08,True,32
random,1,2,MD_MF-DF,AP_ALS-PCI,0.7902884028755878,0.7902884028755878,Strength.MODERATE,7.452956820804899e-08,True,32
random,1,2,MD_MF-DF,PCI,0.7889257416620601,0.7889257416620601,Strength.MODERATE,8.13281565642293e-08,True,32
random,1,2,MD_MF-DF,ALS,0.7902884028755878,0.7902884028755878,Strength.MODERATE,7.452956820804899e-08,True,32
random,1,2,MD_MF-DF,Default,0.7889257416620601,0.7889257416620601,Strength.MODERATE,8.13281565642293e-08,True,32
random,1,2,AP_ALS-PCI,PCI,0.7716760375519467,0.7716760375519467,Strength.MODERATE,2.3311017222314087e-07,True,32
random,1,2,AP_ALS-PCI,ALS,0.7890711389605602,0.7890711389605602,Strength.MODERATE,8.057657079592807e-08,True,32
random,1,2,AP_ALS-PCI,Default,0.7716760375519467,0.7716760375519467,Strength.MODERATE,2.3311017222314087e-07,True,32
random,1,2,PCI,ALS,0.7716760375519468,0.7716760375519468,Strength.MODERATE,2.331101722231395e-07,True,32
random,1,2,PCI,Default,0.791321171918187,0.791321171918187,Strength.MODERATE,6.972840521045353e-08,True,32
random,1,2,ALS,Default,0.7716760375519467,0.7716760375519467,Strength.MODERATE,2.3311017222314087e-07,True,32
random,1,3,MDAP_MF-DF-ALS-PCI,MDA_MF-DF-ALS,0.683366958081148,0.683366958081148,Strength.MODERATE,3.1539586119983186e-05,True,30
random,1,3,MDAP_MF-DF-ALS-PCI,MDP_MF-DF-PCI,0.6780554440959784,0.6780554440959784,Strength.MODERATE,3.834957449978125e-05,True,30
random,1,3,MDAP_MF-DF-ALS-PCI,MD_MF-DF,0.6780554440959784,0.6780554440959784,Strength.MODERATE,3.834957449978125e-05,True,30
random,1,3,MDAP_MF-DF-ALS-PCI,AP_ALS-PCI,0.6598319700491203,0.6598319700491203,Strength.MODERATE,7.28585212403467e-05,True,30
random,1,3,MDAP_MF-DF-ALS-PCI,PCI,0.6286835089056909,0.6286835089056909,Strength.MODERATE,0.00019870212255136113,True,30
random,1,3,MDAP_MF-DF-ALS-PCI,ALS,0.6598319700491203,0.6598319700491203,Strength.MODERATE,7.28585212403467e-05,True,30
random,1,3,MDAP_MF-DF-ALS-PCI,Default,0.6286835089056909,0.6286835089056909,Strength.MODERATE,0.00019870212255136113,True,30
random,1,3,MDA_MF-DF-ALS,MDP_MF-DF-PCI,0.6780554440959784,0.6780554440959784,Strength.MODERATE,3.834957449978125e-05,True,30
random,1,3,MDA_MF-DF-ALS,MD_MF-DF,0.6780554440959784,0.6780554440959784,Strength.MODERATE,3.834957449978125e-05,True,30
random,1,3,MDA_MF-DF-ALS,AP_ALS-PCI,0.6598319700491203,0.6598319700491203,Strength.MODERATE,7.28585212403467e-05,True,30
random,1,3,MDA_MF-DF-ALS,PCI,0.6286835089056909,0.6286835089056909,Strength.MODERATE,0.00019870212255136113,True,30
random,1,3,MDA_MF-DF-ALS,ALS,0.6598319700491203,0.6598319700491203,Strength.MODERATE,7.28585212403467e-05,True,30
random,1,3,MDA_MF-DF-ALS,Default,0.6286835089056909,0.6286835089056909,Strength.MODERATE,0.00019870212255136113,True,30
random,1,3,MDP_MF-DF-PCI,MD_MF-DF,0.6837214509628302,0.6837214509628302,Strength.MODERATE,3.112630979725701e-05,True,30
random,1,3,MDP_MF-DF-PCI,AP_ALS-PCI,0.655431147457233,0.655431147457233,Strength.MODERATE,8.453242686303572e-05,True,30
random,1,3,MDP_MF-DF-PCI,PCI,0.6307950886086783,0.6307950886086783,Strength.MODERATE,0.0001862731293678325,True,30
random,1,3,MDP_MF-DF-PCI,ALS,0.655431147457233,0.655431147457233,Strength.MODERATE,8.453242686303572e-05,True,30
random,1,3,MDP_MF-DF-PCI,Default,0.6307950886086783,0.6307950886086783,Strength.MODERATE,0.0001862731293678325,True,30
random,1,3,MD_MF-DF,AP_ALS-PCI,0.655431147457233,0.655431147457233,Strength.MODERATE,8.453242686303572e-05,True,30
random,1,3,MD_MF-DF,PCI,0.6307950886086783,0.6307950886086783,Strength.MODERATE,0.0001862731293678325,True,30
random,1,3,MD_MF-DF,ALS,0.655431147457233,0.655431147457233,Strength.MODERATE,8.453242686303572e-05,True,30
random,1,3,MD_MF-DF,Default,0.6307950886086783,0.6307950886086783,Strength.MODERATE,0.0001862731293678325,True,30
random,1,3,AP_ALS-PCI,PCI,0.6061827956989247,0.6061827956989247,Strength.MODERATE,0.0003845079960728755,True,30
random,1,3,AP_ALS-PCI,ALS,0.6513216845878137,0.6513216845878137,Strength.MODERATE,9.691039288996165e-05,True,30
random,1,3,AP_ALS-PCI,Default,0.6061827956989247,0.6061827956989247,Strength.MODERATE,0.0003845079960728755,True,30
random,1,3,PCI,ALS,0.6061827956989247,0.6061827956989247,Strength.MODERATE,0.0003845079960728755,True,30
random,1,3,PCI,Default,0.6118951612903225,0.6118951612903225,Strength.MODERATE,0.0003267144329167466,True,30
random,1,3,ALS,Default,0.6061827956989247,0.6061827956989247,Strength.MODERATE,0.0003845079960728755,True,30
random,2,1,MDAP_MF-DF-ALS-PCI,MDA_MF-DF-ALS,0.9011392870268283,0.9011392870268283,Strength.STRONG,2.0532613806364706e-12,True,32
random,2,1,MDAP_MF-DF-ALS-PCI,MDP_MF-DF-PCI,0.89672914369717,0.89672914369717,Strength.STRONG,3.833511928905799e-12,True,32
random,2,1,MDAP_MF-DF-ALS-PCI,MD_MF-DF,0.89672914369717,0.89672914369717,Strength.STRONG,3.833511928905799e-12,True,32
random,2,1,MDAP_MF-DF-ALS-PCI,AP_ALS-PCI,0.9007717750826902,0.9007717750826902,Strength.STRONG,2.1653146849927894e-12,True,32
random,2,1,MDAP_MF-DF-ALS-PCI,PCI,0.8937890481440646,0.8937890481440646,Strength.STRONG,5.7237777175306725e-12,True,32
random,2,1,MDAP_MF-DF-ALS-PCI,ALS,0.9000367511944138,0.9000367511944138,Strength.STRONG,2.406614910091775e-12,True,32
random,2,1,MDAP_MF-DF-ALS-PCI,Default,0.8915839764792355,0.8915839764792355,Strength.STRONG,7.672684558798684e-12,True,32
random,2,1,MDA_MF-DF-ALS,MDP_MF-DF-PCI,0.8952590959206174,0.8952590959206174,Strength.STRONG,4.691189330304498e-12,True,32
random,2,1,MDA_MF-DF-ALS,MD_MF-DF,0.8952590959206174,0.8952590959206174,Strength.STRONG,4.691189330304498e-12,True,32
random,2,1,MDA_MF-DF-ALS,AP_ALS-PCI,0.9011392870268283,0.9011392870268283,Strength.STRONG,2.0532613806364706e-12,True,32
random,2,1,MDA_MF-DF-ALS,PCI,0.8926865123116502,0.8926865123116502,Strength.STRONG,6.632232211365557e-12,True,32
random,2,1,MDA_MF-DF-ALS,ALS,0.9011392870268283,0.9011392870268283,Strength.STRONG,2.0532613806364706e-12,True,32
random,2,1,MDA_MF-DF-ALS,Default,0.8901139287026828,0.8901139287026828,Strength.STRONG,9.295708874781907e-12,True,32
random,2,1,MDP_MF-DF-PCI,MD_MF-DF,0.9018743109151047,0.9018743109151047,Strength.STRONG,1.8450976771480254e-12,True,32
random,2,1,MDP_MF-DF-PCI,AP_ALS-PCI,0.8926865123116502,0.8926865123116502,Strength.STRONG,6.632232211365557e-12,True,32
random,2,1,MDP_MF-DF-PCI,PCI,0.8934215361999265,0.8934215361999265,Strength.STRONG,6.012926354071497e-12,True,32
random,2,1,MDP_MF-DF-PCI,ALS,0.8926865123116502,0.8926865123116502,Strength.STRONG,6.632232211365557e-12,True,32
random,2,1,MDP_MF-DF-PCI,Default,0.8937890481440646,0.8937890481440646,Strength.STRONG,5.7237777175306725e-12,True,32
random,2,1,MD_MF-DF,AP_ALS-PCI,0.8926865123116502,0.8926865123116502,Strength.STRONG,6.632232211365557e-12,True,32
random,2,1,MD_MF-DF,PCI,0.8934215361999265,0.8934215361999265,Strength.STRONG,6.012926354071497e-12,True,32
random,2,1,MD_MF-DF,ALS,0.8926865123116502,0.8926865123116502,Strength.STRONG,6.632232211365557e-12,True,32
random,2,1,MD_MF-DF,Default,0.8937890481440646,0.8937890481440646,Strength.STRONG,5.7237777175306725e-12,True,32
random,2,1,AP_ALS-PCI,PCI,0.8926865123116502,0.8926865123116502,Strength.STRONG,6.632232211365557e-12,True,32
random,2,1,AP_ALS-PCI,ALS,0.9011392870268283,0.9011392870268283,Strength.STRONG,2.0532613806364706e-12,True,32
random,2,1,AP_ALS-PCI,Default,0.8897464167585447,0.8897464167585447,Strength.STRONG,9.748379735446816e-12,True,32
random,2,1,PCI,ALS,0.8926865123116502,0.8926865123116502,Strength.STRONG,6.632232211365557e-12,True,32
random,2,1,PCI,Default,0.9011392870268283,0.9011392870268283,Strength.STRONG,2.0532613806364706e-12,True,32
random,2,1,ALS,Default,0.8901139287026828,0.8901139287026828,Strength.STRONG,9.295708874781907e-12,True,32
random,2,2,MDAP_MF-DF-ALS-PCI,MDA_MF-DF-ALS,0.6758544652701213,0.6758544652701213,Strength.MODERATE,2.18585701362373e-05,True,32
random,2,2,MDAP_MF-DF-ALS-PCI,MDP_MF-DF-PCI,0.6832047041528849,0.6832047041528849,Strength.MODERATE,1.638935804469757e-05,True,32
random,2,2,MDAP_MF-DF-ALS-PCI,MD_MF-DF,0.6832047041528849,0.6832047041528849,Strength.MODERATE,1.638935804469757e-05,True,32
random,2,2,MDAP_MF-DF-ALS-PCI,AP_ALS-PCI,0.6758544652701213,0.6758544652701213,Strength.MODERATE,2.18585701362373e-05,True,32
random,2,2,MDAP_MF-DF-ALS-PCI,PCI,0.6765894891583977,0.6765894891583977,Strength.MODERATE,2.1245798301444393e-05,True,32
random,2,2,MDAP_MF-DF-ALS-PCI,ALS,0.6758544652701213,0.6758544652701213,Strength.MODERATE,2.18585701362373e-05,True,32
random,2,2,MDAP_MF-DF-ALS-PCI,Default,0.6751194413818449,0.6751194413818449,Strength.MODERATE,2.248723493568683e-05,True,32
random,2,2,MDA_MF-DF-ALS,MDP_MF-DF-PCI,0.6828371922087467,0.6828371922087467,Strength.MODERATE,1.663025851816587e-05,True,32
random,2,2,MDA_MF-DF-ALS,MD_MF-DF,0.6828371922087467,0.6828371922087467,Strength.MODERATE,1.663025851816587e-05,True,32
random,2,2,MDA_MF-DF-ALS,AP_ALS-PCI,0.6762219772142595,0.6762219772142595,Strength.MODERATE,2.155022008008164e-05,True,32
random,2,2,MDA_MF-DF-ALS,PCI,0.6769570011025358,0.6769570011025358,Strength.MODERATE,2.094526038473192e-05,True,32
random,2,2,MDA_MF-DF-ALS,ALS,0.6762219772142595,0.6762219772142595,Strength.MODERATE,2.155022008008164e-05,True,32
random,2,2,MDA_MF-DF-ALS,Default,0.6754869533259831,0.6754869533259831,Strength.MODERATE,2.2170893323235842e-05,True,32
random,2,2,MDP_MF-DF-PCI,MD_MF-DF,0.7008452774715178,0.7008452774715178,Strength.MODERATE,7.932727802957544e-06,True,32
random,2,2,MDP_MF-DF-PCI,AP_ALS-PCI,0.6828371922087467,0.6828371922087467,Strength.MODERATE,1.663025851816587e-05,True,32
random,2,2,MDP_MF-DF-PCI,PCI,0.6905549430356486,0.6905549430356486,Strength.MODERATE,1.218725020072886e-05,True,32
random,2,2,MDP_MF-DF-PCI,ALS,0.6828371922087467,0.6828371922087467,Strength.MODERATE,1.663025851816587e-05,True,32
random,2,2,MDP_MF-DF-PCI,Default,0.6890848952590959,0.6890848952590959,Strength.MODERATE,1.2939949524315422e-05,True,32
random,2,2,MD_MF-DF,AP_ALS-PCI,0.6828371922087467,0.6828371922087467,Strength.MODERATE,1.663025851816587e-05,True,32
random,2,2,MD_MF-DF,PCI,0.6905549430356486,0.6905549430356486,Strength.MODERATE,1.218725020072886e-05,True,32
random,2,2,MD_MF-DF,ALS,0.6828371922087467,0.6828371922087467,Strength.MODERATE,1.663025851816587e-05,True,32
random,2,2,MD_MF-DF,Default,0.6890848952590959,0.6890848952590959,Strength.MODERATE,1.2939949524315422e-05,True,32
random,2,2,AP_ALS-PCI,PCI,0.6769570011025358,0.6769570011025358,Strength.MODERATE,2.094526038473192e-05,True,32
random,2,2,AP_ALS-PCI,ALS,0.6762219772142595,0.6762219772142595,Strength.MODERATE,2.155022008008164e-05,True,32
random,2,2,AP_ALS-PCI,Default,0.6754869533259831,0.6754869533259831,Strength.MODERATE,2.2170893323235842e-05,True,32
random,2,2,PCI,ALS,0.6769570011025358,0.6769570011025358,Strength.MODERATE,2.094526038473192e-05,True,32
random,2,2,PCI,Default,0.699375229694965,0.699375229694965,Strength.MODERATE,8.443711529781956e-06,True,32
random,2,2,ALS,Default,0.6754869533259831,0.6754869533259831,Strength.MODERATE,2.2170893323235842e-05,True,32
random,2,3,MDAP_MF-DF-ALS-PCI,MDA_MF-DF-ALS,0.6308859629546976,0.6308859629546976,Strength.MODERATE,0.00018575407201937416,True,30
random,2,3,MDAP_MF-DF-ALS-PCI,MDP_MF-DF-PCI,0.605891542066503,0.605891542066503,Strength.MODERATE,0.00038768235024118374,True,30
random,2,3,MDAP_MF-DF-ALS-PCI,MD_MF-DF,0.605891542066503,0.605891542066503,Strength.MODERATE,0.00038768235024118374,True,30
random,2,3,MDAP_MF-DF-ALS-PCI,AP_ALS-PCI,0.6295469761214014,0.6295469761214014,Strength.MODERATE,0.00019353347439250753,True,30
random,2,3,MDAP_MF-DF-ALS-PCI,PCI,0.5942869895112698,0.5942869895112698,Strength.WEAK,0.0005345418953879982,True,30
random,2,3,MDAP_MF-DF-ALS-PCI,ALS,0.6286543182325374,0.6286543182325374,Strength.MODERATE,0.00019887897451643244,True,30
random,2,3,MDAP_MF-DF-ALS-PCI,Default,0.5933943316224057,0.5933943316224057,Strength.WEAK,0.0005476388948273257,True,30
random,2,3,MDA_MF-DF-ALS,MDP_MF-DF-PCI,0.605891542066503,0.605891542066503,Strength.MODERATE,0.00038768235024118374,True,30
random,2,3,MDA_MF-DF-ALS,MD_MF-DF,0.605891542066503,0.605891542066503,Strength.MODERATE,0.00038768235024118374,True,30
random,2,3,MDA_MF-DF-ALS,AP_ALS-PCI,0.6295469761214014,0.6295469761214014,Strength.MODERATE,0.00019353347439250753,True,30
random,2,3,MDA_MF-DF-ALS,PCI,0.5942869895112698,0.5942869895112698,Strength.WEAK,0.0005345418953879982,True,30
random,2,3,MDA_MF-DF-ALS,ALS,0.6286543182325374,0.6286543182325374,Strength.MODERATE,0.00019887897451643244,True,30
random,2,3,MDA_MF-DF-ALS,Default,0.5933943316224057,0.5933943316224057,Strength.WEAK,0.0005476388948273257,True,30
random,2,3,MDP_MF-DF-PCI,MD_MF-DF,0.5960723052889979,0.5960723052889979,Strength.WEAK,0.0005091718778338515,True,30
random,2,3,MDP_MF-DF-PCI,AP_ALS-PCI,0.6045525552332068,0.6045525552332068,Strength.MODERATE,0.00040257526767019754,True,30
random,2,3,MDP_MF-DF-PCI,PCI,0.5759875027895559,0.5759875027895559,Strength.WEAK,0.0008660206247898502,True,30
random,2,3,MDP_MF-DF-PCI,ALS,0.6041062262887748,0.6041062262887748,Strength.MODERATE,0.00040765048356886373,True,30
random,2,3,MDP_MF-DF-PCI,Default,0.577326489622852,0.577326489622852,Strength.WEAK,0.0008367779331696592,True,30
random,2,3,MD_MF-DF,AP_ALS-PCI,0.6045525552332068,0.6045525552332068,Strength.MODERATE,0.00040257526767019754,True,30
random,2,3,MD_MF-DF,PCI,0.5759875027895559,0.5759875027895559,Strength.WEAK,0.0008660206247898502,True,30
random,2,3,MD_MF-DF,ALS,0.6041062262887748,0.6041062262887748,Strength.MODERATE,0.00040765048356886373,True,30
random,2,3,MD_MF-DF,Default,0.577326489622852,0.577326489622852,Strength.WEAK,0.0008367779331696592,True,30
random,2,3,AP_ALS-PCI,PCI,0.59651863423343,0.59651863423343,Strength.WEAK,0.000502997419615549,True,30
random,2,3,AP_ALS-PCI,ALS,0.6264226735103772,0.6264226735103772,Strength.MODERATE,0.00021281979501122322,True,30
random,2,3,AP_ALS-PCI,Default,0.5947333184557019,0.5947333184557019,Strength.WEAK,0.0005280973301638193,True,30
random,2,3,PCI,ALS,0.597411292122294,0.597411292122294,Strength.WEAK,0.0004908458900872377,True,30
random,2,3,PCI,Default,0.5893773711225173,0.5893773711225173,Strength.WEAK,0.0006101323374149002,True,30
random,2,3,ALS,Default,0.597411292122294,0.597411292122294,Strength.WEAK,0.0004908458900872377,True,30
random,3,1,MDAP_MF-DF-ALS-PCI,MDA_MF-DF-ALS,0.9022418228592428,0.9022418228592428,Strength.STRONG,1.7485172228072516e-12,True,32
random,3,1,MDAP_MF-DF-ALS-PCI,MDP_MF-DF-PCI,0.9000367511944138,0.9000367511944138,Strength.STRONG,2.406614910091775e-12,True,32
random,3,1,MDAP_MF-DF-ALS-PCI,MD_MF-DF,0.8996692392502755,0.8996692392502755,Strength.STRONG,2.536393966506872e-12,True,32
random,3,1,MDAP_MF-DF-ALS-PCI,AP_ALS-PCI,0.896361631753032,0.896361631753032,Strength.STRONG,4.0331180562633e-12,True,32
random,3,1,MDAP_MF-DF-ALS-PCI,PCI,0.8934215361999265,0.8934215361999265,Strength.STRONG,6.012926354071497e-12,True,32
random,3,1,MDAP_MF-DF-ALS-PCI,ALS,0.896361631753032,0.896361631753032,Strength.STRONG,4.0331180562633e-12,True,32
random,3,1,MDAP_MF-DF-ALS-PCI,Default,0.8901139287026828,0.8901139287026828,Strength.STRONG,9.295708874781907e-12,True,32
random,3,1,MDA_MF-DF-ALS,MDP_MF-DF-PCI,0.8993017273061374,0.8993017273061374,Strength.STRONG,2.67263237951194e-12,True,32
random,3,1,MDA_MF-DF-ALS,MD_MF-DF,0.8989342153619992,0.8989342153619992,Strength.STRONG,2.8156248048749942e-12,True,32
random,3,1,MDA_MF-DF-ALS,AP_ALS-PCI,0.8978316795295845,0.8978316795295845,Strength.STRONG,3.2882586685859074e-12,True,32
random,3,1,MDA_MF-DF-ALS,PCI,0.8926865123116502,0.8926865123116502,Strength.STRONG,6.632232211365557e-12,True,32
random,3,1,MDA_MF-DF-ALS,ALS,0.8978316795295845,0.8978316795295845,Strength.STRONG,3.2882586685859074e-12,True,32
random,3,1,MDA_MF-DF-ALS,Default,0.8890113928702683,0.8890113928702683,Strength.STRONG,1.071556454679137e-11,True,32
random,3,1,MDP_MF-DF-PCI,MD_MF-DF,0.9015067989709664,0.9015067989709664,Strength.STRONG,1.946602349886598e-12,True,32
random,3,1,MDP_MF-DF-PCI,AP_ALS-PCI,0.8974641675854464,0.8974641675854464,Strength.STRONG,3.4614648986753927e-12,True,32
random,3,1,MDP_MF-DF-PCI,PCI,0.8959941198088938,0.8959941198088938,Strength.STRONG,4.2423153271942325e-12,True,32
random,3,1,MDP_MF-DF-PCI,ALS,0.8970966556413081,0.8970966556413081,Strength.STRONG,3.643090960768936e-12,True,32
random,3,1,MDP_MF-DF-PCI,Default,0.8926865123116502,0.8926865123116502,Strength.STRONG,6.632232211365557e-12,True,32
random,3,1,MD_MF-DF,AP_ALS-PCI,0.89672914369717,0.89672914369717,Strength.STRONG,3.833511928905799e-12,True,32
random,3,1,MD_MF-DF,PCI,0.8956266078647557,0.8956266078647557,Strength.STRONG,4.46152602705238e-12,True,32
random,3,1,MD_MF-DF,ALS,0.89672914369717,0.89672914369717,Strength.STRONG,3.833511928905799e-12,True,32
random,3,1,MD_MF-DF,Default,0.8919514884233736,0.8919514884233736,Strength.STRONG,7.310165282082199e-12,True,32
random,3,1,AP_ALS-PCI,PCI,0.890481440646821,0.890481440646821,Strength.STRONG,8.862567065374721e-12,True,32
random,3,1,AP_ALS-PCI,ALS,0.9011392870268283,0.9011392870268283,Strength.STRONG,2.0532613806364706e-12,True,32
random,3,1,AP_ALS-PCI,Default,0.8875413450937155,0.8875413450937155,Strength.STRONG,1.2921848662502788e-11,True,32
random,3,1,PCI,ALS,0.8912164645350974,0.8912164645350974,Strength.STRONG,8.05179013642654e-12,True,32
random,3,1,PCI,Default,0.8989342153619992,0.8989342153619992,Strength.STRONG,2.8156248048749942e-12,True,32
random,3,1,ALS,Default,0.8890113928702683,0.8890113928702683,Strength.STRONG,1.071556454679137e-11,True,32
random,3,2,MDAP_MF-DF-ALS-PCI,MDA_MF-DF-ALS,0.7269386255053288,0.7269386255053288,Strength.MODERATE,2.4542178225890663e-06,True,32
random,3,2,MDAP_MF-DF-ALS-PCI,MDP_MF-DF-PCI,0.7243660418963616,0.7243660418963616,Strength.MODERATE,2.7711844070890402e-06,True,32
random,3,2,MDAP_MF-DF-ALS-PCI,MD_MF-DF,0.725101065784638,0.725101065784638,Strength.MODERATE,2.6770271634549904e-06,True,32
random,3,2,MDAP_MF-DF-ALS-PCI,AP_ALS-PCI,0.7262036016170526,0.7262036016170526,Strength.MODERATE,2.5412348155456198e-06,True,32
random,3,2,MDAP_MF-DF-ALS-PCI,PCI,0.7166482910694597,0.7166482910694597,Strength.MODERATE,3.958182334508962e-06,True,32
random,3,2,MDAP_MF-DF-ALS-PCI,ALS,0.7262036016170526,0.7262036016170526,Strength.MODERATE,2.5412348155456198e-06,True,32
random,3,2,MDAP_MF-DF-ALS-PCI,Default,0.7173833149577361,0.7173833149577361,Strength.MODERATE,3.827952860507107e-06,True,32
random,3,2,MDA_MF-DF-ALS,MDP_MF-DF-PCI,0.7243660418963616,0.7243660418963616,Strength.MODERATE,2.7711844070890402e-06,True,32
random,3,2,MDA_MF-DF-ALS,MD_MF-DF,0.725101065784638,0.725101065784638,Strength.MODERATE,2.6770271634549904e-06,True,32
random,3,2,MDA_MF-DF-ALS,AP_ALS-PCI,0.7262036016170526,0.7262036016170526,Strength.MODERATE,2.5412348155456198e-06,True,32
random,3,2,MDA_MF-DF-ALS,PCI,0.7166482910694597,0.7166482910694597,Strength.MODERATE,3.958182334508962e-06,True,32
random,3,2,MDA_MF-DF-ALS,ALS,0.7262036016170526,0.7262036016170526,Strength.MODERATE,2.5412348155456198e-06,True,32
random,3,2,MDA_MF-DF-ALS,Default,0.7173833149577361,0.7173833149577361,Strength.MODERATE,3.827952860507107e-06,True,32
random,3,2,MDP_MF-DF-PCI,MD_MF-DF,0.7265711135611906,0.7265711135611906,Strength.MODERATE,2.4973818002308174e-06,True,32
random,3,2,MDP_MF-DF-PCI,AP_ALS-PCI,0.7228959941198089,0.7228959941198089,Strength.MODERATE,2.968584556588353e-06,True,32
random,3,2,MDP_MF-DF-PCI,PCI,0.7184858507901507,0.7184858507901507,Strength.MODERATE,3.63989160284225e-06,True,32
random,3,2,MDP_MF-DF-PCI,ALS,0.7221609702315325,0.7221609702315325,Strength.MODERATE,3.072000354104265e-06,True,32
random,3,2,MDP_MF-DF-PCI,Default,0.719220874678427,0.719220874678427,Strength.MODERATE,3.5192205854134767e-06,True,32
random,3,2,MD_MF-DF,AP_ALS-PCI,0.7236310180080853,0.7236310180080853,Strength.MODERATE,2.868341744094005e-06,True,32
random,3,2,MD_MF-DF,PCI,0.719220874678427,0.719220874678427,Strength.MODERATE,3.5192205854134767e-06,True,32
random,3,2,MD_MF-DF,ALS,0.7232635060639471,0.7232635060639471,Strength.MODERATE,2.91807204694402e-06,True,32
random,3,2,MD_MF-DF,Default,0.7203234105108416,0.7203234105108416,Strength.MODERATE,3.3450156652494937e-06,True,32
random,3,2,AP_ALS-PCI,PCI,0.7159132671811834,0.7159132671811834,Strength.MODERATE,4.092421082143326e-06,True,32
random,3,2,AP_ALS-PCI,ALS,0.7262036016170526,0.7262036016170526,Strength.MODERATE,2.5412348155456198e-06,True,32
random,3,2,AP_ALS-PCI,Default,0.7166482910694597,0.7166482910694597,Strength.MODERATE,3.958182334508962e-06,True,32
random,3,2,PCI,ALS,0.715178243292907,0.715178243292907,Strength.MODERATE,4.230779177660254e-06,True,32
random,3,2,PCI,Default,0.7431091510474089,0.7431091510474089,Strength.MODERATE,1.1076111377855179e-06,True,32
random,3,2,ALS,Default,0.7162807791253216,0.7162807791253216,Strength.MODERATE,4.0247937307173945e-06,True,32
random,3,3,MDAP_MF-DF-ALS-PCI,MDA_MF-DF-ALS,0.597411292122294,0.597411292122294,Strength.WEAK,0.0004908458900872377,True,30
random,3,3,MDAP_MF-DF-ALS-PCI,MDP_MF-DF-PCI,0.5933943316224057,0.5933943316224057,Strength.WEAK,0.0005476388948273257,True,30
random,3,3,MDAP_MF-DF-ALS-PCI,MD_MF-DF,0.5933943316224057,0.5933943316224057,Strength.WEAK,0.0005476388948273257,True,30
random,3,3,MDAP_MF-DF-ALS-PCI,AP_ALS-PCI,0.6125864762329837,0.6125864762329837,Strength.MODERATE,0.0003202694902419605,True,30
random,3,3,MDAP_MF-DF-ALS-PCI,PCI,0.5603659897344342,0.5603659897344342,Strength.WEAK,0.0012793024060855516,True,30
random,3,3,MDAP_MF-DF-ALS-PCI,ALS,0.6116938183441196,0.6116938183441196,Strength.MODERATE,0.00032861291632449473,True,30
random,3,3,MDAP_MF-DF-ALS-PCI,Default,0.5750948449006917,0.5750948449006917,Strength.WEAK,0.0008860092376979669,True,30
random,3,3,MDA_MF-DF-ALS,MDP_MF-DF-PCI,0.5929480026779737,0.5929480026779737,Strength.WEAK,0.0005542925942552562,True,30
random,3,3,MDA_MF-DF-ALS,MD_MF-DF,0.5929480026779737,0.5929480026779737,Strength.WEAK,0.0005542925942552562,True,30
random,3,3,MDA_MF-DF-ALS,AP_ALS-PCI,0.6121401472885517,0.6121401472885517,Strength.MODERATE,0.00032441750696532033,True,30
random,3,3,MDA_MF-DF-ALS,PCI,0.5576880160678419,0.5576880160678419,Strength.WEAK,0.0013651939569890785,True,30
random,3,3,MDA_MF-DF-ALS,ALS,0.6116938183441196,0.6116938183441196,Strength.MODERATE,0.00032861291632449473,True,30
random,3,3,MDA_MF-DF-ALS,Default,0.5733095291229637,0.5733095291229637,Strength.WEAK,0.0009272012188282127,True,30
random,3,3,MDP_MF-DF-PCI,MD_MF-DF,0.5983039500111582,0.5983039500111582,Strength.WEAK,0.00047895354511835866,True,30
random,3,3,MDP_MF-DF-PCI,AP_ALS-PCI,0.6072305288997991,0.6072305288997991,Strength.MODERATE,0.0003732776024129722,True,30
random,3,3,MDP_MF-DF-PCI,PCI,0.5612586476232982,0.5612586476232982,Strength.WEAK,0.001251738317382392,True,30
random,3,3,MDP_MF-DF-PCI,ALS,0.6049988841776388,0.6049988841776388,Strength.MODERATE,0.0003975558570220864,True,30
random,3,3,MDP_MF-DF-PCI,Default,0.578219147511716,0.578219147511716,Strength.WEAK,0.0008177666216605188,True,30
random,3,3,MD_MF-DF,AP_ALS-PCI,0.6072305288997991,0.6072305288997991,Strength.MODERATE,0.0003732776024129722,True,30
random,3,3,MD_MF-DF,PCI,0.5612586476232982,0.5612586476232982,Strength.WEAK,0.001251738317382392,True,30
random,3,3,MD_MF-DF,ALS,0.6049988841776388,0.6049988841776388,Strength.MODERATE,0.0003975558570220864,True,30
random,3,3,MD_MF-DF,Default,0.578219147511716,0.578219147511716,Strength.WEAK,0.0008177666216605188,True,30
random,3,3,AP_ALS-PCI,PCI,0.5750948449006917,0.5750948449006917,Strength.WEAK,0.0008860092376979669,True,30
random,3,3,AP_ALS-PCI,ALS,0.6299933050658335,0.6299933050658335,Strength.MODERATE,0.00019090882678149458,True,30
random,3,3,AP_ALS-PCI,Default,0.5947333184557019,0.5947333184557019,Strength.WEAK,0.0005280973301638193,True,30
random,3,3,PCI,ALS,0.5724168712340996,0.5724168712340996,Strength.WEAK,0.0009484183438547758,True,30
random,3,3,PCI,Default,0.5652756081231867,0.5652756081231867,Strength.WEAK,0.0011340073465853856,True,30
random,3,3,ALS,Default,0.5925016737335416,0.5925016737335416,Strength.WEAK,0.0005610172780304387,True,30
distance,1,1,MDAP_MF-DF-ALS-PCI,MDA_MF-DF-ALS,0.8489525909592062,0.8489525909592062,Strength.STRONG,8.247931928727697e-10,True,32
distance,1,1,MDAP_MF-DF-ALS-PCI,MDP_MF-DF-PCI,0.8452774715178243,0.8452774715178243,Strength.STRONG,1.1527004850030001e-09,True,32
distance,1,1,MDAP_MF-DF-ALS-PCI,MD_MF-DF,0.8452774715178243,0.8452774715178243,Strength.STRONG,1.1527004850030001e-09,True,32
distance,1,1,MDAP_MF-DF-ALS-PCI,AP_ALS-PCI,0.8482175670709298,0.8482175670709298,Strength.STRONG,8.825179044497546e-10,True,32
distance,1,1,MDAP_MF-DF-ALS-PCI,PCI,0.7846380007350239,0.7846380007350239,Strength.MODERATE,1.066012183905546e-07,True,32
distance,1,1,MDAP_MF-DF-ALS-PCI,ALS,0.8482175670709298,0.8482175670709298,Strength.STRONG,8.825179044497546e-10,True,32
distance,1,1,MDAP_MF-DF-ALS-PCI,Default,0.7846380007350239,0.7846380007350239,Strength.MODERATE,1.066012183905546e-07,True,32
distance,1,1,MDA_MF-DF-ALS,MDP_MF-DF-PCI,0.8452774715178243,0.8452774715178243,Strength.STRONG,1.1527004850030001e-09,True,32
distance,1,1,MDA_MF-DF-ALS,MD_MF-DF,0.8452774715178243,0.8452774715178243,Strength.STRONG,1.1527004850030001e-09,True,32
distance,1,1,MDA_MF-DF-ALS,AP_ALS-PCI,0.8482175670709298,0.8482175670709298,Strength.STRONG,8.825179044497546e-10,True,32
distance,1,1,MDA_MF-DF-ALS,PCI,0.7846380007350239,0.7846380007350239,Strength.MODERATE,1.066012183905546e-07,True,32
distance,1,1,MDA_MF-DF-ALS,ALS,0.8482175670709298,0.8482175670709298,Strength.STRONG,8.825179044497546e-10,True,32
distance,1,1,MDA_MF-DF-ALS,Default,0.7846380007350239,0.7846380007350239,Strength.MODERATE,1.066012183905546e-07,True,32
distance,1,1,MDP_MF-DF-PCI,MD_MF-DF,0.8537302462330025,0.8537302462330025,Strength.STRONG,5.266685656011416e-10,True,32
distance,1,1,MDP_MF-DF-PCI,AP_ALS-PCI,0.8474825431826535,0.8474825431826535,Strength.STRONG,9.43948795028336e-10,True,32
distance,1,1,MDP_MF-DF-PCI,PCI,0.7886806321205438,0.7886806321205438,Strength.MODERATE,8.260973358473409e-08,True,32
distance,1,1,MDP_MF-DF-PCI,ALS,0.8474825431826535,0.8474825431826535,Strength.STRONG,9.43948795028336e-10,True,32
distance,1,1,MDP_MF-DF-PCI,Default,0.7886806321205438,0.7886806321205438,Strength.MODERATE,8.260973358473409e-08,True,32
distance,1,1,MD_MF-DF,AP_ALS-PCI,0.8474825431826535,0.8474825431826535,Strength.STRONG,9.43948795028336e-10,True,32
distance,1,1,MD_MF-DF,PCI,0.7886806321205438,0.7886806321205438,Strength.MODERATE,8.260973358473409e-08,True,32
distance,1,1,MD_MF-DF,ALS,0.8474825431826535,0.8474825431826535,Strength.STRONG,9.43948795028336e-10,True,32
distance,1,1,MD_MF-DF,Default,0.7886806321205438,0.7886806321205438,Strength.MODERATE,8.260973358473409e-08,True,32
distance,1,1,AP_ALS-PCI,PCI,0.8195516354281515,0.8195516354281515,Strength.STRONG,9.650093346289825e-09,True,32
distance,1,1,AP_ALS-PCI,ALS,0.8621830209481808,0.8621830209481808,Strength.STRONG,2.288045173489767e-10,True,32
distance,1,1,AP_ALS-PCI,Default,0.8195516354281515,0.8195516354281515,Strength.STRONG,9.650093346289825e-09,True,32
distance,1,1,PCI,ALS,0.8195516354281515,0.8195516354281515,Strength.STRONG,9.650093346289825e-09,True,32
distance,1,1,PCI,Default,0.8721058434399117,0.8721058434399117,Strength.STRONG,7.993363810424458e-11,True,32
distance,1,1,ALS,Default,0.8195516354281515,0.8195516354281515,Strength.STRONG,9.650093346289825e-09,True,32
distance,1,2,MDAP_MF-DF-ALS-PCI,MDA_MF-DF-ALS,0.665564130834252,0.665564130834252,Strength.MODERATE,3.22819728819623e-05,True,32
distance,1,2,MDAP_MF-DF-ALS-PCI,MDP_MF-DF-PCI,0.6629915472252849,0.6629915472252849,Strength.MODERATE,3.550490175017196e-05,True,32
distance,1,2,MDAP_MF-DF-ALS-PCI,MD_MF-DF,0.6629915472252849,0.6629915472252849,Strength.MODERATE,3.550490175017196e-05,True,32
distance,1,2,MDAP_MF-DF-ALS-PCI,AP_ALS-PCI,0.6571113561190738,0.6571113561190738,Strength.MODERATE,4.398404236266896e-05,True,32
distance,1,2,MDAP_MF-DF-ALS-PCI,PCI,0.6391032708563028,0.6391032708563028,Strength.MODERATE,8.243627156612643e-05,True,32
distance,1,2,MDAP_MF-DF-ALS-PCI,ALS,0.6571113561190738,0.6571113561190738,Strength.MODERATE,4.398404236266896e-05,True,32
distance,1,2,MDAP_MF-DF-ALS-PCI,Default,0.6391032708563028,0.6391032708563028,Strength.MODERATE,8.243627156612643e-05,True,32
distance,1,2,MDA_MF-DF-ALS,MDP_MF-DF-PCI,0.6629915472252849,0.6629915472252849,Strength.MODERATE,3.550490175017196e-05,True,32
distance,1,2,MDA_MF-DF-ALS,MD_MF-DF,0.6629915472252849,0.6629915472252849,Strength.MODERATE,3.550490175017196e-05,True,32
distance,1,2,MDA_MF-DF-ALS,AP_ALS-PCI,0.6571113561190738,0.6571113561190738,Strength.MODERATE,4.398404236266896e-05,True,32
distance,1,2,MDA_MF-DF-ALS,PCI,0.6391032708563028,0.6391032708563028,Strength.MODERATE,8.243627156612643e-05,True,32
distance,1,2,MDA_MF-DF-ALS,ALS,0.6571113561190738,0.6571113561190738,Strength.MODERATE,4.398404236266896e-05,True,32
distance,1,2,MDA_MF-DF-ALS,Default,0.6391032708563028,0.6391032708563028,Strength.MODERATE,8.243627156612643e-05,True,32
distance,1,2,MDP_MF-DF-PCI,MD_MF-DF,0.6957001102535831,0.6957001102535831,Strength.MODERATE,9.854099791759243e-06,True,32
distance,1,2,MDP_MF-DF-PCI,AP_ALS-PCI,0.6549062844542447,0.6549062844542447,Strength.MODERATE,4.7605845989725765e-05,True,32
distance,1,2,MDP_MF-DF-PCI,PCI,0.6468210216832047,0.6468210216832047,Strength.MODERATE,6.329154826656861e-05,True,32
distance,1,2,MDP_MF-DF-PCI,ALS,0.6549062844542447,0.6549062844542447,Strength.MODERATE,4.7605845989725765e-05,True,32
distance,1,2,MDP_MF-DF-PCI,Default,0.6468210216832047,0.6468210216832047,Strength.MODERATE,6.329154826656861e-05,True,32
distance,1,2,MD_MF-DF,AP_ALS-PCI,0.6549062844542447,0.6549062844542447,Strength.MODERATE,4.7605845989725765e-05,True,32
distance,1,2,MD_MF-DF,PCI,0.6468210216832047,0.6468210216832047,Strength.MODERATE,6.329154826656861e-05,True,32
distance,1,2,MD_MF-DF,ALS,0.6549062844542447,0.6549062844542447,Strength.MODERATE,4.7605845989725765e-05,True,32
distance,1,2,MD_MF-DF,Default,0.6468210216832047,0.6468210216832047,Strength.MODERATE,6.329154826656861e-05,True,32
distance,1,2,AP_ALS-PCI,PCI,0.6376332230797501,0.6376332230797501,Strength.MODERATE,8.662168142586884e-05,True,32
distance,1,2,AP_ALS-PCI,ALS,0.6538037486218302,0.6538037486218302,Strength.MODERATE,4.95153493823532e-05,True,32
distance,1,2,AP_ALS-PCI,Default,0.6376332230797501,0.6376332230797501,Strength.MODERATE,8.662168142586884e-05,True,32
distance,1,2,PCI,ALS,0.6376332230797501,0.6376332230797501,Strength.MODERATE,8.662168142586884e-05,True,32
distance,1,2,PCI,Default,0.6538037486218302,0.6538037486218302,Strength.MODERATE,4.95153493823532e-05,True,32
distance,1,2,ALS,Default,0.6376332230797501,0.6376332230797501,Strength.MODERATE,8.662168142586884e-05,True,32
distance,1,3,MDAP_MF-DF-ALS-PCI,MDA_MF-DF-ALS,0.6920134983127109,0.6920134983127109,Strength.MODERATE,2.2743864320642465e-05,True,30
distance,1,3,MDAP_MF-DF-ALS-PCI,MDP_MF-DF-PCI,0.6743532058492687,0.6743532058492687,Strength.MODERATE,4.384636211280417e-05,True,30
distance,1,3,MDAP_MF-DF-ALS-PCI,MD_MF-DF,0.6743532058492687,0.6743532058492687,Strength.MODERATE,4.384636211280417e-05,True,30
distance,1,3,MDAP_MF-DF-ALS-PCI,AP_ALS-PCI,0.6874367381238483,0.6874367381238483,Strength.MODERATE,2.7078031815930015e-05,True,30
distance,1,3,MDAP_MF-DF-ALS-PCI,PCI,0.6263217097862767,0.6263217097862767,Strength.MODERATE,0.0002134704885097359,True,30
distance,1,3,MDAP_MF-DF-ALS-PCI,ALS,0.6874367381238483,0.6874367381238483,Strength.MODERATE,2.7078031815930015e-05,True,30
distance,1,3,MDAP_MF-DF-ALS-PCI,Default,0.6263217097862767,0.6263217097862767,Strength.MODERATE,0.0002134704885097359,True,30
distance,1,3,MDA_MF-DF-ALS,MDP_MF-DF-PCI,0.6743532058492687,0.6743532058492687,Strength.MODERATE,4.384636211280417e-05,True,30
distance,1,3,MDA_MF-DF-ALS,MD_MF-DF,0.6743532058492687,0.6743532058492687,Strength.MODERATE,4.384636211280417e-05,True,30
distance,1,3,MDA_MF-DF-ALS,AP_ALS-PCI,0.6874367381238483,0.6874367381238483,Strength.MODERATE,2.7078031815930015e-05,True,30
distance,1,3,MDA_MF-DF-ALS,PCI,0.6263217097862767,0.6263217097862767,Strength.MODERATE,0.0002134704885097359,True,30
distance,1,3,MDA_MF-DF-ALS,ALS,0.6874367381238483,0.6874367381238483,Strength.MODERATE,2.7078031815930015e-05,True,30
distance,1,3,MDA_MF-DF-ALS,Default,0.6263217097862767,0.6263217097862767,Strength.MODERATE,0.0002134704885097359,True,30
distance,1,3,MDP_MF-DF-PCI,MD_MF-DF,0.6920134983127109,0.6920134983127109,Strength.MODERATE,2.2743864320642465e-05,True,30
distance,1,3,MDP_MF-DF-PCI,AP_ALS-PCI,0.6777640353295664,0.6777640353295664,Strength.MODERATE,3.87586907721582e-05,True,30
distance,1,3,MDP_MF-DF-PCI,PCI,0.6239595050618673,0.6239595050618673,Strength.MODERATE,0.00022920644879818373,True,30
distance,1,3,MDP_MF-DF-PCI,ALS,0.6777640353295664,0.6777640353295664,Strength.MODERATE,3.87586907721582e-05,True,30
distance,1,3,MDP_MF-DF-PCI,Default,0.6239595050618673,0.6239595050618673,Strength.MODERATE,0.00022920644879818373,True,30
distance,1,3,MD_MF-DF,AP_ALS-PCI,0.6777640353295664,0.6777640353295664,Strength.MODERATE,3.87586907721582e-05,True,30
distance,1,3,MD_MF-DF,PCI,0.6239595050618673,0.6239595050618673,Strength.MODERATE,0.00022920644879818373,True,30
distance,1,3,MD_MF-DF,ALS,0.6777640353295664,0.6777640353295664,Strength.MODERATE,3.87586907721582e-05,True,30
distance,1,3,MD_MF-DF,Default,0.6239595050618673,0.6239595050618673,Strength.MODERATE,0.00022920644879818373,True,30
distance,1,3,AP_ALS-PCI,PCI,0.6096052226163706,0.6096052226163706,Strength.MODERATE,0.0003488889492232159,True,30
distance,1,3,AP_ALS-PCI,ALS,0.6920827710301394,0.6920827710301394,Strength.MODERATE,2.2683351587373804e-05,True,30
distance,1,3,AP_ALS-PCI,Default,0.6096052226163706,0.6096052226163706,Strength.MODERATE,0.0003488889492232159,True,30
distance,1,3,PCI,ALS,0.6096052226163707,0.6096052226163707,Strength.MODERATE,0.0003488889492232159,True,30
distance,1,3,PCI,Default,0.621822272215973,0.621822272215973,Strength.MODERATE,0.00024432034878613584,True,30
distance,1,3,ALS,Default,0.6096052226163706,0.6096052226163706,Strength.MODERATE,0.0003488889492232159,True,30
distance,2,1,MDAP_MF-DF-ALS-PCI,MDA_MF-DF-ALS,0.9239250275633959,0.9239250275633959,Strength.STRONG,4.7127545152692545e-14,True,32
distance,2,1,MDAP_MF-DF-ALS-PCI,MDP_MF-DF-PCI,0.9264976111723631,0.9264976111723631,Strength.STRONG,2.8625497489157347e-14,True,32
distance,2,1,MDAP_MF-DF-ALS-PCI,MD_MF-DF,0.9231900036751195,0.9231900036751195,Strength.STRONG,5.4168347077485476e-14,True,32
distance,2,1,MDAP_MF-DF-ALS-PCI,AP_ALS-PCI,0.9217199558985667,0.9217199558985667,Strength.STRONG,7.126995214244404e-14,True,32
distance,2,1,MDAP_MF-DF-ALS-PCI,PCI,0.870635795663359,0.870635795663359,Strength.STRONG,9.39157599697346e-11,True,32
distance,2,1,MDAP_MF-DF-ALS-PCI,ALS,0.912532157295112,0.912532157295112,Strength.STRONG,3.5373865367913906e-13,True,32
distance,2,1,MDAP_MF-DF-ALS-PCI,Default,0.86438809261301,0.86438809261301,Strength.STRONG,1.824231034659944e-10,True,32
distance,2,1,MDA_MF-DF-ALS,MDP_MF-DF-PCI,0.9264976111723631,0.9264976111723631,Strength.STRONG,2.8625497489157347e-14,True,32
distance,2,1,MDA_MF-DF-ALS,MD_MF-DF,0.9231900036751195,0.9231900036751195,Strength.STRONG,5.4168347077485476e-14,True,32
distance,2,1,MDA_MF-DF-ALS,AP_ALS-PCI,0.9217199558985667,0.9217199558985667,Strength.STRONG,7.126995214244404e-14,True,32
distance,2,1,MDA_MF-DF-ALS,PCI,0.870635795663359,0.870635795663359,Strength.STRONG,9.39157599697346e-11,True,32
distance,2,1,MDA_MF-DF-ALS,ALS,0.912532157295112,0.912532157295112,Strength.STRONG,3.5373865367913906e-13,True,32
distance,2,1,MDA_MF-DF-ALS,Default,0.86438809261301,0.86438809261301,Strength.STRONG,1.824231034659944e-10,True,32
distance,2,1,MDP_MF-DF-PCI,MD_MF-DF,0.9272326350606395,0.9272326350606395,Strength.STRONG,2.474263974578203e-14,True,32
distance,2,1,MDP_MF-DF-PCI,AP_ALS-PCI,0.9257625872840867,0.9257625872840867,Strength.STRONG,3.3067994227677355e-14,True,32
distance,2,1,MDP_MF-DF-PCI,PCI,0.8790885703785372,0.8790885703785372,Strength.STRONG,3.614425868809493e-11,True,32
distance,2,1,MDP_MF-DF-PCI,ALS,0.9180448364571848,0.9180448364571848,Strength.STRONG,1.383328713678193e-13,True,32
distance,2,1,MDP_MF-DF-PCI,Default,0.8728408673281881,0.8728408673281881,Strength.STRONG,7.368896563016181e-11,True,32
distance,2,1,MD_MF-DF,AP_ALS-PCI,0.9224549797868431,0.9224549797868431,Strength.STRONG,6.217546584194969e-14,True,32
distance,2,1,MD_MF-DF,PCI,0.8713708195516354,0.8713708195516354,Strength.STRONG,8.666440671919777e-11,True,32
distance,2,1,MD_MF-DF,ALS,0.914369717015803,0.914369717015803,Strength.STRONG,2.605031577970619e-13,True,32
distance,2,1,MD_MF-DF,Default,0.8651231165012864,0.8651231165012864,Strength.STRONG,1.6900648556736052e-10,True,32
distance,2,1,AP_ALS-PCI,PCI,0.8923190003675119,0.8923190003675119,Strength.STRONG,6.963562771291827e-12,True,32
distance,2,1,AP_ALS-PCI,ALS,0.9220874678427048,0.9220874678427048,Strength.STRONG,6.657870170841632e-14,True,32
distance,2,1,AP_ALS-PCI,Default,0.8864388092613009,0.8864388092613009,Strength.STRONG,1.4844744616977798e-11,True,32
distance,2,1,PCI,ALS,0.8948915839764793,0.8948915839764793,Strength.STRONG,4.931761907437029e-12,True,32
distance,2,1,PCI,Default,0.9224549797868431,0.9224549797868431,Strength.STRONG,6.217546584194969e-14,True,32
distance,2,1,ALS,Default,0.890481440646821,0.890481440646821,Strength.STRONG,8.862567065374721e-12,True,32
distance,2,2,MDAP_MF-DF-ALS-PCI,MDA_MF-DF-ALS,0.6049246600514516,0.6049246600514516,Strength.MODERATE,0.0002449004599304292,True,32
distance,2,2,MDAP_MF-DF-ALS-PCI,MDP_MF-DF-PCI,0.6001470047776553,0.6001470047776553,Strength.MODERATE,0.0002823829259992398,True,32
distance,2,2,MDAP_MF-DF-ALS-PCI,MD_MF-DF,0.5972069092245498,0.5972069092245498,Strength.WEAK,0.0003079042596910017,True,32
distance,2,2,MDAP_MF-DF-ALS-PCI,AP_ALS-PCI,0.6034546122748989,0.6034546122748989,Strength.MODERATE,0.00025593204422224116,True,32
distance,2,2,MDAP_MF-DF-ALS-PCI,PCI,0.5883866225652333,0.5883866225652333,Strength.WEAK,0.0003971858515225046,True,32
distance,2,2,MDAP_MF-DF-ALS-PCI,ALS,0.6023520764424843,0.6023520764424843,Strength.MODERATE,0.0002644933153824589,True,32
distance,2,2,MDAP_MF-DF-ALS-PCI,Default,0.6001470047776553,0.6001470047776553,Strength.MODERATE,0.0002823829259992398,True,32
distance,2,2,MDA_MF-DF-ALS,MDP_MF-DF-PCI,0.6001470047776553,0.6001470047776553,Strength.MODERATE,0.0002823829259992398,True,32
distance,2,2,MDA_MF-DF-ALS,MD_MF-DF,0.5972069092245498,0.5972069092245498,Strength.WEAK,0.0003079042596910017,True,32
distance,2,2,MDA_MF-DF-ALS,AP_ALS-PCI,0.6034546122748989,0.6034546122748989,Strength.MODERATE,0.00025593204422224116,True,32
distance,2,2,MDA_MF-DF-ALS,PCI,0.5883866225652333,0.5883866225652333,Strength.WEAK,0.0003971858515225046,True,32
distance,2,2,MDA_MF-DF-ALS,ALS,0.6023520764424843,0.6023520764424843,Strength.MODERATE,0.0002644933153824589,True,32
distance,2,2,MDA_MF-DF-ALS,Default,0.6001470047776553,0.6001470047776553,Strength.MODERATE,0.0002823829259992398,True,32
distance,2,2,MDP_MF-DF-PCI,MD_MF-DF,0.6041896361631753,0.6041896361631753,Strength.MODERATE,0.0002503622447871969,True,32
distance,2,2,MDP_MF-DF-PCI,AP_ALS-PCI,0.5968393972804116,0.5968393972804116,Strength.WEAK,0.0003112341767369213,True,32
distance,2,2,MDP_MF-DF-PCI,PCI,0.5869165747886805,0.5869165747886805,Strength.WEAK,0.00041411005488596755,True,32
distance,2,2,MDP_MF-DF-PCI,ALS,0.5990444689452408,0.5990444689452408,Strength.WEAK,0.0002917243493420057,True,32
distance,2,2,MDP_MF-DF-PCI,Default,0.5990444689452408,0.5990444689452408,Strength.WEAK,0.0002917243493420057,True,32
distance,2,2,MD_MF-DF,AP_ALS-PCI,0.5931642778390297,0.5931642778390297,Strength.WEAK,0.0003463330689325925,True,32
distance,2,2,MD_MF-DF,PCI,0.5821389195148842,0.5821389195148842,Strength.WEAK,0.00047360810453103745,True,32
distance,2,2,MD_MF-DF,ALS,0.5957368614479971,0.5957368614479971,Strength.WEAK,0.0003214165017231878,True,32
distance,2,2,MD_MF-DF,Default,0.5938993017273061,0.5938993017273061,Strength.WEAK,0.0003390450132514303,True,32
distance,2,2,AP_ALS-PCI,PCI,0.5913267181183388,0.5913267181183388,Strength.WEAK,0.00036516440786555986,True,32
distance,2,2,AP_ALS-PCI,ALS,0.6030871003307607,0.6030871003307607,Strength.MODERATE,0.00025875802518407097,True,32
distance,2,2,AP_ALS-PCI,Default,0.6027195883866224,0.6027195883866224,Strength.MODERATE,0.0002616117039728004,True,32
distance,2,2,PCI,ALS,0.5953693495038589,0.5953693495038589,Strength.WEAK,0.0003248756873419923,True,32
distance,2,2,PCI,Default,0.6185226019845644,0.6185226019845644,Strength.MODERATE,0.00016123026299211574,True,32
distance,2,2,ALS,Default,0.6074972436604189,0.6074972436604189,Strength.MODERATE,0.0002266087820279209,True,32
distance,2,3,MDAP_MF-DF-ALS-PCI,MDA_MF-DF-ALS,0.6170497656773042,0.6170497656773042,Strength.MODERATE,0.0002812963861014503,True,30
distance,2,3,MDAP_MF-DF-ALS-PCI,MDP_MF-DF-PCI,0.5817897790671726,0.5817897790671726,Strength.WEAK,0.0007454518373343719,True,30
distance,2,3,MDAP_MF-DF-ALS-PCI,MD_MF-DF,0.5817897790671726,0.5817897790671726,Strength.WEAK,0.0007454518373343719,True,30
distance,2,3,MDAP_MF-DF-ALS-PCI,AP_ALS-PCI,0.615264449899576,0.615264449899576,Strength.MODERATE,0.0002963510975406297,True,30
distance,2,3,MDAP_MF-DF-ALS-PCI,PCI,0.5688462396786432,0.5688462396786432,Strength.WEAK,0.0010375925459382082,True,30
distance,2,3,MDAP_MF-DF-ALS-PCI,ALS,0.6148181209551439,0.6148181209551439,Strength.MODERATE,0.0003002243032908977,True,30
distance,2,3,MDAP_MF-DF-ALS-PCI,Default,0.5434054898460164,0.5434054898460164,Strength.WEAK,0.0019134047328048904,True,30
distance,2,3,MDA_MF-DF-ALS,MDP_MF-DF-PCI,0.5817897790671726,0.5817897790671726,Strength.WEAK,0.0007454518373343719,True,30
distance,2,3,MDA_MF-DF-ALS,MD_MF-DF,0.5817897790671726,0.5817897790671726,Strength.WEAK,0.0007454518373343719,True,30
distance,2,3,MDA_MF-DF-ALS,AP_ALS-PCI,0.615264449899576,0.615264449899576,Strength.MODERATE,0.0002963510975406297,True,30
distance,2,3,MDA_MF-DF-ALS,PCI,0.5688462396786432,0.5688462396786432,Strength.WEAK,0.0010375925459382082,True,30
distance,2,3,MDA_MF-DF-ALS,ALS,0.6148181209551439,0.6148181209551439,Strength.MODERATE,0.0003002243032908977,True,30
distance,2,3,MDA_MF-DF-ALS,Default,0.5434054898460164,0.5434054898460164,Strength.WEAK,0.0019134047328048904,True,30
distance,2,3,MDP_MF-DF-PCI,MD_MF-DF,0.5594733318455702,0.5594733318455702,Strength.WEAK,0.0013073940618976052,True,30
distance,2,3,MDP_MF-DF-PCI,AP_ALS-PCI,0.5800044632894443,0.5800044632894443,Strength.WEAK,0.0007808758699940041,True,30
distance,2,3,MDP_MF-DF-PCI,PCI,0.5425128319571525,0.5425128319571525,Strength.WEAK,0.0019532479901456638,True,30
distance,2,3,MDP_MF-DF-PCI,ALS,0.5817897790671726,0.5817897790671726,Strength.WEAK,0.0007454518373343719,True,30
distance,2,3,MDP_MF-DF-PCI,Default,0.5166257531800937,0.5166257531800937,Strength.WEAK,0.0034675598211037057,True,30
distance,2,3,MD_MF-DF,AP_ALS-PCI,0.5800044632894443,0.5800044632894443,Strength.WEAK,0.0007808758699940041,True,30
distance,2,3,MD_MF-DF,PCI,0.5425128319571525,0.5425128319571525,Strength.WEAK,0.0019532479901456638,True,30
distance,2,3,MD_MF-DF,ALS,0.5817897790671726,0.5817897790671726,Strength.WEAK,0.0007454518373343719,True,30
distance,2,3,MD_MF-DF,Default,0.5166257531800937,0.5166257531800937,Strength.WEAK,0.0034675598211037057,True,30
distance,2,3,AP_ALS-PCI,PCI,0.5719705422896675,0.5719705422896675,Strength.WEAK,0.0009591852444571585,True,30
distance,2,3,AP_ALS-PCI,ALS,0.615264449899576,0.615264449899576,Strength.MODERATE,0.0002963510975406297,True,30
distance,2,3,AP_ALS-PCI,Default,0.5474224503459049,0.5474224503459049,Strength.WEAK,0.0017427058091305481,True,30
distance,2,3,PCI,ALS,0.5728632001785317,0.5728632001785317,Strength.WEAK,0.00093775729528557,True,30
distance,2,3,PCI,Default,0.5367105556795359,0.5367105556795359,Strength.WEAK,0.002230197061406053,True,30
distance,2,3,ALS,Default,0.548761437179201,0.548761437179201,Strength.WEAK,0.0016888244375718763,True,30
distance,3,1,MDAP_MF-DF-ALS-PCI,MDA_MF-DF-ALS,0.9404630650496141,0.9404630650496141,Strength.STRONG,1.3336468209442825e-15,True,32
distance,3,1,MDAP_MF-DF-ALS-PCI,MDP_MF-DF-PCI,0.942300624770305,0.942300624770305,Strength.STRONG,8.43698747296076e-16,True,32
distance,3,1,MDAP_MF-DF-ALS-PCI,MD_MF-DF,0.9397280411613377,0.9397280411613377,Strength.STRONG,1.595222543053132e-15,True,32
distance,3,1,MDAP_MF-DF-ALS-PCI,AP_ALS-PCI,0.9371554575523703,0.9371554575523703,Strength.STRONG,2.934724534297733e-15,True,32
distance,3,1,MDAP_MF-DF-ALS-PCI,PCI,0.9004042631385519,0.9004042631385519,Strength.STRONG,2.283012327970001e-12,True,32
distance,3,1,MDAP_MF-DF-ALS-PCI,ALS,0.932377802278574,0.932377802278574,Strength.STRONG,8.528461488632197e-15,True,32
distance,3,1,MDAP_MF-DF-ALS-PCI,Default,0.8607129731716281,0.8607129731716281,Strength.STRONG,2.6553435560607836e-10,True,32
distance,3,1,MDA_MF-DF-ALS,MDP_MF-DF-PCI,0.942300624770305,0.942300624770305,Strength.STRONG,8.43698747296076e-16,True,32
distance,3,1,MDA_MF-DF-ALS,MD_MF-DF,0.9397280411613377,0.9397280411613377,Strength.STRONG,1.595222543053132e-15,True,32
distance,3,1,MDA_MF-DF-ALS,AP_ALS-PCI,0.9371554575523703,0.9371554575523703,Strength.STRONG,2.934724534297733e-15,True,32
distance,3,1,MDA_MF-DF-ALS,PCI,0.9004042631385519,0.9004042631385519,Strength.STRONG,2.283012327970001e-12,True,32
distance,3,1,MDA_MF-DF-ALS,ALS,0.932377802278574,0.932377802278574,Strength.STRONG,8.528461488632197e-15,True,32
distance,3,1,MDA_MF-DF-ALS,Default,0.8607129731716281,0.8607129731716281,Strength.STRONG,2.6553435560607836e-10,True,32
distance,3,1,MDP_MF-DF-PCI,MD_MF-DF,0.9430356486585814,0.9430356486585814,Strength.STRONG,6.995481867822368e-16,True,32
distance,3,1,MDP_MF-DF-PCI,AP_ALS-PCI,0.938257993384785,0.938257993384785,Strength.STRONG,2.267234851027772e-15,True,32
distance,3,1,MDP_MF-DF-PCI,PCI,0.9092245497978684,0.9092245497978684,Strength.STRONG,6.034871834387226e-13,True,32
distance,3,1,MDP_MF-DF-PCI,ALS,0.9349503858875414,0.9349503858875414,Strength.STRONG,4.850166238400167e-15,True,32
distance,3,1,MDP_MF-DF-PCI,Default,0.870635795663359,0.870635795663359,Strength.STRONG,9.39157599697346e-11,True,32
distance,3,1,MD_MF-DF,AP_ALS-PCI,0.9356854097758176,0.9356854097758176,Strength.STRONG,4.110409586996086e-15,True,32
distance,3,1,MD_MF-DF,PCI,0.9022418228592428,0.9022418228592428,Strength.STRONG,1.7485172228072516e-12,True,32
distance,3,1,MD_MF-DF,ALS,0.932377802278574,0.932377802278574,Strength.STRONG,8.528461488632197e-15,True,32
distance,3,1,MD_MF-DF,Default,0.8629180448364571,0.8629180448364571,Strength.STRONG,2.1225523525883802e-10,True,32
distance,3,1,AP_ALS-PCI,PCI,0.8959941198088938,0.8959941198088938,Strength.STRONG,4.2423153271942325e-12,True,32
distance,3,1,AP_ALS-PCI,ALS,0.9349503858875414,0.9349503858875414,Strength.STRONG,4.850166238400167e-15,True,32
distance,3,1,AP_ALS-PCI,Default,0.8559353178978316,0.8559353178978316,Strength.STRONG,4.258901429731804e-10,True,32
distance,3,1,PCI,ALS,0.9018743109151047,0.9018743109151047,Strength.STRONG,1.8450976771480254e-12,True,32
distance,3,1,PCI,Default,0.9198823961778757,0.9198823961778757,Strength.STRONG,9.96855292248714e-14,True,32
distance,3,1,ALS,Default,0.8665931642778391,0.8665931642778391,Strength.STRONG,1.44865713395156e-10,True,32
distance,3,2,MDAP_MF-DF-ALS-PCI,MDA_MF-DF-ALS,0.6402058066887174,0.6402058066887174,Strength.MODERATE,7.941706768335747e-05,True,32
distance,3,2,MDAP_MF-DF-ALS-PCI,MDP_MF-DF-PCI,0.6431459022418229,0.6431459022418229,Strength.MODERATE,7.184419760065555e-05,True,32
distance,3,2,MDAP_MF-DF-ALS-PCI,MD_MF-DF,0.6346931275266446,0.6346931275266446,Strength.MODERATE,9.556774733100871e-05,True,32
distance,3,2,MDAP_MF-DF-ALS-PCI,AP_ALS-PCI,0.6574788680632121,0.6574788680632121,Strength.MODERATE,4.340509639586494e-05,True,32
distance,3,2,MDAP_MF-DF-ALS-PCI,PCI,0.5968393972804116,0.5968393972804116,Strength.WEAK,0.0003112341767369213,True,32
distance,3,2,MDAP_MF-DF-ALS-PCI,ALS,0.635428151414921,0.635428151414921,Strength.MODERATE,9.325698497543127e-05,True,32
distance,3,2,MDAP_MF-DF-ALS-PCI,Default,0.5755237045203969,0.5755237045203969,Strength.WEAK,0.0005684313552644564,True,32
distance,3,2,MDA_MF-DF-ALS,MDP_MF-DF-PCI,0.6365306872473355,0.6365306872473355,Strength.MODERATE,8.988453889186866e-05,True,32
distance,3,2,MDA_MF-DF-ALS,MD_MF-DF,0.6317530319735392,0.6317530319735392,Strength.MODERATE,0.00010533176862720236,True,32
distance,3,2,MDA_MF-DF-ALS,AP_ALS-PCI,0.6512311650128629,0.6512311650128629,Strength.MODERATE,5.424103833055908e-05,True,32
distance,3,2,MDA_MF-DF-ALS,PCI,0.5898566703417861,0.5898566703417861,Strength.WEAK,0.00038087709461365004,True,32
distance,3,2,MDA_MF-DF-ALS,ALS,0.6324880558618156,0.6324880558618156,Strength.MODERATE,0.00010281061179072042,True,32
distance,3,2,MDA_MF-DF-ALS,Default,0.5725836089672914,0.5725836089672914,Strength.WEAK,0.0006156988517316722,True,32
distance,3,2,MDP_MF-DF-PCI,MD_MF-DF,0.6398382947445791,0.6398382947445791,Strength.MODERATE,8.041227571765757e-05,True,32
distance,3,2,MDP_MF-DF-PCI,AP_ALS-PCI,0.6538037486218302,0.6538037486218302,Strength.MODERATE,4.95153493823532e-05,True,32
distance,3,2,MDP_MF-DF-PCI,PCI,0.5938993017273061,0.5938993017273061,Strength.WEAK,0.0003390450132514303,True,32
distance,3,2,MDP_MF-DF-PCI,ALS,0.6317530319735392,0.6317530319735392,Strength.MODERATE,0.00010533176862720236,True,32
distance,3,2,MDP_MF-DF-PCI,Default,0.5744211686879823,0.5744211686879823,Strength.WEAK,0.0005857672629714173,True,32
distance,3,2,MD_MF-DF,AP_ALS-PCI,0.6460859977949284,0.6460859977949284,Strength.MODERATE,6.492511181373025e-05,True,32
distance,3,2,MD_MF-DF,PCI,0.583608967291437,0.583608967291437,Strength.WEAK,0.0004545436092960067,True,32
distance,3,2,MD_MF-DF,ALS,0.6269753766997427,0.6269753766997427,Strength.MODERATE,0.0001231113633899963,True,32
distance,3,2,MD_MF-DF,Default,0.5685409775817714,0.5685409775817714,Strength.WEAK,0.0006863408441733684,True,32
distance,3,2,AP_ALS-PCI,PCI,0.6141124586549063,0.6141124586549063,Strength.MODERATE,0.0001850289515433803,True,32
distance,3,2,AP_ALS-PCI,ALS,0.6512311650128629,0.6512311650128629,Strength.MODERATE,5.424103833055908e-05,True,32
distance,3,2,AP_ALS-PCI,Default,0.5935317897831679,0.5935317897831679,Strength.WEAK,0.0003426718606526006,True,32
distance,3,2,PCI,ALS,0.601617052554208,0.601617052554208,Strength.MODERATE,0.00027034128348563,True,32
distance,3,2,PCI,Default,0.6170525542080117,0.6170525542080117,Strength.MODERATE,0.00016884067990724112,True,32
distance,3,2,ALS,Default,0.5894891583976479,0.5894891583976479,Strength.WEAK,0.0003848976540590794,True,32
distance,3,3,MDAP_MF-DF-ALS-PCI,MDA_MF-DF-ALS,0.44485294117647056,0.44485294117647056,Strength.WEAK,0.020070447552931702,True,27
distance,3,3,MDAP_MF-DF-ALS-PCI,MDP_MF-DF-PCI,0.440563725490196,0.440563725490196,Strength.WEAK,0.021449205142239733,True,27
distance,3,3,MDAP_MF-DF-ALS-PCI,MD_MF-DF,0.440563725490196,0.440563725490196,Strength.WEAK,0.021449205142239733,True,27
distance,3,3,MDAP_MF-DF-ALS-PCI,AP_ALS-PCI,0.4436274509803921,0.4436274509803921,Strength.WEAK,0.020456758316565543,True,27
distance,3,3,MDAP_MF-DF-ALS-PCI,PCI,0.41666666666666663,0.41666666666666663,Strength.WEAK,0.030615660608552548,True,27
distance,3,3,MDAP_MF-DF-ALS-PCI,ALS,0.4424019607843137,0.4424019607843137,Strength.WEAK,0.020849130232973443,True,27
distance,3,3,MDAP_MF-DF-ALS-PCI,Default,0.40196078431372545,0.40196078431372545,Strength.WEAK,0.03767234137546254,True,27
distance,3,3,MDA_MF-DF-ALS,MDP_MF-DF-PCI,0.440563725490196,0.440563725490196,Strength.WEAK,0.021449205142239733,True,27
distance,3,3,MDA_MF-DF-ALS,MD_MF-DF,0.440563725490196,0.440563725490196,Strength.WEAK,0.021449205142239733,True,27
distance,3,3,MDA_MF-DF-ALS,AP_ALS-PCI,0.4436274509803921,0.4436274509803921,Strength.WEAK,0.020456758316565543,True,27
distance,3,3,MDA_MF-DF-ALS,PCI,0.41666666666666663,0.41666666666666663,Strength.WEAK,0.030615660608552548,True,27
distance,3,3,MDA_MF-DF-ALS,ALS,0.4424019607843137,0.4424019607843137,Strength.WEAK,0.020849130232973443,True,27
distance,3,3,MDA_MF-DF-ALS,Default,0.40196078431372545,0.40196078431372545,Strength.WEAK,0.03767234137546254,True,27
distance,3,3,MDP_MF-DF-PCI,MD_MF-DF,0.44485294117647056,0.44485294117647056,Strength.WEAK,0.020070447552931702,True,27
distance,3,3,MDP_MF-DF-PCI,AP_ALS-PCI,0.43933823529411764,0.43933823529411764,Strength.WEAK,0.021857035326094704,True,27
distance,3,3,MDP_MF-DF-PCI,PCI,0.4099264705882353,0.4099264705882353,Strength.WEAK,0.03370463188243062,True,27
distance,3,3,MDP_MF-DF-PCI,ALS,0.4381127450980391,0.4381127450980391,Strength.WEAK,0.02227117198820068,True,27
distance,3,3,MDP_MF-DF-PCI,Default,0.39644607843137253,0.39644607843137253,Strength.VERYWEAK,0.040631246385534676,True,27
distance,3,3,MD_MF-DF,AP_ALS-PCI,0.43933823529411764,0.43933823529411764,Strength.WEAK,0.021857035326094704,True,27
distance,3,3,MD_MF-DF,PCI,0.4099264705882353,0.4099264705882353,Strength.WEAK,0.03370463188243062,True,27
distance,3,3,MD_MF-DF,ALS,0.4381127450980391,0.4381127450980391,Strength.WEAK,0.02227117198820068,True,27
distance,3,3,MD_MF-DF,Default,0.39644607843137253,0.39644607843137253,Strength.VERYWEAK,0.040631246385534676,True,27
distance,3,3,AP_ALS-PCI,PCI,0.41544117647058815,0.41544117647058815,Strength.WEAK,0.03115964302764008,True,27
distance,3,3,AP_ALS-PCI,ALS,0.4424019607843137,0.4424019607843137,Strength.WEAK,0.020849130232973443,True,27
distance,3,3,AP_ALS-PCI,Default,0.3982843137254901,0.3982843137254901,Strength.VERYWEAK,0.03962509854081406,True,27
distance,3,3,PCI,ALS,0.42218137254901955,0.42218137254901955,Strength.WEAK,0.02826162467897617,True,27
distance,3,3,PCI,Default,0.440563725490196,0.440563725490196,Strength.WEAK,0.021449205142239733,True,27
distance,3,3,ALS,Default,0.40686274509803916,0.40686274509803916,Strength.WEAK,0.035188969304370335,True,27
solver,1,1,MDAP_MF-DF-ALS-PCI,MDA_MF-DF-ALS,0.8407502758367047,0.8407502758367047,Strength.STRONG,1.7207976096310963e-09,True,32
solver,1,1,MDAP_MF-DF-ALS-PCI,MDP_MF-DF-PCI,0.8216255976461935,0.8216255976461935,Strength.STRONG,8.23462747749508e-09,True,32
solver,1,1,MDAP_MF-DF-ALS-PCI,MD_MF-DF,0.8216255976461935,0.8216255976461935,Strength.STRONG,8.23462747749508e-09,True,32
solver,1,1,MDAP_MF-DF-ALS-PCI,AP_ALS-PCI,0.8316177032613628,0.8316177032613628,Strength.STRONG,3.723393669685775e-09,True,32
solver,1,1,MDAP_MF-DF-ALS-PCI,PCI,0.8011029953167591,0.8011029953167591,Strength.STRONG,3.6415374193023276e-08,True,32
solver,1,1,MDAP_MF-DF-ALS-PCI,ALS,0.8316177032613628,0.8316177032613628,Strength.STRONG,3.723393669685775e-09,True,32
solver,1,1,MDAP_MF-DF-ALS-PCI,Default,0.8011029953167591,0.8011029953167591,Strength.STRONG,3.6415374193023276e-08,True,32
solver,1,1,MDA_MF-DF-ALS,MDP_MF-DF-PCI,0.8216255976461935,0.8216255976461935,Strength.STRONG,8.23462747749508e-09,True,32
solver,1,1,MDA_MF-DF-ALS,MD_MF-DF,0.8216255976461935,0.8216255976461935,Strength.STRONG,8.23462747749508e-09,True,32
solver,1,1,MDA_MF-DF-ALS,AP_ALS-PCI,0.8316177032613628,0.8316177032613628,Strength.STRONG,3.723393669685775e-09,True,32
solver,1,1,MDA_MF-DF-ALS,PCI,0.8011029953167591,0.8011029953167591,Strength.STRONG,3.6415374193023276e-08,True,32
solver,1,1,MDA_MF-DF-ALS,ALS,0.8316177032613628,0.8316177032613628,Strength.STRONG,3.723393669685775e-09,True,32
solver,1,1,MDA_MF-DF-ALS,Default,0.8011029953167591,0.8011029953167591,Strength.STRONG,3.6415374193023276e-08,True,32
solver,1,1,MDP_MF-DF-PCI,MD_MF-DF,0.8444280985656492,0.8444280985656492,Strength.STRONG,1.2438893876232906e-09,True,32
solver,1,1,MDP_MF-DF-PCI,AP_ALS-PCI,0.7996324069820794,0.7996324069820794,Strength.MODERATE,4.024185786961818e-08,True,32
solver,1,1,MDP_MF-DF-PCI,PCI,0.8272059382573237,0.8272059382573237,Strength.STRONG,5.318970576870394e-09,True,32
solver,1,1,MDP_MF-DF-PCI,ALS,0.7996324069820794,0.7996324069820794,Strength.MODERATE,4.024185786961818e-08,True,32
solver,1,1,MDP_MF-DF-PCI,Default,0.8272059382573237,0.8272059382573237,Strength.STRONG,5.318970576870394e-09,True,32
solver,1,1,MD_MF-DF,AP_ALS-PCI,0.7996324069820794,0.7996324069820794,Strength.MODERATE,4.024185786961818e-08,True,32
solver,1,1,MD_MF-DF,PCI,0.8272059382573237,0.8272059382573237,Strength.STRONG,5.318970576870394e-09,True,32
solver,1,1,MD_MF-DF,ALS,0.7996324069820794,0.7996324069820794,Strength.MODERATE,4.024185786961818e-08,True,32
solver,1,1,MD_MF-DF,Default,0.8272059382573237,0.8272059382573237,Strength.STRONG,5.318970576870394e-09,True,32
solver,1,1,AP_ALS-PCI,PCI,0.8022785740536568,0.8022785740536568,Strength.STRONG,3.3599924319465344e-08,True,32
solver,1,1,AP_ALS-PCI,ALS,0.8577728776185224,0.8577728776185224,Strength.STRONG,3.558457797795567e-10,True,32
solver,1,1,AP_ALS-PCI,Default,0.8022785740536568,0.8022785740536568,Strength.STRONG,3.3599924319465344e-08,True,32
solver,1,1,PCI,ALS,0.8022785740536568,0.8022785740536568,Strength.STRONG,3.3599924319465344e-08,True,32
solver,1,1,PCI,Default,0.8871738331495774,0.8871738331495774,Strength.STRONG,1.353556851922832e-11,True,32
solver,1,1,ALS,Default,0.8022785740536568,0.8022785740536568,Strength.STRONG,3.3599924319465344e-08,True,32
solver,1,2,MDAP_MF-DF-ALS-PCI,MDA_MF-DF-ALS,0.6449834619625138,0.6449834619625138,Strength.MODERATE,6.744640824706418e-05,True,32
solver,1,2,MDAP_MF-DF-ALS-PCI,MDP_MF-DF-PCI,0.635428151414921,0.635428151414921,Strength.MODERATE,9.325698497543127e-05,True,32
solver,1,2,MDAP_MF-DF-ALS-PCI,MD_MF-DF,0.635428151414921,0.635428151414921,Strength.MODERATE,9.325698497543127e-05,True,32
solver,1,2,MDAP_MF-DF-ALS-PCI,AP_ALS-PCI,0.6244027930907754,0.6244027930907754,Strength.MODERATE,0.00013375568860237084,True,32
solver,1,2,MDAP_MF-DF-ALS-PCI,PCI,0.5905916942300624,0.5905916942300624,Strength.WEAK,0.00037294743370021907,True,32
solver,1,2,MDAP_MF-DF-ALS-PCI,ALS,0.6244027930907754,0.6244027930907754,Strength.MODERATE,0.00013375568860237084,True,32
solver,1,2,MDAP_MF-DF-ALS-PCI,Default,0.5905916942300624,0.5905916942300624,Strength.WEAK,0.00037294743370021907,True,32
solver,1,2,MDA_MF-DF-ALS,MDP_MF-DF-PCI,0.635428151414921,0.635428151414921,Strength.MODERATE,9.325698497543127e-05,True,32
solver,1,2,MDA_MF-DF-ALS,MD_MF-DF,0.635428151414921,0.635428151414921,Strength.MODERATE,9.325698497543127e-05,True,32
solver,1,2,MDA_MF-DF-ALS,AP_ALS-PCI,0.6244027930907754,0.6244027930907754,Strength.MODERATE,0.00013375568860237084,True,32
solver,1,2,MDA_MF-DF-ALS,PCI,0.5905916942300624,0.5905916942300624,Strength.WEAK,0.00037294743370021907,True,32
solver,1,2,MDA_MF-DF-ALS,ALS,0.6244027930907754,0.6244027930907754,Strength.MODERATE,0.00013375568860237084,True,32
solver,1,2,MDA_MF-DF-ALS,Default,0.5905916942300624,0.5905916942300624,Strength.WEAK,0.00037294743370021907,True,32
solver,1,2,MDP_MF-DF-PCI,MD_MF-DF,0.6449834619625138,0.6449834619625138,Strength.MODERATE,6.744640824706418e-05,True,32
solver,1,2,MDP_MF-DF-PCI,AP_ALS-PCI,0.611539875045939,0.611539875045939,Strength.MODERATE,0.00020031306169464934,True,32
solver,1,2,MDP_MF-DF-PCI,PCI,0.6045571481073135,0.6045571481073135,Strength.MODERATE,0.00024761796488399063,True,32
solver,1,2,MDP_MF-DF-PCI,ALS,0.611539875045939,0.611539875045939,Strength.MODERATE,0.00020031306169464934,True,32
solver,1,2,MDP_MF-DF-PCI,Default,0.6045571481073135,0.6045571481073135,Strength.MODERATE,0.00024761796488399063,True,32
solver,1,2,MD_MF-DF,AP_ALS-PCI,0.611539875045939,0.611539875045939,Strength.MODERATE,0.00020031306169464934,True,32
solver,1,2,MD_MF-DF,PCI,0.6045571481073135,0.6045571481073135,Strength.MODERATE,0.00024761796488399063,True,32
solver,1,2,MD_MF-DF,ALS,0.611539875045939,0.611539875045939,Strength.MODERATE,0.00020031306169464934,True,32
solver,1,2,MD_MF-DF,Default,0.6045571481073135,0.6045571481073135,Strength.MODERATE,0.00024761796488399063,True,32
solver,1,2,AP_ALS-PCI,PCI,0.5769937522969496,0.5769937522969496,Strength.WEAK,0.00054602201774885,True,32
solver,1,2,AP_ALS-PCI,ALS,0.6126424108783535,0.6126424108783535,Strength.MODERATE,0.00019363024827109086,True,32
solver,1,2,AP_ALS-PCI,Default,0.5769937522969496,0.5769937522969496,Strength.WEAK,0.00054602201774885,True,32
solver,1,2,PCI,ALS,0.5769937522969496,0.5769937522969496,Strength.WEAK,0.00054602201774885,True,32
solver,1,2,PCI,Default,0.6008820286659317,0.6008820286659317,Strength.MODERATE,0.0002763038409478352,True,32
solver,1,2,ALS,Default,0.5769937522969496,0.5769937522969496,Strength.WEAK,0.00054602201774885,True,32
solver,1,3,MDAP_MF-DF-ALS-PCI,MDA_MF-DF-ALS,0.6578947368421052,0.6578947368421052,Strength.MODERATE,7.780715545262549e-05,True,30
solver,1,3,MDAP_MF-DF-ALS-PCI,MDP_MF-DF-PCI,0.6547458389563653,0.6547458389563653,Strength.MODERATE,8.649312493167246e-05,True,30
solver,1,3,MDAP_MF-DF-ALS-PCI,MD_MF-DF,0.6547458389563653,0.6547458389563653,Strength.MODERATE,8.649312493167246e-05,True,30
solver,1,3,MDAP_MF-DF-ALS-PCI,AP_ALS-PCI,0.6372019793072424,0.6372019793072424,Strength.MODERATE,0.0001526741304338514,True,30
solver,1,3,MDAP_MF-DF-ALS-PCI,PCI,0.5913180386864597,0.5913180386864597,Strength.WEAK,0.0005791992804767415,True,30
solver,1,3,MDAP_MF-DF-ALS-PCI,ALS,0.6372019793072424,0.6372019793072424,Strength.MODERATE,0.0001526741304338514,True,30
solver,1,3,MDAP_MF-DF-ALS-PCI,Default,0.5913180386864597,0.5913180386864597,Strength.WEAK,0.0005791992804767415,True,30
solver,1,3,MDA_MF-DF-ALS,MDP_MF-DF-PCI,0.6547458389563653,0.6547458389563653,Strength.MODERATE,8.649312493167246e-05,True,30
solver,1,3,MDA_MF-DF-ALS,MD_MF-DF,0.6547458389563653,0.6547458389563653,Strength.MODERATE,8.649312493167246e-05,True,30
solver,1,3,MDA_MF-DF-ALS,AP_ALS-PCI,0.6372019793072424,0.6372019793072424,Strength.MODERATE,0.0001526741304338514,True,30
solver,1,3,MDA_MF-DF-ALS,PCI,0.5913180386864597,0.5913180386864597,Strength.WEAK,0.0005791992804767415,True,30
solver,1,3,MDA_MF-DF-ALS,ALS,0.6372019793072424,0.6372019793072424,Strength.MODERATE,0.0001526741304338514,True,30
solver,1,3,MDA_MF-DF-ALS,Default,0.5913180386864597,0.5913180386864597,Strength.WEAK,0.0005791992804767415,True,30
solver,1,3,MDP_MF-DF-PCI,MD_MF-DF,0.6578947368421052,0.6578947368421052,Strength.MODERATE,7.780715545262549e-05,True,30
solver,1,3,MDP_MF-DF-PCI,AP_ALS-PCI,0.6336032388663967,0.6336032388663967,Strength.MODERATE,0.00017081448526243015,True,30
solver,1,3,MDP_MF-DF-PCI,PCI,0.5908681961313541,0.5908681961313541,Strength.WEAK,0.0005862440173619576,True,30
solver,1,3,MDP_MF-DF-PCI,ALS,0.6336032388663967,0.6336032388663967,Strength.MODERATE,0.00017081448526243015,True,30
solver,1,3,MDP_MF-DF-PCI,Default,0.5908681961313541,0.5908681961313541,Strength.WEAK,0.0005862440173619576,True,30
solver,1,3,MD_MF-DF,AP_ALS-PCI,0.6336032388663967,0.6336032388663967,Strength.MODERATE,0.00017081448526243015,True,30
solver,1,3,MD_MF-DF,PCI,0.5908681961313541,0.5908681961313541,Strength.WEAK,0.0005862440173619576,True,30
solver,1,3,MD_MF-DF,ALS,0.6336032388663967,0.6336032388663967,Strength.MODERATE,0.00017081448526243015,True,30
solver,1,3,MD_MF-DF,Default,0.5908681961313541,0.5908681961313541,Strength.WEAK,0.0005862440173619576,True,30
solver,1,3,AP_ALS-PCI,PCI,0.5760233918128654,0.5760233918128654,Strength.WEAK,0.0008652253122930924,True,30
solver,1,3,AP_ALS-PCI,ALS,0.6219073324336482,0.6219073324336482,Strength.MODERATE,0.00024370237275497366,True,30
solver,1,3,AP_ALS-PCI,Default,0.5760233918128654,0.5760233918128654,Strength.WEAK,0.0008652253122930924,True,30
solver,1,3,PCI,ALS,0.5760233918128654,0.5760233918128654,Strength.WEAK,0.0008652253122930924,True,30
solver,1,3,PCI,Default,0.5841205578047682,0.5841205578047682,Strength.WEAK,0.0007013298628421771,True,30
solver,1,3,ALS,Default,0.5760233918128654,0.5760233918128654,Strength.WEAK,0.0008652253122930924,True,30
solver,2,1,MDAP_MF-DF-ALS-PCI,MDA_MF-DF-ALS,0.8915839764792355,0.8915839764792355,Strength.STRONG,7.672684558798684e-12,True,32
solver,2,1,MDAP_MF-DF-ALS-PCI,MDP_MF-DF-PCI,0.8599779492833517,0.8599779492833517,Strength.STRONG,2.858739287755655e-10,True,32
solver,2,1,MDAP_MF-DF-ALS-PCI,MD_MF-DF,0.8614479970599045,0.8614479970599045,Strength.STRONG,2.4653847803497477e-10,True,32
solver,2,1,MDAP_MF-DF-ALS-PCI,AP_ALS-PCI,0.8849687614847481,0.8849687614847481,Strength.STRONG,1.782164088177809e-11,True,32
solver,2,1,MDAP_MF-DF-ALS-PCI,PCI,0.8434399117971334,0.8434399117971334,Strength.STRONG,1.3583303230713915e-09,True,32
solver,2,1,MDAP_MF-DF-ALS-PCI,ALS,0.8842337375964718,0.8842337375964718,Strength.STRONG,1.9508925346758913e-11,True,32
solver,2,1,MDAP_MF-DF-ALS-PCI,Default,0.840867328188166,0.840867328188166,Strength.STRONG,1.7033292506316367e-09,True,32
solver,2,1,MDA_MF-DF-ALS,MDP_MF-DF-PCI,0.8574053656743843,0.8574053656743843,Strength.STRONG,3.6893975980677814e-10,True,32
solver,2,1,MDA_MF-DF-ALS,MD_MF-DF,0.8647556045571482,0.8647556045571482,Strength.STRONG,1.7559645862201664e-10,True,32
solver,2,1,MDA_MF-DF-ALS,AP_ALS-PCI,0.8809261300992282,0.8809261300992282,Strength.STRONG,2.909422166522024e-11,True,32
solver,2,1,MDA_MF-DF-ALS,PCI,0.8423373759647189,0.8423373759647189,Strength.STRONG,1.4974222483626016e-09,True,32
solver,2,1,MDA_MF-DF-ALS,ALS,0.8801911062109519,0.8801911062109519,Strength.STRONG,3.174562358782469e-11,True,32
solver,2,1,MDA_MF-DF-ALS,Default,0.8397647923557515,0.8397647923557515,Strength.STRONG,1.874549432650577e-09,True,32
solver,2,1,MDP_MF-DF-PCI,MD_MF-DF,0.8603454612274898,0.8603454612274898,Strength.STRONG,2.755308852896306e-10,True,32
solver,2,1,MDP_MF-DF-PCI,AP_ALS-PCI,0.852627710400588,0.852627710400588,Strength.STRONG,5.849202682243282e-10,True,32
solver,2,1,MDP_MF-DF-PCI,PCI,0.8379272326350605,0.8379272326350605,Strength.STRONG,2.195533984293749e-09,True,32
solver,2,1,MDP_MF-DF-PCI,ALS,0.8518926865123115,0.8518926865123115,Strength.STRONG,6.269972716966518e-10,True,32
solver,2,1,MDP_MF-DF-PCI,Default,0.8357221609702316,0.8357221609702316,Strength.STRONG,2.6472919416834447e-09,True,32
solver,2,1,MD_MF-DF,AP_ALS-PCI,0.8500551267916207,0.8500551267916207,Strength.STRONG,7.447083421219425e-10,True,32
solver,2,1,MD_MF-DF,PCI,0.840867328188166,0.840867328188166,Strength.STRONG,1.7033292506316367e-09,True,32
solver,2,1,MD_MF-DF,ALS,0.8493201029033444,0.8493201029033444,Strength.STRONG,7.972559975954882e-10,True,32
solver,2,1,MD_MF-DF,Default,0.8386622565233369,0.8386622565233369,Strength.STRONG,2.0615079110528606e-09,True,32
solver,2,1,AP_ALS-PCI,PCI,0.836457184858508,0.836457184858508,Strength.STRONG,2.487982843885253e-09,True,32
solver,2,1,AP_ALS-PCI,ALS,0.8882763689819919,0.8882763689819919,Strength.STRONG,1.1770941785172766e-11,True,32
solver,2,1,AP_ALS-PCI,Default,0.834987137081955,0.834987137081955,Strength.STRONG,2.8159510231384816e-09,True,32
solver,2,1,PCI,ALS,0.8382947445791987,0.8382947445791987,Strength.STRONG,2.1275486851365927e-09,True,32
solver,2,1,PCI,Default,0.8915839764792355,0.8915839764792355,Strength.STRONG,7.672684558798684e-12,True,32
solver,2,1,ALS,Default,0.8368246968026462,0.8368246968026462,Strength.STRONG,2.4116850314398766e-09,True,32
solver,2,2,MDAP_MF-DF-ALS-PCI,MDA_MF-DF-ALS,0.6339581036383681,0.6339581036383681,Strength.MODERATE,9.792961207908305e-05,True,32
solver,2,2,MDAP_MF-DF-ALS-PCI,MDP_MF-DF-PCI,0.6001470047776553,0.6001470047776553,Strength.MODERATE,0.0002823829259992398,True,32
solver,2,2,MDAP_MF-DF-ALS-PCI,MD_MF-DF,0.6012495406100699,0.6012495406100699,Strength.MODERATE,0.00027330811803832466,True,32
solver,2,2,MDAP_MF-DF-ALS-PCI,AP_ALS-PCI,0.6321205439176774,0.6321205439176774,Strength.MODERATE,0.00010406436199985102,True,32
solver,2,2,MDAP_MF-DF-ALS-PCI,PCI,0.5633958103638368,0.5633958103638368,Strength.WEAK,0.0007865170644657863,True,32
solver,2,2,MDAP_MF-DF-ALS-PCI,ALS,0.6277104005880191,0.6277104005880191,Strength.MODERATE,0.00012021248746691077,True,32
solver,2,2,MDAP_MF-DF-ALS-PCI,Default,0.556045571481073,0.556045571481073,Strength.WEAK,0.0009518913657435089,True,32
solver,2,2,MDA_MF-DF-ALS,MDP_MF-DF-PCI,0.6001470047776553,0.6001470047776553,Strength.MODERATE,0.0002823829259992398,True,32
solver,2,2,MDA_MF-DF-ALS,MD_MF-DF,0.6012495406100699,0.6012495406100699,Strength.MODERATE,0.00027330811803832466,True,32
solver,2,2,MDA_MF-DF-ALS,AP_ALS-PCI,0.6321205439176774,0.6321205439176774,Strength.MODERATE,0.00010406436199985102,True,32
solver,2,2,MDA_MF-DF-ALS,PCI,0.5633958103638368,0.5633958103638368,Strength.WEAK,0.0007865170644657863,True,32
solver,2,2,MDA_MF-DF-ALS,ALS,0.6277104005880191,0.6277104005880191,Strength.MODERATE,0.00012021248746691077,True,32
solver,2,2,MDA_MF-DF-ALS,Default,0.556045571481073,0.556045571481073,Strength.WEAK,0.0009518913657435089,True,32
solver,2,2,MDP_MF-DF-PCI,MD_MF-DF,0.581771407570746,0.581771407570746,Strength.WEAK,0.0004784833158474036,True,32
solver,2,2,MDP_MF-DF-PCI,AP_ALS-PCI,0.5957368614479971,0.5957368614479971,Strength.WEAK,0.0003214165017231878,True,32
solver,2,2,MDP_MF-DF-PCI,PCI,0.5472252848217567,0.5472252848217567,Strength.WEAK,0.0011900388484374267,True,32
solver,2,2,MDP_MF-DF-PCI,ALS,0.5909592061742006,0.5909592061742006,Strength.WEAK,0.00036903773858888754,True,32
solver,2,2,MDP_MF-DF-PCI,Default,0.539875045938993,0.539875045938993,Strength.WEAK,0.00142682785922867,True,32
solver,2,2,MD_MF-DF,AP_ALS-PCI,0.597574421168688,0.597574421168688,Strength.WEAK,0.0003046059997756886,True,32
solver,2,2,MD_MF-DF,PCI,0.5464902609334803,0.5464902609334803,Strength.WEAK,0.0012120567788994514,True,32
solver,2,2,MD_MF-DF,ALS,0.5935317897831679,0.5935317897831679,Strength.WEAK,0.0003426718606526006,True,32
solver,2,2,MD_MF-DF,Default,0.5395075339948548,0.5395075339948548,Strength.WEAK,0.001439678194867845,True,32
solver,2,2,AP_ALS-PCI,PCI,0.5593531789783167,0.5593531789783167,Strength.WEAK,0.0008740340607099702,True,32
solver,2,2,AP_ALS-PCI,ALS,0.6317530319735392,0.6317530319735392,Strength.MODERATE,0.00010533176862720236,True,32
solver,2,2,AP_ALS-PCI,Default,0.5534729878721057,0.5534729878721057,Strength.WEAK,0.001016593016754813,True,32
solver,2,2,PCI,ALS,0.5578831312017641,0.5578831312017641,Strength.WEAK,0.000907917666035217,True,32
solver,2,2,PCI,Default,0.5450202131569276,0.5450202131569276,Strength.WEAK,0.0012571652911830982,True,32
solver,2,2,ALS,Default,0.5556780595369349,0.5556780595369349,Strength.WEAK,0.0009609071319679998,True,32
solver,2,3,MDAP_MF-DF-ALS-PCI,MDA_MF-DF-ALS,0.6170497656773042,0.6170497656773042,Strength.MODERATE,0.0002812963861014503,True,30
solver,2,3,MDAP_MF-DF-ALS-PCI,MDP_MF-DF-PCI,0.615264449899576,0.615264449899576,Strength.MODERATE,0.0002963510975406297,True,30
solver,2,3,MDAP_MF-DF-ALS-PCI,MD_MF-DF,0.615264449899576,0.615264449899576,Strength.MODERATE,0.0002963510975406297,True,30
solver,2,3,MDAP_MF-DF-ALS-PCI,AP_ALS-PCI,0.6161571077884401,0.6161571077884401,Strength.MODERATE,0.00028873698496408777,True,30
solver,2,3,MDAP_MF-DF-ALS-PCI,PCI,0.5800044632894443,0.5800044632894443,Strength.WEAK,0.0007808758699940041,True,30
solver,2,3,MDAP_MF-DF-ALS-PCI,ALS,0.6166034367328721,0.6166034367328721,Strength.MODERATE,0.00028499521092909376,True,30
solver,2,3,MDAP_MF-DF-ALS-PCI,Default,0.5822361080116045,0.5822361080116045,Strength.WEAK,0.0007368191466478766,True,30
solver,2,3,MDA_MF-DF-ALS,MDP_MF-DF-PCI,0.615264449899576,0.615264449899576,Strength.MODERATE,0.0002963510975406297,True,30
solver,2,3,MDA_MF-DF-ALS,MD_MF-DF,0.615264449899576,0.615264449899576,Strength.MODERATE,0.0002963510975406297,True,30
solver,2,3,MDA_MF-DF-ALS,AP_ALS-PCI,0.6161571077884401,0.6161571077884401,Strength.MODERATE,0.00028873698496408777,True,30
solver,2,3,MDA_MF-DF-ALS,PCI,0.5800044632894443,0.5800044632894443,Strength.WEAK,0.0007808758699940041,True,30
solver,2,3,MDA_MF-DF-ALS,ALS,0.6166034367328721,0.6166034367328721,Strength.MODERATE,0.00028499521092909376,True,30
solver,2,3,MDA_MF-DF-ALS,Default,0.5822361080116045,0.5822361080116045,Strength.WEAK,0.0007368191466478766,True,30
solver,2,3,MDP_MF-DF-PCI,MD_MF-DF,0.6170497656773042,0.6170497656773042,Strength.MODERATE,0.0002812963861014503,True,30
solver,2,3,MDP_MF-DF-PCI,AP_ALS-PCI,0.6139254630662798,0.6139254630662798,Strength.MODERATE,0.0003081052082587033,True,30
solver,2,3,MDP_MF-DF-PCI,PCI,0.5804507922338763,0.5804507922338763,Strength.WEAK,0.0007718843227631679,True,30
solver,2,3,MDP_MF-DF-PCI,ALS,0.6143717920107118,0.6143717920107118,Strength.MODERATE,0.0003041421927082355,True,30
solver,2,3,MDP_MF-DF-PCI,Default,0.5826824369560365,0.5826824369560365,Strength.WEAK,0.0007282742476347218,True,30
solver,2,3,MD_MF-DF,AP_ALS-PCI,0.6139254630662798,0.6139254630662798,Strength.MODERATE,0.0003081052082587033,True,30
solver,2,3,MD_MF-DF,PCI,0.5804507922338763,0.5804507922338763,Strength.WEAK,0.0007718843227631679,True,30
solver,2,3,MD_MF-DF,ALS,0.6143717920107118,0.6143717920107118,Strength.MODERATE,0.0003041421927082355,True,30
solver,2,3,MD_MF-DF,Default,0.5826824369560365,0.5826824369560365,Strength.WEAK,0.0007282742476347218,True,30
solver,2,3,AP_ALS-PCI,PCI,0.5795581343450122,0.5795581343450122,Strength.WEAK,0.0007899590804325809,True,30
solver,2,3,AP_ALS-PCI,ALS,0.6166034367328721,0.6166034367328721,Strength.MODERATE,0.00028499521092909376,True,30
solver,2,3,AP_ALS-PCI,Default,0.5808971211783084,0.5808971211783084,Strength.WEAK,0.0007629836537647115,True,30
solver,2,3,PCI,ALS,0.5791118054005802,0.5791118054005802,Strength.WEAK,0.0007991347444384074,True,30
solver,2,3,PCI,Default,0.5786654764561481,0.5786654764561481,Strength.WEAK,0.0008084036577801187,True,30
solver,2,3,ALS,Default,0.5813434501227405,0.5813434501227405,Strength.WEAK,0.0007541730833824338,True,30
solver,3,1,MDAP_MF-DF-ALS-PCI,MDA_MF-DF-ALS,0.8893789048144064,0.8893789048144064,Strength.STRONG,1.0221386074404693e-11,True,32
solver,3,1,MDAP_MF-DF-ALS-PCI,MDP_MF-DF-PCI,0.88055861815509,0.88055861815509,Strength.STRONG,3.0393186488936794e-11,True,32
solver,3,1,MDAP_MF-DF-ALS-PCI,MD_MF-DF,0.8779860345461227,0.8779860345461227,Strength.STRONG,4.110090638150963e-11,True,32
solver,3,1,MDAP_MF-DF-ALS-PCI,AP_ALS-PCI,0.8857037853730245,0.8857037853730245,Strength.STRONG,1.6270289976846386e-11,True,32
solver,3,1,MDAP_MF-DF-ALS-PCI,PCI,0.8599779492833517,0.8599779492833517,Strength.STRONG,2.858739287755655e-10,True,32
solver,3,1,MDAP_MF-DF-ALS-PCI,ALS,0.8853362734288864,0.8853362734288864,Strength.STRONG,1.702962346628311e-11,True,32
solver,3,1,MDAP_MF-DF-ALS-PCI,Default,0.8559353178978316,0.8559353178978316,Strength.STRONG,4.258901429731804e-10,True,32
solver,3,1,MDA_MF-DF-ALS,MDP_MF-DF-PCI,0.8809261300992282,0.8809261300992282,Strength.STRONG,2.909422166522024e-11,True,32
solver,3,1,MDA_MF-DF-ALS,MD_MF-DF,0.8831312017640573,0.8831312017640573,Strength.STRONG,2.231870806358566e-11,True,32
solver,3,1,MDA_MF-DF-ALS,AP_ALS-PCI,0.8820286659316429,0.8820286659316429,Strength.STRONG,2.5499006230966286e-11,True,32
solver,3,1,MDA_MF-DF-ALS,PCI,0.858507901506799,0.858507901506799,Strength.STRONG,3.309354148750507e-10,True,32
solver,3,1,MDA_MF-DF-ALS,ALS,0.8816611539875046,0.8816611539875046,Strength.STRONG,2.6648983015638535e-11,True,32
solver,3,1,MDA_MF-DF-ALS,Default,0.8559353178978316,0.8559353178978316,Strength.STRONG,4.258901429731804e-10,True,32
solver,3,1,MDP_MF-DF-PCI,MD_MF-DF,0.8857037853730245,0.8857037853730245,Strength.STRONG,1.6270289976846386e-11,True,32
solver,3,1,MDP_MF-DF-PCI,AP_ALS-PCI,0.8750459389930172,0.8750459389930172,Strength.STRONG,5.7557291977683165e-11,True,32
solver,3,1,MDP_MF-DF-PCI,PCI,0.8651231165012864,0.8651231165012864,Strength.STRONG,1.6900648556736052e-10,True,32
solver,3,1,MDP_MF-DF-PCI,ALS,0.874678427048879,0.874678427048879,Strength.STRONG,5.999616435962676e-11,True,32
solver,3,1,MDP_MF-DF-PCI,Default,0.8618155090040426,0.8618155090040426,Strength.STRONG,2.375186891795799e-10,True,32
solver,3,1,MD_MF-DF,AP_ALS-PCI,0.8728408673281881,0.8728408673281881,Strength.STRONG,7.368896563016181e-11,True,32
solver,3,1,MD_MF-DF,PCI,0.8614479970599045,0.8614479970599045,Strength.STRONG,2.4653847803497477e-10,True,32
solver,3,1,MD_MF-DF,ALS,0.87247335538405,0.87247335538405,Strength.STRONG,7.675261242001607e-11,True,32
solver,3,1,MD_MF-DF,Default,0.8592429253950753,0.8592429253950753,Strength.STRONG,3.07643754202451e-10,True,32
solver,3,1,AP_ALS-PCI,PCI,0.8555678059536935,0.8555678059536935,Strength.STRONG,4.413428645720148e-10,True,32
solver,3,1,AP_ALS-PCI,ALS,0.8919514884233736,0.8919514884233736,Strength.STRONG,7.310165282082199e-12,True,32
solver,3,1,AP_ALS-PCI,Default,0.8529952223447262,0.8529952223447262,Strength.STRONG,5.648735280414303e-10,True,32
solver,3,1,PCI,ALS,0.862550532892319,0.862550532892319,Strength.STRONG,2.2038644779081106e-10,True,32
solver,3,1,PCI,Default,0.906651966188901,0.906651966188901,Strength.STRONG,9.017284077711976e-13,True,32
solver,3,1,ALS,Default,0.8596104373392136,0.8596104373392136,Strength.STRONG,2.965744568114908e-10,True,32
solver,3,2,MDAP_MF-DF-ALS-PCI,MDA_MF-DF-ALS,0.665564130834252,0.665564130834252,Strength.MODERATE,3.22819728819623e-05,True,32
solver,3,2,MDAP_MF-DF-ALS-PCI,MDP_MF-DF-PCI,0.6368981991914736,0.6368981991914736,Strength.MODERATE,8.87848995346553e-05,True,32
solver,3,2,MDAP_MF-DF-ALS-PCI,MD_MF-DF,0.6501286291804483,0.6501286291804483,Strength.MODERATE,5.63874076746845e-05,True,32
solver,3,2,MDAP_MF-DF-ALS-PCI,AP_ALS-PCI,0.6629915472252849,0.6629915472252849,Strength.MODERATE,3.550490175017196e-05,True,32
solver,3,2,MDAP_MF-DF-ALS-PCI,PCI,0.5946343256155825,0.5946343256155825,Strength.WEAK,0.0003318932883511503,True,32
solver,3,2,MDAP_MF-DF-ALS-PCI,ALS,0.6409408305769938,0.6409408305769938,Strength.MODERATE,7.74596882246304e-05,True,32
solver,3,2,MDAP_MF-DF-ALS-PCI,Default,0.5534729878721057,0.5534729878721057,Strength.WEAK,0.001016593016754813,True,32
solver,3,2,MDA_MF-DF-ALS,MDP_MF-DF-PCI,0.6368981991914736,0.6368981991914736,Strength.MODERATE,8.87848995346553e-05,True,32
solver,3,2,MDA_MF-DF-ALS,MD_MF-DF,0.6501286291804483,0.6501286291804483,Strength.MODERATE,5.63874076746845e-05,True,32
solver,3,2,MDA_MF-DF-ALS,AP_ALS-PCI,0.6629915472252849,0.6629915472252849,Strength.MODERATE,3.550490175017196e-05,True,32
solver,3,2,MDA_MF-DF-ALS,PCI,0.5946343256155825,0.5946343256155825,Strength.WEAK,0.0003318932883511503,True,32
solver,3,2,MDA_MF-DF-ALS,ALS,0.6409408305769938,0.6409408305769938,Strength.MODERATE,7.74596882246304e-05,True,32
solver,3,2,MDA_MF-DF-ALS,Default,0.5534729878721057,0.5534729878721057,Strength.WEAK,0.001016593016754813,True,32
solver,3,2,MDP_MF-DF-PCI,MD_MF-DF,0.6291804483645719,0.6291804483645719,Strength.MODERATE,0.00011459704350366863,True,32
solver,3,2,MDP_MF-DF-PCI,AP_ALS-PCI,0.6332230797500918,0.6332230797500918,Strength.MODERATE,0.00010034356596436508,True,32
solver,3,2,MDP_MF-DF-PCI,PCI,0.5700110253583242,0.5700110253583242,Strength.WEAK,0.0006598674330237908,True,32
solver,3,2,MDP_MF-DF-PCI,ALS,0.6100698272693862,0.6100698272693862,Strength.MODERATE,0.00020954268178334615,True,32
solver,3,2,MDP_MF-DF-PCI,Default,0.5270121278941566,0.5270121278941566,Strength.WEAK,0.0019412536594624007,True,32
solver,3,2,MD_MF-DF,AP_ALS-PCI,0.6464535097390665,0.6464535097390665,Strength.MODERATE,6.410366299903982e-05,True,32
solver,3,2,MD_MF-DF,PCI,0.5847115031238515,0.5847115031238515,Strength.WEAK,0.00044069397372507803,True,32
solver,3,2,MD_MF-DF,ALS,0.6240352811466372,0.6240352811466372,Strength.MODERATE,0.00013534155516986513,True,32
solver,3,2,MD_MF-DF,Default,0.5424476295479603,0.5424476295479603,Strength.WEAK,0.0013396489163603517,True,32
solver,3,2,AP_ALS-PCI,PCI,0.5905916942300624,0.5905916942300624,Strength.WEAK,0.00037294743370021907,True,32
solver,3,2,AP_ALS-PCI,ALS,0.6435134141859611,0.6435134141859611,Strength.MODERATE,7.094461841129224e-05,True,32
solver,3,2,AP_ALS-PCI,Default,0.5486953325983094,0.5486953325983094,Strength.WEAK,0.00114705165957663,True,32
solver,3,2,PCI,ALS,0.5861815509004044,0.5861815509004044,Strength.WEAK,0.0004228091442099552,True,32
solver,3,2,PCI,Default,0.5564130834252112,0.5564130834252112,Strength.WEAK,0.0009429499671852804,True,32
solver,3,2,ALS,Default,0.5520029400955532,0.5520029400955532,Strength.WEAK,0.0010552718224111056,True,32
solver,3,3,MDAP_MF-DF-ALS-PCI,MDA_MF-DF-ALS,0.4767156862745098,0.4767156862745098,Strength.WEAK,0.011935537856383837,True,27
solver,3,3,MDAP_MF-DF-ALS-PCI,MDP_MF-DF-PCI,0.47303921568627444,0.47303921568627444,Strength.WEAK,0.012704185782183373,True,27
solver,3,3,MDAP_MF-DF-ALS-PCI,MD_MF-DF,0.45404411764705876,0.45404411764705876,Strength.WEAK,0.017359395666322306,True,27
solver,3,3,MDAP_MF-DF-ALS-PCI,AP_ALS-PCI,0.4767156862745098,0.4767156862745098,Strength.WEAK,0.011935537856383837,True,27
solver,3,3,MDAP_MF-DF-ALS-PCI,PCI,0.40686274509803916,0.40686274509803916,Strength.WEAK,0.035188969304370335,True,27
solver,3,3,MDAP_MF-DF-ALS-PCI,ALS,0.4767156862745098,0.4767156862745098,Strength.WEAK,0.011935537856383837,True,27
solver,3,3,MDAP_MF-DF-ALS-PCI,Default,0.4031862745098039,0.4031862745098039,Strength.WEAK,0.03703876854275361,True,27
solver,3,3,MDA_MF-DF-ALS,MDP_MF-DF-PCI,0.47303921568627444,0.47303921568627444,Strength.WEAK,0.012704185782183373,True,27
solver,3,3,MDA_MF-DF-ALS,MD_MF-DF,0.45404411764705876,0.45404411764705876,Strength.WEAK,0.017359395666322306,True,27
solver,3,3,MDA_MF-DF-ALS,AP_ALS-PCI,0.4767156862745098,0.4767156862745098,Strength.WEAK,0.011935537856383837,True,27
solver,3,3,MDA_MF-DF-ALS,PCI,0.40686274509803916,0.40686274509803916,Strength.WEAK,0.035188969304370335,True,27
solver,3,3,MDA_MF-DF-ALS,ALS,0.4767156862745098,0.4767156862745098,Strength.WEAK,0.011935537856383837,True,27
solver,3,3,MDA_MF-DF-ALS,Default,0.4031862745098039,0.4031862745098039,Strength.WEAK,0.03703876854275361,True,27
solver,3,3,MDP_MF-DF-PCI,MD_MF-DF,0.45772058823529405,0.45772058823529405,Strength.WEAK,0.016362956092914275,True,27
solver,3,3,MDP_MF-DF-PCI,AP_ALS-PCI,0.47303921568627444,0.47303921568627444,Strength.WEAK,0.012704185782183373,True,27
solver,3,3,MDP_MF-DF-PCI,PCI,0.4099264705882353,0.4099264705882353,Strength.WEAK,0.03370463188243062,True,27
solver,3,3,MDP_MF-DF-PCI,ALS,0.47303921568627444,0.47303921568627444,Strength.WEAK,0.012704185782183373,True,27
solver,3,3,MDP_MF-DF-PCI,Default,0.40686274509803916,0.40686274509803916,Strength.WEAK,0.035188969304370335,True,27
solver,3,3,MD_MF-DF,AP_ALS-PCI,0.45404411764705876,0.45404411764705876,Strength.WEAK,0.017359395666322306,True,27
solver,3,3,MD_MF-DF,PCI,0.39644607843137253,0.39644607843137253,Strength.VERYWEAK,0.040631246385534676,True,27
solver,3,3,MD_MF-DF,ALS,0.45404411764705876,0.45404411764705876,Strength.WEAK,0.017359395666322306,True,27
solver,3,3,MD_MF-DF,Default,0.3933823529411764,0.3933823529411764,Strength.VERYWEAK,0.0423532047005719,True,27
solver,3,3,AP_ALS-PCI,PCI,0.40686274509803916,0.40686274509803916,Strength.WEAK,0.035188969304370335,True,27
solver,3,3,AP_ALS-PCI,ALS,0.4767156862745098,0.4767156862745098,Strength.WEAK,0.011935537856383837,True,27
solver,3,3,AP_ALS-PCI,Default,0.4031862745098039,0.4031862745098039,Strength.WEAK,0.03703876854275361,True,27
solver,3,3,PCI,ALS,0.40686274509803916,0.40686274509803916,Strength.WEAK,0.035188969304370335,True,27
solver,3,3,PCI,Default,0.39031862745098034,0.39031862745098034,Strength.VERYWEAK,0.044132569487814396,True,27
solver,3,3,ALS,Default,0.4031862745098039,0.4031862745098039,Strength.WEAK,0.03703876854275361,True,27
