metric,coverage_t,sample_size_source_t,system,coverage,log10_ratio,setting
ALS,1,1,7z,0.7900581480781744,-8.1077,"(1,1)"
ALS,1,1,AJStats,0.6233333333333333,-0.9031,"(1,1)"
ALS,1,1,BerkeleyDBC,0.7235353535353536,-1.7093,"(1,1)"
ALS,1,1,Curl,0.6605797101449276,-0.727,"(1,1)"
ALS,1,1,Dune,0.670718954248366,-5.9694,"(1,1)"
ALS,1,1,HSMGP,0.6707272727272726,-6.0944,"(1,1)"
ALS,1,1,HSQLDB,0.6748275862068964,-2.181,"(1,1)"
ALS,1,1,Hipacc,0.7408080808080807,-11.8247,"(1,1)"
ALS,1,1,HyTeG,0.546060606060606,-0.6021,"(1,1)"
ALS,1,1,JavaGC,0.6982564102564103,-6.1524,"(1,1)"
ALS,1,1,LLVM,0.6485714285714285,0.0,"(1,1)"
ALS,1,1,PKJab,0.5942222222222222,-1.153,"(1,1)"
ALS,1,1,Polly,0.6494736842105262,-6.962,"(1,1)"
ALS,1,1,SQLite,0.7414035087719297,-4.8445,"(1,1)"
ALS,1,1,TriMesh,0.7269146005509642,-14.79,"(1,1)"
ALS,1,1,VP9,0.6796923076923076,-7.0078,"(1,1)"
ALS,1,1,WGet,0.67183908045977,-0.8062,"(1,1)"
ALS,1,1,clasp,0.7099999999999999,-6.6934,"(1,1)"
ALS,1,1,lrzip,0.7363963963963963,-2.7831,"(1,1)"
ALS,1,1,x264,0.618641975308642,-1.454,"(1,1)"
ALS,1,1,z3,0.7093827160493826,-0.9031,"(1,1)"
ALS,1,2,7z,0.9270525012070449,-8.1077,"(1,2)"
ALS,1,2,AJStats,0.827070707070707,-0.9031,"(1,2)"
ALS,1,2,BerkeleyDBC,0.816060606060606,-1.7093,"(1,2)"
ALS,1,2,Curl,0.8105797101449275,-0.727,"(1,2)"
ALS,1,2,Dune,0.7817647058823528,-5.9694,"(1,2)"
ALS,1,2,HSMGP,0.7842424242424242,-6.0944,"(1,2)"
ALS,1,2,HSQLDB,0.7973563218390805,-2.181,"(1,2)"
ALS,1,2,Hipacc,0.9573737373737375,-11.8247,"(1,2)"
ALS,1,2,HyTeG,0.6357575757575757,-0.6021,"(1,2)"
ALS,1,2,JavaGC,0.8041538461538461,-6.1524,"(1,2)"
ALS,1,2,LLVM,0.9166666666666666,0.0,"(1,2)"
ALS,1,2,PKJab,0.7562222222222222,-1.153,"(1,2)"
ALS,1,2,Polly,0.797953216374269,-6.962,"(1,2)"
ALS,1,2,SQLite,0.8511695906432748,-4.8445,"(1,2)"
ALS,1,2,TriMesh,0.8543526170798897,-14.79,"(1,2)"
ALS,1,2,VP9,0.8103589743589743,-7.0078,"(1,2)"
ALS,1,2,WGet,0.8125287356321839,-0.8062,"(1,2)"
ALS,1,2,clasp,0.7691194968553458,-6.6934,"(1,2)"
ALS,1,2,lrzip,0.8749549549549549,-2.7831,"(1,2)"
ALS,1,2,x264,0.7467901234567901,-1.454,"(1,2)"
ALS,1,2,z3,0.825185185185185,-0.9031,"(1,2)"
ALS,1,3,7z,0.9355962802023637,-8.1077,"(1,3)"
ALS,1,3,AJStats,0.9063636363636363,-0.9031,"(1,3)"
ALS,1,3,BerkeleyDBC,0.8728282828282827,-1.7093,"(1,3)"
ALS,1,3,Curl,0.8260869565217391,-0.727,"(1,3)"
ALS,1,3,Dune,0.8431372549019607,-5.9694,"(1,3)"
ALS,1,3,HSMGP,0.8598181818181818,-6.0944,"(1,3)"
ALS,1,3,HSQLDB,0.8375862068965516,-2.181,"(1,3)"
ALS,1,3,Hipacc,0.957912457912458,-11.8247,"(1,3)"
ALS,1,3,HyTeG,0.6363636363636364,-0.6021,"(1,3)"
ALS,1,3,JavaGC,0.8487692307692307,-6.1524,"(1,3)"
ALS,1,3,LLVM,0.9515873015873016,0.0,"(1,3)"
ALS,1,3,PKJab,0.7764444444444445,-1.153,"(1,3)"
ALS,1,3,Polly,0.8528070175438597,-6.962,"(1,3)"
ALS,1,3,VP9,0.8537435897435897,-7.0078,"(1,3)"
ALS,1,3,WGet,0.8543678160919541,-0.8062,"(1,3)"
ALS,1,3,clasp,0.8045283018867924,-6.6934,"(1,3)"
ALS,1,3,lrzip,0.8918918918918919,-2.7831,"(1,3)"
ALS,1,3,x264,0.7655555555555554,-1.454,"(1,3)"
ALS,1,3,z3,0.8338271604938271,-0.9031,"(1,3)"
ALS,2,1,7z,0.5947470230907413,-8.1077,"(2,1)"
ALS,2,1,AJStats,0.34919921875,-0.9031,"(2,1)"
ALS,2,1,BerkeleyDBC,0.4799596774193548,-1.7093,"(2,1)"
ALS,2,1,Curl,0.37831241283124123,-0.727,"(2,1)"
ALS,2,1,Dune,0.43835300730747606,-5.9694,"(2,1)"
ALS,2,1,HSMGP,0.43743110472082436,-6.0944,"(2,1)"
ALS,2,1,HSQLDB,0.39320244328097725,-2.181,"(2,1)"
ALS,2,1,Hipacc,0.5457432126696832,-11.8247,"(2,1)"
ALS,2,1,HyTeG,0.2774666666666667,-0.6021,"(2,1)"
ALS,2,1,JavaGC,0.4528669341357405,-6.1524,"(2,1)"
ALS,2,1,LLVM,0.3651333333333333,0.0,"(2,1)"
ALS,2,1,PKJab,0.31774305555555554,-1.153,"(2,1)"
ALS,2,1,Polly,0.40175081967213105,-6.962,"(2,1)"
ALS,2,1,SQLite,0.5032795351839896,-4.8445,"(2,1)"
ALS,2,1,TriMesh,0.5182998901866827,-14.79,"(2,1)"
ALS,2,1,VP9,0.4316075886170743,-7.0078,"(2,1)"
ALS,2,1,WGet,0.3902061855670103,-0.8062,"(2,1)"
ALS,2,1,clasp,0.5017635327635327,-6.6934,"(2,1)"
ALS,2,1,lrzip,0.5181016192071468,-2.7831,"(2,1)"
ALS,2,1,x264,0.34475903614457826,-1.454,"(2,1)"
ALS,2,1,z3,0.4411847389558233,-0.9031,"(2,1)"
ALS,2,2,7z,0.8175505965319035,-8.1077,"(2,2)"
ALS,2,2,AJStats,0.6157096354166667,-0.9031,"(2,2)"
ALS,2,2,BerkeleyDBC,0.6392540322580644,-1.7093,"(2,2)"
ALS,2,2,Curl,0.5751743375174336,-0.727,"(2,2)"
ALS,2,2,Dune,0.5954047217537942,-5.9694,"(2,2)"
ALS,2,2,HSMGP,0.5990174934100168,-6.0944,"(2,2)"
ALS,2,2,HSQLDB,0.578394415357766,-2.181,"(2,2)"
ALS,2,2,Hipacc,0.859630467571644,-11.8247,"(2,2)"
ALS,2,2,HyTeG,0.37439999999999996,-0.6021,"(2,2)"
ALS,2,2,JavaGC,0.605050150451354,-6.1524,"(2,2)"
ALS,2,2,LLVM,0.7184833333333333,0.0,"(2,2)"
ALS,2,2,PKJab,0.5019444444444444,-1.153,"(2,2)"
ALS,2,2,Polly,0.5952983606557377,-6.962,"(2,2)"
ALS,2,2,SQLite,0.703309662147622,-4.8445,"(2,2)"
ALS,2,2,TriMesh,0.7043700708795048,-14.79,"(2,2)"
ALS,2,2,VP9,0.6224180396072557,-7.0078,"(2,2)"
ALS,2,2,WGet,0.590635738831615,-0.8062,"(2,2)"
ALS,2,2,clasp,0.5752877492877493,-6.6934,"(2,2)"
ALS,2,2,lrzip,0.7201005025125627,-2.7831,"(2,2)"
ALS,2,2,x264,0.5256325301204818,-1.454,"(2,2)"
ALS,2,2,z3,0.6253815261044177,-0.9031,"(2,2)"
ALS,2,3,7z,0.8637355294723791,-8.1077,"(2,3)"
ALS,2,3,AJStats,0.72798828125,-0.9031,"(2,3)"
ALS,2,3,BerkeleyDBC,0.7295228494623656,-1.7093,"(2,3)"
ALS,2,3,Curl,0.6610041841004183,-0.727,"(2,3)"
ALS,2,3,Dune,0.7016245081506464,-5.9694,"(2,3)"
ALS,2,3,HSMGP,0.715712916367122,-6.0944,"(2,3)"
ALS,2,3,HSQLDB,0.6634991273996509,-2.181,"(2,3)"
ALS,2,3,Hipacc,0.8985946455505278,-11.8247,"(2,3)"
ALS,2,3,HyTeG,0.3797333333333333,-0.6021,"(2,3)"
ALS,2,3,JavaGC,0.6800768973587429,-6.1524,"(2,3)"
ALS,2,3,LLVM,0.8260333333333333,0.0,"(2,3)"
ALS,2,3,PKJab,0.5638541666666667,-1.153,"(2,3)"
ALS,2,3,Polly,0.6996087431693989,-6.962,"(2,3)"
ALS,2,3,VP9,0.7045332001997004,-7.0078,"(2,3)"
ALS,2,3,WGet,0.7053006872852233,-0.8062,"(2,3)"
ALS,2,3,clasp,0.6261595441595441,-6.6934,"(2,3)"
ALS,2,3,lrzip,0.7652819653824678,-2.7831,"(2,3)"
ALS,2,3,x264,0.5685441767068273,-1.454,"(2,3)"
ALS,2,3,z3,0.6921887550200803,-0.9031,"(2,3)"
ALS,3,1,7z,0.4388686845374689,-8.1077,"(3,1)"
ALS,3,1,AJStats,0.18643279569892468,-0.9031,"(3,1)"
ALS,3,1,BerkeleyDBC,0.30033303860890065,-1.7093,"(3,1)"
ALS,3,1,Curl,0.2010557053009883,-0.727,"(3,1)"
ALS,3,1,Dune,0.28427445609020163,-5.9694,"(3,1)"
ALS,3,1,HSMGP,0.2817267308998826,-6.0944,"(3,1)"
ALS,3,1,HSQLDB,0.21072937293729369,-2.181,"(3,1)"
ALS,3,1,Hipacc,0.40551663634608204,-11.8247,"(3,1)"
ALS,3,1,HyTeG,0.1298333333333333,-0.6021,"(3,1)"
ALS,3,1,JavaGC,0.27982380037058197,-6.1524,"(3,1)"
ALS,3,1,LLVM,0.19441520467836254,0.0,"(3,1)"
ALS,3,1,PKJab,0.16037037037037033,-1.153,"(3,1)"
ALS,3,1,Polly,0.24066073714181224,-6.962,"(3,1)"
ALS,3,1,SQLite,0.3134963727469897,-4.8445,"(3,1)"
ALS,3,1,TriMesh,0.3609714963441374,-14.79,"(3,1)"
ALS,3,1,VP9,0.2620868598786013,-7.0078,"(3,1)"
ALS,3,1,WGet,0.21010803440318854,-0.8062,"(3,1)"
ALS,3,1,clasp,0.348322026232474,-6.6934,"(3,1)"
ALS,3,1,lrzip,0.36001706384230653,-2.7831,"(3,1)"
ALS,3,1,x264,0.18069128787878783,-1.454,"(3,1)"
ALS,3,1,z3,0.2512402159244264,-0.9031,"(3,1)"
ALS,3,2,7z,0.6996195771464822,-8.1077,"(3,2)"
ALS,3,2,AJStats,0.41772782258064517,-0.9031,"(3,2)"
ALS,3,2,BerkeleyDBC,0.4762577365163572,-1.7093,"(3,2)"
ALS,3,2,Curl,0.36526055705300986,-0.727,"(3,2)"
ALS,3,2,Dune,0.4438691043353977,-5.9694,"(3,2)"
ALS,3,2,HSMGP,0.4453849360755975,-6.0944,"(3,2)"
ALS,3,2,HSQLDB,0.3799119911991199,-2.181,"(3,2)"
ALS,3,2,Hipacc,0.7576018225673725,-11.8247,"(3,2)"
ALS,3,2,HyTeG,0.20166666666666663,-0.6021,"(3,2)"
ALS,3,2,JavaGC,0.4341487869499714,-6.1524,"(3,2)"
ALS,3,2,LLVM,0.4944883040935672,0.0,"(3,2)"
ALS,3,2,PKJab,0.29951267056530206,-1.153,"(3,2)"
ALS,3,2,Polly,0.42294308178564893,-6.962,"(3,2)"
ALS,3,2,SQLite,0.551724503278239,-4.8445,"(3,2)"
ALS,3,2,TriMesh,0.5672188139072823,-14.79,"(3,2)"
ALS,3,2,VP9,0.45379661451654263,-7.0078,"(3,2)"
ALS,3,2,WGet,0.3824764002517306,-0.8062,"(3,2)"
ALS,3,2,clasp,0.4193146820012491,-6.6934,"(3,2)"
ALS,3,2,lrzip,0.5752691968225948,-2.7831,"(3,2)"
ALS,3,2,x264,0.34243235930735927,-1.454,"(3,2)"
ALS,3,2,z3,0.4269527665317138,-0.9031,"(3,2)"
ALS,3,3,7z,0.7884139699044282,-8.1077,"(3,3)"
ALS,3,3,AJStats,0.5391418010752688,-0.9031,"(3,3)"
ALS,3,3,BerkeleyDBC,0.5862194223401119,-1.7093,"(3,3)"
ALS,3,3,Curl,0.4899573225516622,-0.727,"(3,3)"
ALS,3,3,Dune,0.5731457440050818,-5.9694,"(3,3)"
ALS,3,3,HSMGP,0.5810371502686678,-6.0944,"(3,3)"
ALS,3,3,HSQLDB,0.48971947194719473,-2.181,"(3,3)"
ALS,3,3,Hipacc,0.8402747330239694,-11.8247,"(3,3)"
ALS,3,3,HyTeG,0.20799999999999993,-0.6021,"(3,3)"
ALS,3,3,JavaGC,0.5234071899838952,-6.1524,"(3,3)"
ALS,3,3,LLVM,0.6449152046783626,0.0,"(3,3)"
ALS,3,3,PKJab,0.3719005847953216,-1.153,"(3,3)"
ALS,3,3,Polly,0.5517289658595198,-6.962,"(3,3)"
ALS,3,3,VP9,0.5622564760194921,-7.0078,"(3,3)"
ALS,3,3,WGet,0.5399937067337949,-0.8062,"(3,3)"
ALS,3,3,clasp,0.4745641920268786,-6.6934,"(3,3)"
ALS,3,3,lrzip,0.6382147690497205,-2.7831,"(3,3)"
ALS,3,3,x264,0.40090503246753245,-1.454,"(3,3)"
ALS,3,3,z3,0.5419554655870445,-0.9031,"(3,3)"
AP_ALS-PCI,1,1,7z,0.7900581480781744,-8.1077,"(1,1)"
AP_ALS-PCI,1,1,AJStats,0.6233333333333333,-0.9031,"(1,1)"
AP_ALS-PCI,1,1,BerkeleyDBC,0.7235353535353536,-1.7093,"(1,1)"
AP_ALS-PCI,1,1,Curl,0.6605797101449276,-0.727,"(1,1)"
AP_ALS-PCI,1,1,Dune,0.670718954248366,-5.9694,"(1,1)"
AP_ALS-PCI,1,1,HSMGP,0.6707272727272726,-6.0944,"(1,1)"
AP_ALS-PCI,1,1,HSQLDB,0.6748275862068964,-2.181,"(1,1)"
AP_ALS-PCI,1,1,Hipacc,0.7408080808080807,-11.8247,"(1,1)"
AP_ALS-PCI,1,1,HyTeG,0.546060606060606,-0.6021,"(1,1)"
AP_ALS-PCI,1,1,JavaGC,0.6982564102564103,-6.1524,"(1,1)"
AP_ALS-PCI,1,1,LLVM,0.6485714285714285,0.0,"(1,1)"
AP_ALS-PCI,1,1,PKJab,0.5942222222222222,-1.153,"(1,1)"
AP_ALS-PCI,1,1,Polly,0.6494736842105262,-6.962,"(1,1)"
AP_ALS-PCI,1,1,SQLite,0.7414035087719297,-4.8445,"(1,1)"
AP_ALS-PCI,1,1,TriMesh,0.7269146005509642,-14.79,"(1,1)"
AP_ALS-PCI,1,1,VP9,0.6796923076923076,-7.0078,"(1,1)"
AP_ALS-PCI,1,1,WGet,0.67183908045977,-0.8062,"(1,1)"
AP_ALS-PCI,1,1,clasp,0.7099999999999999,-6.6934,"(1,1)"
AP_ALS-PCI,1,1,lrzip,0.7363963963963963,-2.7831,"(1,1)"
AP_ALS-PCI,1,1,x264,0.618641975308642,-1.454,"(1,1)"
AP_ALS-PCI,1,1,z3,0.7093827160493826,-0.9031,"(1,1)"
AP_ALS-PCI,1,2,7z,0.9270525012070449,-8.1077,"(1,2)"
AP_ALS-PCI,1,2,AJStats,0.827070707070707,-0.9031,"(1,2)"
AP_ALS-PCI,1,2,BerkeleyDBC,0.816060606060606,-1.7093,"(1,2)"
AP_ALS-PCI,1,2,Curl,0.8105797101449275,-0.727,"(1,2)"
AP_ALS-PCI,1,2,Dune,0.7817647058823528,-5.9694,"(1,2)"
AP_ALS-PCI,1,2,HSMGP,0.7842424242424242,-6.0944,"(1,2)"
AP_ALS-PCI,1,2,HSQLDB,0.7973563218390805,-2.181,"(1,2)"
AP_ALS-PCI,1,2,Hipacc,0.9573737373737375,-11.8247,"(1,2)"
AP_ALS-PCI,1,2,HyTeG,0.6357575757575757,-0.6021,"(1,2)"
AP_ALS-PCI,1,2,JavaGC,0.8041538461538461,-6.1524,"(1,2)"
AP_ALS-PCI,1,2,LLVM,0.9166666666666666,0.0,"(1,2)"
AP_ALS-PCI,1,2,PKJab,0.7562222222222222,-1.153,"(1,2)"
AP_ALS-PCI,1,2,Polly,0.797953216374269,-6.962,"(1,2)"
AP_ALS-PCI,1,2,SQLite,0.8511695906432748,-4.8445,"(1,2)"
AP_ALS-PCI,1,2,TriMesh,0.8543526170798897,-14.79,"(1,2)"
AP_ALS-PCI,1,2,VP9,0.8103589743589743,-7.0078,"(1,2)"
AP_ALS-PCI,1,2,WGet,0.8125287356321839,-0.8062,"(1,2)"
AP_ALS-PCI,1,2,clasp,0.7691194968553458,-6.6934,"(1,2)"
AP_ALS-PCI,1,2,lrzip,0.8749549549549549,-2.7831,"(1,2)"
AP_ALS-PCI,1,2,x264,0.7467901234567901,-1.454,"(1,2)"
AP_ALS-PCI,1,2,z3,0.825185185185185,-0.9031,"(1,2)"
AP_ALS-PCI,1,3,7z,0.9355962802023637,-8.1077,"(1,3)"
AP_ALS-PCI,1,3,AJStats,0.9063636363636363,-0.9031,"(1,3)"
AP_ALS-PCI,1,3,BerkeleyDBC,0.8728282828282827,-1.7093,"(1,3)"
AP_ALS-PCI,1,3,Curl,0.8260869565217391,-0.727,"(1,3)"
AP_ALS-PCI,1,3,Dune,0.8431372549019607,-5.9694,"(1,3)"
AP_ALS-PCI,1,3,HSMGP,0.8598181818181818,-6.0944,"(1,3)"
AP_ALS-PCI,1,3,HSQLDB,0.8375862068965516,-2.181,"(1,3)"
AP_ALS-PCI,1,3,Hipacc,0.957912457912458,-11.8247,"(1,3)"
AP_ALS-PCI,1,3,HyTeG,0.6363636363636364,-0.6021,"(1,3)"
AP_ALS-PCI,1,3,JavaGC,0.8487692307692307,-6.1524,"(1,3)"
AP_ALS-PCI,1,3,LLVM,0.9515873015873016,0.0,"(1,3)"
AP_ALS-PCI,1,3,PKJab,0.7764444444444445,-1.153,"(1,3)"
AP_ALS-PCI,1,3,Polly,0.8528070175438597,-6.962,"(1,3)"
AP_ALS-PCI,1,3,VP9,0.8537435897435897,-7.0078,"(1,3)"
AP_ALS-PCI,1,3,WGet,0.8543678160919541,-0.8062,"(1,3)"
AP_ALS-PCI,1,3,clasp,0.8045283018867924,-6.6934,"(1,3)"
AP_ALS-PCI,1,3,lrzip,0.8918918918918919,-2.7831,"(1,3)"
AP_ALS-PCI,1,3,x264,0.7655555555555554,-1.454,"(1,3)"
AP_ALS-PCI,1,3,z3,0.8338271604938271,-0.9031,"(1,3)"
AP_ALS-PCI,2,1,7z,0.594189929979731,-8.1077,"(2,1)"
AP_ALS-PCI,2,1,AJStats,0.35022177419354833,-0.9031,"(2,1)"
AP_ALS-PCI,2,1,BerkeleyDBC,0.4741376959781868,-1.7093,"(2,1)"
AP_ALS-PCI,2,1,Curl,0.3709235209235209,-0.727,"(2,1)"
AP_ALS-PCI,2,1,Dune,0.43835300730747606,-5.9694,"(2,1)"
AP_ALS-PCI,2,1,HSMGP,0.43743110472082436,-6.0944,"(2,1)"
AP_ALS-PCI,2,1,HSQLDB,0.39402329749103937,-2.181,"(2,1)"
AP_ALS-PCI,2,1,Hipacc,0.5459594472134118,-11.8247,"(2,1)"
AP_ALS-PCI,2,1,HyTeG,0.2774666666666667,-0.6021,"(2,1)"
AP_ALS-PCI,2,1,JavaGC,0.4529730182671359,-6.1524,"(2,1)"
AP_ALS-PCI,2,1,LLVM,0.36852631578947365,0.0,"(2,1)"
AP_ALS-PCI,2,1,PKJab,0.29988764044943816,-1.153,"(2,1)"
AP_ALS-PCI,2,1,Polly,0.4008881578947368,-6.962,"(2,1)"
AP_ALS-PCI,2,1,SQLite,0.5038532901833872,-4.8445,"(2,1)"
AP_ALS-PCI,2,1,TriMesh,0.5182277469921621,-14.79,"(2,1)"
AP_ALS-PCI,2,1,VP9,0.43075499999999994,-7.0078,"(2,1)"
AP_ALS-PCI,2,1,WGet,0.3858090185676392,-0.8062,"(2,1)"
AP_ALS-PCI,2,1,clasp,0.5045829750644883,-6.6934,"(2,1)"
AP_ALS-PCI,2,1,lrzip,0.520736961451247,-2.7831,"(2,1)"
AP_ALS-PCI,2,1,x264,0.3397128205128205,-1.454,"(2,1)"
AP_ALS-PCI,2,1,z3,0.43504643962848294,-0.9031,"(2,1)"
AP_ALS-PCI,2,2,7z,0.8172971945826423,-8.1077,"(2,2)"
AP_ALS-PCI,2,2,AJStats,0.6154166666666666,-0.9031,"(2,2)"
AP_ALS-PCI,2,2,BerkeleyDBC,0.6343081117927744,-1.7093,"(2,2)"
AP_ALS-PCI,2,2,Curl,0.5677056277056277,-0.727,"(2,2)"
AP_ALS-PCI,2,2,Dune,0.5954047217537942,-5.9694,"(2,2)"
AP_ALS-PCI,2,2,HSMGP,0.5990174934100168,-6.0944,"(2,2)"
AP_ALS-PCI,2,2,HSQLDB,0.5785304659498207,-2.181,"(2,2)"
AP_ALS-PCI,2,2,Hipacc,0.8601978553088656,-11.8247,"(2,2)"
AP_ALS-PCI,2,2,HyTeG,0.37439999999999996,-0.6021,"(2,2)"
AP_ALS-PCI,2,2,JavaGC,0.6050896597955422,-6.1524,"(2,2)"
AP_ALS-PCI,2,2,LLVM,0.7218245614035087,0.0,"(2,2)"
AP_ALS-PCI,2,2,PKJab,0.48576779026217226,-1.153,"(2,2)"
AP_ALS-PCI,2,2,Polly,0.5947214912280702,-6.962,"(2,2)"
AP_ALS-PCI,2,2,SQLite,0.7040539374325782,-4.8445,"(2,2)"
AP_ALS-PCI,2,2,TriMesh,0.7043257950177225,-14.79,"(2,2)"
AP_ALS-PCI,2,2,VP9,0.6218516666666667,-7.0078,"(2,2)"
AP_ALS-PCI,2,2,WGet,0.5853580901856764,-0.8062,"(2,2)"
AP_ALS-PCI,2,2,clasp,0.5784436801375752,-6.6934,"(2,2)"
AP_ALS-PCI,2,2,lrzip,0.7244841269841269,-2.7831,"(2,2)"
AP_ALS-PCI,2,2,x264,0.5160205128205129,-1.454,"(2,2)"
AP_ALS-PCI,2,2,z3,0.6184107327141383,-0.9031,"(2,2)"
AP_ALS-PCI,2,3,7z,0.8635462732633131,-8.1077,"(2,3)"
AP_ALS-PCI,2,3,AJStats,0.724375,-0.9031,"(2,3)"
AP_ALS-PCI,2,3,BerkeleyDBC,0.7256509884117245,-1.7093,"(2,3)"
AP_ALS-PCI,2,3,Curl,0.6497113997113997,-0.727,"(2,3)"
AP_ALS-PCI,2,3,Dune,0.7016245081506464,-5.9694,"(2,3)"
AP_ALS-PCI,2,3,HSMGP,0.715712916367122,-6.0944,"(2,3)"
AP_ALS-PCI,2,3,HSQLDB,0.6637903225806451,-2.181,"(2,3)"
AP_ALS-PCI,2,3,Hipacc,0.8992119770427428,-11.8247,"(2,3)"
AP_ALS-PCI,2,3,HyTeG,0.3797333333333333,-0.6021,"(2,3)"
AP_ALS-PCI,2,3,JavaGC,0.6802865761689291,-6.1524,"(2,3)"
AP_ALS-PCI,2,3,LLVM,0.8249122807017544,0.0,"(2,3)"
AP_ALS-PCI,2,3,PKJab,0.5520224719101123,-1.153,"(2,3)"
AP_ALS-PCI,2,3,Polly,0.6992785087719298,-6.962,"(2,3)"
AP_ALS-PCI,2,3,VP9,0.70409,-7.0078,"(2,3)"
AP_ALS-PCI,2,3,WGet,0.6972502210433245,-0.8062,"(2,3)"
AP_ALS-PCI,2,3,clasp,0.6296016050444253,-6.6934,"(2,3)"
AP_ALS-PCI,2,3,lrzip,0.7701927437641722,-2.7831,"(2,3)"
AP_ALS-PCI,2,3,x264,0.559251282051282,-1.454,"(2,3)"
AP_ALS-PCI,2,3,z3,0.6836119711042311,-0.9031,"(2,3)"
AP_ALS-PCI,3,1,7z,0.43756797764912525,-8.1077,"(3,1)"
AP_ALS-PCI,3,1,AJStats,0.1886528985507246,-0.9031,"(3,1)"
AP_ALS-PCI,3,1,BerkeleyDBC,0.290314494425221,-1.7093,"(3,1)"
AP_ALS-PCI,3,1,Curl,0.1932864891518737,-0.727,"(3,1)"
AP_ALS-PCI,3,1,Dune,0.28427445609020163,-5.9694,"(3,1)"
AP_ALS-PCI,3,1,HSMGP,0.2817267308998826,-6.0944,"(3,1)"
AP_ALS-PCI,3,1,HSQLDB,0.21272206303724925,-2.181,"(3,1)"
AP_ALS-PCI,3,1,Hipacc,0.40610819211725036,-11.8247,"(3,1)"
AP_ALS-PCI,3,1,HyTeG,0.1298333333333333,-0.6021,"(3,1)"
AP_ALS-PCI,3,1,JavaGC,0.2801740056198404,-6.1524,"(3,1)"
AP_ALS-PCI,3,1,LLVM,0.19981757877280262,0.0,"(3,1)"
AP_ALS-PCI,3,1,PKJab,0.138235294117647,-1.153,"(3,1)"
AP_ALS-PCI,3,1,Polly,0.2391330509481018,-6.962,"(3,1)"
AP_ALS-PCI,3,1,SQLite,0.31454977017557073,-4.8445,"(3,1)"
AP_ALS-PCI,3,1,TriMesh,0.36069645832313946,-14.79,"(3,1)"
AP_ALS-PCI,3,1,VP9,0.2601393219436356,-7.0078,"(3,1)"
AP_ALS-PCI,3,1,WGet,0.20543532338308454,-0.8062,"(3,1)"
AP_ALS-PCI,3,1,clasp,0.35193961573650495,-6.6934,"(3,1)"
AP_ALS-PCI,3,1,lrzip,0.36686129131912265,-2.7831,"(3,1)"
AP_ALS-PCI,3,1,x264,0.17507696734282832,-1.454,"(3,1)"
AP_ALS-PCI,3,1,z3,0.24474818049490532,-0.9031,"(3,1)"
AP_ALS-PCI,3,2,7z,0.6986435266008274,-8.1077,"(3,2)"
AP_ALS-PCI,3,2,AJStats,0.420631884057971,-0.9031,"(3,2)"
AP_ALS-PCI,3,2,BerkeleyDBC,0.4652918108419838,-1.7093,"(3,2)"
AP_ALS-PCI,3,2,Curl,0.3551380670611439,-0.727,"(3,2)"
AP_ALS-PCI,3,2,Dune,0.4438691043353977,-5.9694,"(3,2)"
AP_ALS-PCI,3,2,HSMGP,0.4453849360755975,-6.0944,"(3,2)"
AP_ALS-PCI,3,2,HSQLDB,0.38132402101241636,-2.181,"(3,2)"
AP_ALS-PCI,3,2,Hipacc,0.7593159209436059,-11.8247,"(3,2)"
AP_ALS-PCI,3,2,HyTeG,0.20166666666666663,-0.6021,"(3,2)"
AP_ALS-PCI,3,2,JavaGC,0.43439281288723663,-6.1524,"(3,2)"
AP_ALS-PCI,3,2,LLVM,0.504530679933665,0.0,"(3,2)"
AP_ALS-PCI,3,2,PKJab,0.27205882352941174,-1.153,"(3,2)"
AP_ALS-PCI,3,2,Polly,0.4214951902141641,-6.962,"(3,2)"
AP_ALS-PCI,3,2,SQLite,0.5532130208725793,-4.8445,"(3,2)"
AP_ALS-PCI,3,2,TriMesh,0.5670013385418028,-14.79,"(3,2)"
AP_ALS-PCI,3,2,VP9,0.45209652897673097,-7.0078,"(3,2)"
AP_ALS-PCI,3,2,WGet,0.3749830393487109,-0.8062,"(3,2)"
AP_ALS-PCI,3,2,clasp,0.42355073410883104,-6.6934,"(3,2)"
AP_ALS-PCI,3,2,lrzip,0.5868829162805066,-2.7831,"(3,2)"
AP_ALS-PCI,3,2,x264,0.3283800891957991,-1.454,"(3,2)"
AP_ALS-PCI,3,2,z3,0.4169446870451237,-0.9031,"(3,2)"
AP_ALS-PCI,3,3,7z,0.787739005155292,-8.1077,"(3,3)"
AP_ALS-PCI,3,3,AJStats,0.5384376811594203,-0.9031,"(3,3)"
AP_ALS-PCI,3,3,BerkeleyDBC,0.5762199154171472,-1.7093,"(3,3)"
AP_ALS-PCI,3,3,Curl,0.4722830374753451,-0.727,"(3,3)"
AP_ALS-PCI,3,3,Dune,0.5731457440050818,-5.9694,"(3,3)"
AP_ALS-PCI,3,3,HSMGP,0.5810371502686678,-6.0944,"(3,3)"
AP_ALS-PCI,3,3,HSQLDB,0.49084646609360066,-2.181,"(3,3)"
AP_ALS-PCI,3,3,Hipacc,0.8420604091090401,-11.8247,"(3,3)"
AP_ALS-PCI,3,3,HyTeG,0.20799999999999993,-0.6021,"(3,3)"
AP_ALS-PCI,3,3,JavaGC,0.5238755955809205,-6.1524,"(3,3)"
AP_ALS-PCI,3,3,LLVM,0.6483615257048092,0.0,"(3,3)"
AP_ALS-PCI,3,3,PKJab,0.3481862745098039,-1.153,"(3,3)"
AP_ALS-PCI,3,3,Polly,0.5506174207935816,-6.962,"(3,3)"
AP_ALS-PCI,3,3,VP9,0.5608498466771459,-7.0078,"(3,3)"
AP_ALS-PCI,3,3,WGet,0.5265773405698778,-0.8062,"(3,3)"
AP_ALS-PCI,3,3,clasp,0.47939550385570506,-6.6934,"(3,3)"
AP_ALS-PCI,3,3,lrzip,0.6511102873030583,-2.7831,"(3,3)"
AP_ALS-PCI,3,3,x264,0.384553301683211,-1.454,"(3,3)"
AP_ALS-PCI,3,3,z3,0.5270174672489083,-0.9031,"(3,3)"
Default,1,1,7z,0.7818937441307519,-8.1077,"(1,1)"
Default,1,1,AJStats,0.6172972972972972,-0.9031,"(1,1)"
Default,1,1,BerkeleyDBC,0.7067619047619047,-1.7093,"(1,1)"
Default,1,1,Curl,0.66,-0.727,"(1,1)"
Default,1,1,Dune,0.6524712643678161,-5.9694,"(1,1)"
Default,1,1,HSMGP,0.6607222222222222,-6.0944,"(1,1)"
Default,1,1,HSQLDB,0.6686868686868687,-2.181,"(1,1)"
Default,1,1,Hipacc,0.7388095238095238,-11.8247,"(1,1)"
Default,1,1,HyTeG,0.5576923076923076,-0.6021,"(1,1)"
Default,1,1,JavaGC,0.6850234741784037,-6.1524,"(1,1)"
Default,1,1,LLVM,0.619090909090909,0.0,"(1,1)"
Default,1,1,PKJab,0.6381666666666667,-1.153,"(1,1)"
Default,1,1,Polly,0.6586854460093896,-6.962,"(1,1)"
Default,1,1,SQLite,0.7518571428571428,-4.8445,"(1,1)"
Default,1,1,TriMesh,0.7187596899224805,-14.79,"(1,1)"
Default,1,1,VP9,0.6707111111111111,-7.0078,"(1,1)"
Default,1,1,WGet,0.6679999999999999,-0.8062,"(1,1)"
Default,1,1,clasp,0.7539487179487179,-6.6934,"(1,1)"
Default,1,1,lrzip,0.7250877192982456,-2.7831,"(1,1)"
Default,1,1,x264,0.6191111111111111,-1.454,"(1,1)"
Default,1,1,z3,0.7053571428571429,-0.9031,"(1,1)"
Default,1,2,7z,0.9302883174489001,-8.1077,"(1,2)"
Default,1,2,AJStats,0.8186486486486486,-0.9031,"(1,2)"
Default,1,2,BerkeleyDBC,0.8068571428571428,-1.7093,"(1,2)"
Default,1,2,Curl,0.8105555555555555,-0.727,"(1,2)"
Default,1,2,Dune,0.7745977011494252,-5.9694,"(1,2)"
Default,1,2,HSMGP,0.7772777777777778,-6.0944,"(1,2)"
Default,1,2,HSQLDB,0.7828282828282828,-2.181,"(1,2)"
Default,1,2,Hipacc,0.9518730158730159,-11.8247,"(1,2)"
Default,1,2,HyTeG,0.6912820512820512,-0.6021,"(1,2)"
Default,1,2,JavaGC,0.8056338028169013,-6.1524,"(1,2)"
Default,1,2,LLVM,0.875,0.0,"(1,2)"
Default,1,2,PKJab,0.8088333333333333,-1.153,"(1,2)"
Default,1,2,Polly,0.8038028169014084,-6.962,"(1,2)"
Default,1,2,SQLite,0.8464761904761904,-4.8445,"(1,2)"
Default,1,2,TriMesh,0.8480103359173127,-14.79,"(1,2)"
Default,1,2,VP9,0.8143111111111111,-7.0078,"(1,2)"
Default,1,2,WGet,0.8092222222222222,-0.8062,"(1,2)"
Default,1,2,clasp,0.8103076923076923,-6.6934,"(1,2)"
Default,1,2,lrzip,0.8776315789473684,-2.7831,"(1,2)"
Default,1,2,x264,0.7563333333333333,-1.454,"(1,2)"
Default,1,2,z3,0.8310714285714286,-0.9031,"(1,2)"
Default,1,3,7z,0.9386201522507942,-8.1077,"(1,3)"
Default,1,3,AJStats,0.8894594594594594,-0.9031,"(1,3)"
Default,1,3,BerkeleyDBC,0.8794285714285712,-1.7093,"(1,3)"
Default,1,3,Curl,0.8258333333333332,-0.727,"(1,3)"
Default,1,3,Dune,0.8390804597701148,-5.9694,"(1,3)"
Default,1,3,HSMGP,0.8649444444444445,-6.0944,"(1,3)"
Default,1,3,HSQLDB,0.824949494949495,-2.181,"(1,3)"
Default,1,3,Hipacc,0.9523809523809524,-11.8247,"(1,3)"
Default,1,3,HyTeG,0.6923076923076922,-0.6021,"(1,3)"
Default,1,3,JavaGC,0.8614084507042253,-6.1524,"(1,3)"
Default,1,3,LLVM,0.9083333333333331,0.0,"(1,3)"
Default,1,3,PKJab,0.8308333333333332,-1.153,"(1,3)"
Default,1,3,Polly,0.8651643192488262,-6.962,"(1,3)"
Default,1,3,VP9,0.8589333333333333,-7.0078,"(1,3)"
Default,1,3,WGet,0.8592222222222222,-0.8062,"(1,3)"
Default,1,3,clasp,0.8405128205128205,-6.6934,"(1,3)"
Default,1,3,lrzip,0.894736842105263,-2.7831,"(1,3)"
Default,1,3,x264,0.7864444444444445,-1.454,"(1,3)"
Default,1,3,z3,0.8397619047619047,-0.9031,"(1,3)"
Default,2,1,7z,0.5774366884645187,-8.1077,"(2,1)"
Default,2,1,AJStats,0.34404102564102557,-0.9031,"(2,1)"
Default,2,1,BerkeleyDBC,0.4519360568383658,-1.7093,"(2,1)"
Default,2,1,Curl,0.3772137404580152,-0.727,"(2,1)"
Default,2,1,Dune,0.4057740764467221,-5.9694,"(2,1)"
Default,2,1,HSMGP,0.4138345266507557,-6.0944,"(2,1)"
Default,2,1,HSQLDB,0.3922778891115564,-2.181,"(2,1)"
Default,2,1,Hipacc,0.5394501957661423,-11.8247,"(2,1)"
Default,2,1,HyTeG,0.2882191780821918,-0.6021,"(2,1)"
Default,2,1,JavaGC,0.4272085591218563,-6.1524,"(2,1)"
Default,2,1,LLVM,0.33043740573152336,0.0,"(2,1)"
Default,2,1,PKJab,0.37943502824858755,-1.153,"(2,1)"
Default,2,1,Polly,0.40326264726264727,-6.962,"(2,1)"
Default,2,1,SQLite,0.5299449618966977,-4.8445,"(2,1)"
Default,2,1,TriMesh,0.4977938556468083,-14.79,"(2,1)"
Default,2,1,VP9,0.41177860235003083,-7.0078,"(2,1)"
Default,2,1,WGet,0.3835411670663469,-0.8062,"(2,1)"
Default,2,1,clasp,0.5361150935882119,-6.6934,"(2,1)"
Default,2,1,lrzip,0.49733438485804415,-2.7831,"(2,1)"
Default,2,1,x264,0.3419471153846153,-1.454,"(2,1)"
Default,2,1,z3,0.43486536675951715,-0.9031,"(2,1)"
Default,2,2,7z,0.8138357908937326,-8.1077,"(2,2)"
Default,2,2,AJStats,0.6022512820512821,-0.9031,"(2,2)"
Default,2,2,BerkeleyDBC,0.6168028419182948,-1.7093,"(2,2)"
Default,2,2,Curl,0.5727989821882952,-0.727,"(2,2)"
Default,2,2,Dune,0.5738543668588512,-5.9694,"(2,2)"
Default,2,2,HSMGP,0.5778182179793158,-6.0944,"(2,2)"
Default,2,2,HSQLDB,0.5641015364061456,-2.181,"(2,2)"
Default,2,2,Hipacc,0.8450826199482381,-11.8247,"(2,2)"
Default,2,2,HyTeG,0.44273972602739725,-0.6021,"(2,2)"
Default,2,2,JavaGC,0.5953425038210365,-6.1524,"(2,2)"
Default,2,2,LLVM,0.6502111613876319,0.0,"(2,2)"
Default,2,2,PKJab,0.5889077212806026,-1.153,"(2,2)"
Default,2,2,Polly,0.5992931392931392,-6.962,"(2,2)"
Default,2,2,SQLite,0.7024654247812588,-4.8445,"(2,2)"
Default,2,2,TriMesh,0.6828622952244383,-14.79,"(2,2)"
Default,2,2,VP9,0.617008039579468,-7.0078,"(2,2)"
Default,2,2,WGet,0.5834532374100718,-0.8062,"(2,2)"
Default,2,2,clasp,0.6116348068498606,-6.6934,"(2,2)"
Default,2,2,lrzip,0.7115720294426918,-2.7831,"(2,2)"
Default,2,2,x264,0.5323878205128204,-1.454,"(2,2)"
Default,2,2,z3,0.6273537604456824,-0.9031,"(2,2)"
Default,2,3,7z,0.8618055490896526,-8.1077,"(2,3)"
Default,2,3,AJStats,0.7028358974358974,-0.9031,"(2,3)"
Default,2,3,BerkeleyDBC,0.7268975725281231,-1.7093,"(2,3)"
Default,2,3,Curl,0.6582442748091603,-0.727,"(2,3)"
Default,2,3,Dune,0.6846487294469358,-5.9694,"(2,3)"
Default,2,3,HSMGP,0.7100318217979315,-6.0944,"(2,3)"
Default,2,3,HSQLDB,0.6456045424181697,-2.181,"(2,3)"
Default,2,3,Hipacc,0.8830347070144005,-11.8247,"(2,3)"
Default,2,3,HyTeG,0.46433789954337895,-0.6021,"(2,3)"
Default,2,3,JavaGC,0.6845935806586078,-6.1524,"(2,3)"
Default,2,3,LLVM,0.7475414781297134,0.0,"(2,3)"
Default,2,3,PKJab,0.6572128060263653,-1.153,"(2,3)"
Default,2,3,Polly,0.7168191268191267,-6.962,"(2,3)"
Default,2,3,VP9,0.7056549165120594,-7.0078,"(2,3)"
Default,2,3,WGet,0.7114228617106315,-0.8062,"(2,3)"
Default,2,3,clasp,0.660784547988849,-6.6934,"(2,3)"
Default,2,3,lrzip,0.7580704521556256,-2.7831,"(2,3)"
Default,2,3,x264,0.5927483974358975,-1.454,"(2,3)"
Default,2,3,z3,0.6983286908077995,-0.9031,"(2,3)"
Default,3,1,7z,0.4167829110021853,-8.1077,"(3,1)"
Default,3,1,AJStats,0.1827840961627369,-0.9031,"(3,1)"
Default,3,1,BerkeleyDBC,0.2696035321679581,-1.7093,"(3,1)"
Default,3,1,Curl,0.20036757593344937,-0.727,"(3,1)"
Default,3,1,Dune,0.24579799764428736,-5.9694,"(3,1)"
Default,3,1,HSMGP,0.25123297712721476,-6.0944,"(3,1)"
Default,3,1,HSQLDB,0.21323689362627796,-2.181,"(3,1)"
Default,3,1,Hipacc,0.3949929751020139,-11.8247,"(3,1)"
Default,3,1,HyTeG,0.13979797979797975,-0.6021,"(3,1)"
Default,3,1,JavaGC,0.25062401616884,-6.1524,"(3,1)"
Default,3,1,LLVM,0.1653980099502487,0.0,"(3,1)"
Default,3,1,PKJab,0.21787450126949578,-1.153,"(3,1)"
Default,3,1,Polly,0.23464784292533547,-6.962,"(3,1)"
Default,3,1,SQLite,0.35334557028763347,-4.8445,"(3,1)"
Default,3,1,TriMesh,0.33022344633822287,-14.79,"(3,1)"
Default,3,1,VP9,0.23862182700080836,-7.0078,"(3,1)"
Default,3,1,WGet,0.2036876051598429,-0.8062,"(3,1)"
Default,3,1,clasp,0.3679768305670277,-6.6934,"(3,1)"
Default,3,1,lrzip,0.33434099861599054,-2.7831,"(3,1)"
Default,3,1,x264,0.1764784490871447,-1.454,"(3,1)"
Default,3,1,z3,0.24495360456816556,-0.9031,"(3,1)"
Default,3,2,7z,0.6845925034035542,-8.1077,"(3,2)"
Default,3,2,AJStats,0.40470087840961627,-0.9031,"(3,2)"
Default,3,2,BerkeleyDBC,0.4422064035561962,-1.7093,"(3,2)"
Default,3,2,Curl,0.36154575353066354,-0.727,"(3,2)"
Default,3,2,Dune,0.4076622112971782,-5.9694,"(3,2)"
Default,3,2,HSMGP,0.40977997686378265,-6.0944,"(3,2)"
Default,3,2,HSQLDB,0.37275034442752514,-2.181,"(3,2)"
Default,3,2,Hipacc,0.7295918876394332,-11.8247,"(3,2)"
Default,3,2,HyTeG,0.26046176046176045,-0.6021,"(3,2)"
Default,3,2,JavaGC,0.4133281510128197,-6.1524,"(3,2)"
Default,3,2,LLVM,0.42068407960199,0.0,"(3,2)"
Default,3,2,PKJab,0.39791077257889007,-1.153,"(3,2)"
Default,3,2,Polly,0.42033298593687674,-6.962,"(3,2)"
Default,3,2,SQLite,0.5642908750073226,-4.8445,"(3,2)"
Default,3,2,TriMesh,0.5272203789095015,-14.79,"(3,2)"
Default,3,2,VP9,0.4357620048504446,-7.0078,"(3,2)"
Default,3,2,WGet,0.3735118713778276,-0.8062,"(3,2)"
Default,3,2,clasp,0.4446951868879711,-6.6934,"(3,2)"
Default,3,2,lrzip,0.553507931438305,-2.7831,"(3,2)"
Default,3,2,x264,0.3430312441182006,-1.454,"(3,2)"
Default,3,2,z3,0.42365691172971687,-0.9031,"(3,2)"
Default,3,3,7z,0.775545146027776,-8.1077,"(3,3)"
Default,3,3,AJStats,0.5133550624133149,-0.9031,"(3,3)"
Default,3,3,BerkeleyDBC,0.5692124707154442,-1.7093,"(3,3)"
Default,3,3,Curl,0.4842638808280131,-0.727,"(3,3)"
Default,3,3,Dune,0.5392885491883034,-5.9694,"(3,3)"
Default,3,3,HSMGP,0.5580338796687626,-6.0944,"(3,3)"
Default,3,3,HSQLDB,0.47462257994344137,-2.181,"(3,3)"
Default,3,3,Hipacc,0.812947979792899,-11.8247,"(3,3)"
Default,3,3,HyTeG,0.2905194805194805,-0.6021,"(3,3)"
Default,3,3,JavaGC,0.515479526595021,-6.1524,"(3,3)"
Default,3,3,LLVM,0.5486592039800994,0.0,"(3,3)"
Default,3,3,PKJab,0.4901886108088502,-1.153,"(3,3)"
Default,3,3,Polly,0.5659489069878153,-6.962,"(3,3)"
Default,3,3,VP9,0.5532474804634869,-7.0078,"(3,3)"
Default,3,3,WGet,0.5449579360628154,-0.8062,"(3,3)"
Default,3,3,clasp,0.5023694121925245,-6.6934,"(3,3)"
Default,3,3,lrzip,0.6168971574576811,-2.7831,"(3,3)"
Default,3,3,x264,0.41943252399774134,-1.454,"(3,3)"
Default,3,3,z3,0.5461360932667142,-0.9031,"(3,3)"
MDAP_MF-DF-ALS-PCI,1,1,7z,0.7873665858740485,-8.1077,"(1,1)"
MDAP_MF-DF-ALS-PCI,1,1,AJStats,0.626875,-0.9031,"(1,1)"
MDAP_MF-DF-ALS-PCI,1,1,BerkeleyDBC,0.7148958333333333,-1.7093,"(1,1)"
MDAP_MF-DF-ALS-PCI,1,1,Curl,0.6545454545454544,-0.727,"(1,1)"
MDAP_MF-DF-ALS-PCI,1,1,Dune,0.6641333333333334,-5.9694,"(1,1)"
MDAP_MF-DF-ALS-PCI,1,1,HSMGP,0.6646296296296296,-6.0944,"(1,1)"
MDAP_MF-DF-ALS-PCI,1,1,HSQLDB,0.6722619047619047,-2.181,"(1,1)"
MDAP_MF-DF-ALS-PCI,1,1,Hipacc,0.7381632653061224,-11.8247,"(1,1)"
MDAP_MF-DF-ALS-PCI,1,1,HyTeG,0.5006666666666666,-0.6021,"(1,1)"
MDAP_MF-DF-ALS-PCI,1,1,JavaGC,0.69734375,-6.1524,"(1,1)"
MDAP_MF-DF-ALS-PCI,1,1,LLVM,0.6558333333333334,0.0,"(1,1)"
MDAP_MF-DF-ALS-PCI,1,1,PKJab,0.5652380952380953,-1.153,"(1,1)"
MDAP_MF-DF-ALS-PCI,1,1,Polly,0.6432142857142857,-6.962,"(1,1)"
MDAP_MF-DF-ALS-PCI,1,1,SQLite,0.7367857142857144,-4.8445,"(1,1)"
MDAP_MF-DF-ALS-PCI,1,1,TriMesh,0.7246388888888888,-14.79,"(1,1)"
MDAP_MF-DF-ALS-PCI,1,1,VP9,0.6746875,-7.0078,"(1,1)"
MDAP_MF-DF-ALS-PCI,1,1,WGet,0.6679761904761905,-0.8062,"(1,1)"
MDAP_MF-DF-ALS-PCI,1,1,clasp,0.7167948717948718,-6.6934,"(1,1)"
MDAP_MF-DF-ALS-PCI,1,1,lrzip,0.729074074074074,-2.7831,"(1,1)"
MDAP_MF-DF-ALS-PCI,1,1,x264,0.6148717948717949,-1.454,"(1,1)"
MDAP_MF-DF-ALS-PCI,1,1,z3,0.7046153846153845,-0.9031,"(1,1)"
MDAP_MF-DF-ALS-PCI,1,2,7z,0.9261172768635456,-8.1077,"(1,2)"
MDAP_MF-DF-ALS-PCI,1,2,AJStats,0.8305208333333334,-0.9031,"(1,2)"
MDAP_MF-DF-ALS-PCI,1,2,BerkeleyDBC,0.8103125,-1.7093,"(1,2)"
MDAP_MF-DF-ALS-PCI,1,2,Curl,0.8095454545454546,-0.727,"(1,2)"
MDAP_MF-DF-ALS-PCI,1,2,Dune,0.7774,-5.9694,"(1,2)"
MDAP_MF-DF-ALS-PCI,1,2,HSMGP,0.7802469135802469,-6.0944,"(1,2)"
MDAP_MF-DF-ALS-PCI,1,2,HSQLDB,0.7923809523809524,-2.181,"(1,2)"
MDAP_MF-DF-ALS-PCI,1,2,Hipacc,0.9569387755102042,-11.8247,"(1,2)"
MDAP_MF-DF-ALS-PCI,1,2,HyTeG,0.5993333333333332,-0.6021,"(1,2)"
MDAP_MF-DF-ALS-PCI,1,2,JavaGC,0.80109375,-6.1524,"(1,2)"
MDAP_MF-DF-ALS-PCI,1,2,LLVM,0.9241666666666667,0.0,"(1,2)"
MDAP_MF-DF-ALS-PCI,1,2,PKJab,0.7388095238095238,-1.153,"(1,2)"
MDAP_MF-DF-ALS-PCI,1,2,Polly,0.794345238095238,-6.962,"(1,2)"
MDAP_MF-DF-ALS-PCI,1,2,SQLite,0.8485119047619047,-4.8445,"(1,2)"
MDAP_MF-DF-ALS-PCI,1,2,TriMesh,0.8531388888888889,-14.79,"(1,2)"
MDAP_MF-DF-ALS-PCI,1,2,VP9,0.8073958333333333,-7.0078,"(1,2)"
MDAP_MF-DF-ALS-PCI,1,2,WGet,0.811547619047619,-0.8062,"(1,2)"
MDAP_MF-DF-ALS-PCI,1,2,clasp,0.7760897435897436,-6.6934,"(1,2)"
MDAP_MF-DF-ALS-PCI,1,2,lrzip,0.8714814814814813,-2.7831,"(1,2)"
MDAP_MF-DF-ALS-PCI,1,2,x264,0.7370512820512819,-1.454,"(1,2)"
MDAP_MF-DF-ALS-PCI,1,2,z3,0.8216666666666667,-0.9031,"(1,2)"
MDAP_MF-DF-ALS-PCI,1,3,7z,0.9347705914870095,-8.1077,"(1,3)"
MDAP_MF-DF-ALS-PCI,1,3,AJStats,0.9046875,-0.9031,"(1,3)"
MDAP_MF-DF-ALS-PCI,1,3,BerkeleyDBC,0.8688541666666667,-1.7093,"(1,3)"
MDAP_MF-DF-ALS-PCI,1,3,Curl,0.8181818181818182,-0.727,"(1,3)"
MDAP_MF-DF-ALS-PCI,1,3,Dune,0.84,-5.9694,"(1,3)"
MDAP_MF-DF-ALS-PCI,1,3,HSMGP,0.8572222222222221,-6.0944,"(1,3)"
MDAP_MF-DF-ALS-PCI,1,3,HSQLDB,0.8322619047619048,-2.181,"(1,3)"
MDAP_MF-DF-ALS-PCI,1,3,Hipacc,0.9574829931972789,-11.8247,"(1,3)"
MDAP_MF-DF-ALS-PCI,1,3,HyTeG,0.5999999999999999,-0.6021,"(1,3)"
MDAP_MF-DF-ALS-PCI,1,3,JavaGC,0.84640625,-6.1524,"(1,3)"
MDAP_MF-DF-ALS-PCI,1,3,LLVM,0.9493333333333334,0.0,"(1,3)"
MDAP_MF-DF-ALS-PCI,1,3,PKJab,0.7604761904761904,-1.153,"(1,3)"
MDAP_MF-DF-ALS-PCI,1,3,Polly,0.8501785714285713,-6.962,"(1,3)"
MDAP_MF-DF-ALS-PCI,1,3,VP9,0.8514583333333333,-7.0078,"(1,3)"
MDAP_MF-DF-ALS-PCI,1,3,WGet,0.8491666666666666,-0.8062,"(1,3)"
MDAP_MF-DF-ALS-PCI,1,3,clasp,0.810576923076923,-6.6934,"(1,3)"
MDAP_MF-DF-ALS-PCI,1,3,lrzip,0.8888888888888887,-2.7831,"(1,3)"
MDAP_MF-DF-ALS-PCI,1,3,x264,0.7565384615384615,-1.454,"(1,3)"
MDAP_MF-DF-ALS-PCI,1,3,z3,0.8274358974358974,-0.9031,"(1,3)"
MDAP_MF-DF-ALS-PCI,2,1,7z,0.5893926660354676,-8.1077,"(2,1)"
MDAP_MF-DF-ALS-PCI,2,1,AJStats,0.35395833333333326,-0.9031,"(2,1)"
MDAP_MF-DF-ALS-PCI,2,1,BerkeleyDBC,0.46375718390804593,-1.7093,"(2,1)"
MDAP_MF-DF-ALS-PCI,2,1,Curl,0.3708294930875576,-0.727,"(2,1)"
MDAP_MF-DF-ALS-PCI,2,1,Dune,0.42841549295774645,-5.9694,"(2,1)"
MDAP_MF-DF-ALS-PCI,2,1,HSMGP,0.4282547993019197,-6.0944,"(2,1)"
MDAP_MF-DF-ALS-PCI,2,1,HSQLDB,0.39215854823304674,-2.181,"(2,1)"
MDAP_MF-DF-ALS-PCI,2,1,Hipacc,0.5417411610313416,-11.8247,"(2,1)"
MDAP_MF-DF-ALS-PCI,2,1,HyTeG,0.22166666666666668,-0.6021,"(2,1)"
MDAP_MF-DF-ALS-PCI,2,1,JavaGC,0.4528981001727115,-6.1524,"(2,1)"
MDAP_MF-DF-ALS-PCI,2,1,LLVM,0.374037037037037,0.0,"(2,1)"
MDAP_MF-DF-ALS-PCI,2,1,PKJab,0.27345833333333325,-1.153,"(2,1)"
MDAP_MF-DF-ALS-PCI,2,1,Polly,0.3926039536468984,-6.962,"(2,1)"
MDAP_MF-DF-ALS-PCI,2,1,SQLite,0.495092903514663,-4.8445,"(2,1)"
MDAP_MF-DF-ALS-PCI,2,1,TriMesh,0.5145242451967063,-14.79,"(2,1)"
MDAP_MF-DF-ALS-PCI,2,1,VP9,0.4235843218153687,-7.0078,"(2,1)"
MDAP_MF-DF-ALS-PCI,2,1,WGet,0.38476851851851845,-0.8062,"(2,1)"
MDAP_MF-DF-ALS-PCI,2,1,clasp,0.5186540767386091,-6.6934,"(2,1)"
MDAP_MF-DF-ALS-PCI,2,1,lrzip,0.5104796163069544,-2.7831,"(2,1)"
MDAP_MF-DF-ALS-PCI,2,1,x264,0.34129629629629626,-1.454,"(2,1)"
MDAP_MF-DF-ALS-PCI,2,1,z3,0.4337799564270153,-0.9031,"(2,1)"
MDAP_MF-DF-ALS-PCI,2,2,7z,0.81453270591684,-8.1077,"(2,2)"
MDAP_MF-DF-ALS-PCI,2,2,AJStats,0.6219722222222223,-0.9031,"(2,2)"
MDAP_MF-DF-ALS-PCI,2,2,BerkeleyDBC,0.6274568965517241,-1.7093,"(2,2)"
MDAP_MF-DF-ALS-PCI,2,2,Curl,0.5700768049155145,-0.727,"(2,2)"
MDAP_MF-DF-ALS-PCI,2,2,Dune,0.587394366197183,-5.9694,"(2,2)"
MDAP_MF-DF-ALS-PCI,2,2,HSMGP,0.5916978309648466,-6.0944,"(2,2)"
MDAP_MF-DF-ALS-PCI,2,2,HSQLDB,0.57189111747851,-2.181,"(2,2)"
MDAP_MF-DF-ALS-PCI,2,2,Hipacc,0.8580639184807781,-11.8247,"(2,2)"
MDAP_MF-DF-ALS-PCI,2,2,HyTeG,0.31816666666666665,-0.6021,"(2,2)"
MDAP_MF-DF-ALS-PCI,2,2,JavaGC,0.6021174438687391,-6.1524,"(2,2)"
MDAP_MF-DF-ALS-PCI,2,2,LLVM,0.7328148148148148,0.0,"(2,2)"
MDAP_MF-DF-ALS-PCI,2,2,PKJab,0.4607916666666666,-1.153,"(2,2)"
MDAP_MF-DF-ALS-PCI,2,2,Polly,0.5878777550556691,-6.962,"(2,2)"
MDAP_MF-DF-ALS-PCI,2,2,SQLite,0.6986209984329528,-4.8445,"(2,2)"
MDAP_MF-DF-ALS-PCI,2,2,TriMesh,0.7016478601199553,-14.79,"(2,2)"
MDAP_MF-DF-ALS-PCI,2,2,VP9,0.6163125322331098,-7.0078,"(2,2)"
MDAP_MF-DF-ALS-PCI,2,2,WGet,0.5853055555555554,-0.8062,"(2,2)"
MDAP_MF-DF-ALS-PCI,2,2,clasp,0.5943195443645083,-6.6934,"(2,2)"
MDAP_MF-DF-ALS-PCI,2,2,lrzip,0.7164208633093525,-2.7831,"(2,2)"
MDAP_MF-DF-ALS-PCI,2,2,x264,0.511437908496732,-1.454,"(2,2)"
MDAP_MF-DF-ALS-PCI,2,2,z3,0.6180392156862745,-0.9031,"(2,2)"
MDAP_MF-DF-ALS-PCI,2,3,7z,0.8617609268932126,-8.1077,"(2,3)"
MDAP_MF-DF-ALS-PCI,2,3,AJStats,0.7295972222222222,-0.9031,"(2,3)"
MDAP_MF-DF-ALS-PCI,2,3,BerkeleyDBC,0.7199137931034483,-1.7093,"(2,3)"
MDAP_MF-DF-ALS-PCI,2,3,Curl,0.6488786482334868,-0.727,"(2,3)"
MDAP_MF-DF-ALS-PCI,2,3,Dune,0.6955340375586855,-5.9694,"(2,3)"
MDAP_MF-DF-ALS-PCI,2,3,HSMGP,0.7099975068561456,-6.0944,"(2,3)"
MDAP_MF-DF-ALS-PCI,2,3,HSQLDB,0.6561604584527221,-2.181,"(2,3)"
MDAP_MF-DF-ALS-PCI,2,3,Hipacc,0.8979361587154545,-11.8247,"(2,3)"
MDAP_MF-DF-ALS-PCI,2,3,HyTeG,0.32466666666666666,-0.6021,"(2,3)"
MDAP_MF-DF-ALS-PCI,2,3,JavaGC,0.6768618307426597,-6.1524,"(2,3)"
MDAP_MF-DF-ALS-PCI,2,3,LLVM,0.8268148148148148,0.0,"(2,3)"
MDAP_MF-DF-ALS-PCI,2,3,PKJab,0.5310416666666665,-1.153,"(2,3)"
MDAP_MF-DF-ALS-PCI,2,3,Polly,0.6941331515564644,-6.962,"(2,3)"
MDAP_MF-DF-ALS-PCI,2,3,VP9,0.6996836857486677,-7.0078,"(2,3)"
MDAP_MF-DF-ALS-PCI,2,3,WGet,0.6952407407407406,-0.8062,"(2,3)"
MDAP_MF-DF-ALS-PCI,2,3,clasp,0.6458782973621102,-6.6934,"(2,3)"
MDAP_MF-DF-ALS-PCI,2,3,lrzip,0.7624220623501198,-2.7831,"(2,3)"
MDAP_MF-DF-ALS-PCI,2,3,x264,0.5539324618736383,-1.454,"(2,3)"
MDAP_MF-DF-ALS-PCI,2,3,z3,0.6812854030501089,-0.9031,"(2,3)"
MDAP_MF-DF-ALS-PCI,3,1,7z,0.4320979767678657,-8.1077,"(3,1)"
MDAP_MF-DF-ALS-PCI,3,1,AJStats,0.19063095238095237,-0.9031,"(3,1)"
MDAP_MF-DF-ALS-PCI,3,1,BerkeleyDBC,0.2816559934318555,-1.7093,"(3,1)"
MDAP_MF-DF-ALS-PCI,3,1,Curl,0.19471981057616417,-0.727,"(3,1)"
MDAP_MF-DF-ALS-PCI,3,1,Dune,0.27381557656276606,-5.9694,"(3,1)"
MDAP_MF-DF-ALS-PCI,3,1,HSMGP,0.27205273813638825,-6.0944,"(3,1)"
MDAP_MF-DF-ALS-PCI,3,1,HSQLDB,0.21234244791666665,-2.181,"(3,1)"
MDAP_MF-DF-ALS-PCI,3,1,Hipacc,0.4009444630091559,-11.8247,"(3,1)"
MDAP_MF-DF-ALS-PCI,3,1,HyTeG,0.0839166666666666,-0.6021,"(3,1)"
MDAP_MF-DF-ALS-PCI,3,1,JavaGC,0.2807995150587034,-6.1524,"(3,1)"
MDAP_MF-DF-ALS-PCI,3,1,LLVM,0.2020694444444444,0.0,"(3,1)"
MDAP_MF-DF-ALS-PCI,3,1,PKJab,0.12090277777777773,-1.153,"(3,1)"
MDAP_MF-DF-ALS-PCI,3,1,Polly,0.2315499700777977,-6.962,"(3,1)"
MDAP_MF-DF-ALS-PCI,3,1,SQLite,0.30381936960310807,-4.8445,"(3,1)"
MDAP_MF-DF-ALS-PCI,3,1,TriMesh,0.3542882165679692,-14.79,"(3,1)"
MDAP_MF-DF-ALS-PCI,3,1,VP9,0.25363516954108295,-7.0078,"(3,1)"
MDAP_MF-DF-ALS-PCI,3,1,WGet,0.20548379465341843,-0.8062,"(3,1)"
MDAP_MF-DF-ALS-PCI,3,1,clasp,0.3694365107281041,-6.6934,"(3,1)"
MDAP_MF-DF-ALS-PCI,3,1,lrzip,0.3571212731668009,-2.7831,"(3,1)"
MDAP_MF-DF-ALS-PCI,3,1,x264,0.1784507259808464,-1.454,"(3,1)"
MDAP_MF-DF-ALS-PCI,3,1,z3,0.24495070856438686,-0.9031,"(3,1)"
MDAP_MF-DF-ALS-PCI,3,2,7z,0.6944506784364435,-8.1077,"(3,2)"
MDAP_MF-DF-ALS-PCI,3,2,AJStats,0.4247559523809523,-0.9031,"(3,2)"
MDAP_MF-DF-ALS-PCI,3,2,BerkeleyDBC,0.4589778325123153,-1.7093,"(3,2)"
MDAP_MF-DF-ALS-PCI,3,2,Curl,0.3587240199947382,-0.727,"(3,2)"
MDAP_MF-DF-ALS-PCI,3,2,Dune,0.4334549054675524,-5.9694,"(3,2)"
MDAP_MF-DF-ALS-PCI,3,2,HSMGP,0.4357251493753394,-6.0944,"(3,2)"
MDAP_MF-DF-ALS-PCI,3,2,HSQLDB,0.3765572916666666,-2.181,"(3,2)"
MDAP_MF-DF-ALS-PCI,3,2,Hipacc,0.7554688205675398,-11.8247,"(3,2)"
MDAP_MF-DF-ALS-PCI,3,2,HyTeG,0.14341666666666658,-0.6021,"(3,2)"
MDAP_MF-DF-ALS-PCI,3,2,JavaGC,0.4320672901626194,-6.1524,"(3,2)"
MDAP_MF-DF-ALS-PCI,3,2,LLVM,0.5104374999999999,0.0,"(3,2)"
MDAP_MF-DF-ALS-PCI,3,2,PKJab,0.24665277777777775,-1.153,"(3,2)"
MDAP_MF-DF-ALS-PCI,3,2,Polly,0.4132695920838378,-6.962,"(3,2)"
MDAP_MF-DF-ALS-PCI,3,2,SQLite,0.544570843145864,-4.8445,"(3,2)"
MDAP_MF-DF-ALS-PCI,3,2,TriMesh,0.5613930087356683,-14.79,"(3,2)"
MDAP_MF-DF-ALS-PCI,3,2,VP9,0.4452916250573533,-7.0078,"(3,2)"
MDAP_MF-DF-ALS-PCI,3,2,WGet,0.37581499881712793,-0.8062,"(3,2)"
MDAP_MF-DF-ALS-PCI,3,2,clasp,0.4446427482706061,-6.6934,"(3,2)"
MDAP_MF-DF-ALS-PCI,3,2,lrzip,0.5757990867579909,-2.7831,"(3,2)"
MDAP_MF-DF-ALS-PCI,3,2,x264,0.32978529502625886,-1.454,"(3,2)"
MDAP_MF-DF-ALS-PCI,3,2,z3,0.4180637707948244,-0.9031,"(3,2)"
MDAP_MF-DF-ALS-PCI,3,3,7z,0.7850164189767647,-8.1077,"(3,3)"
MDAP_MF-DF-ALS-PCI,3,3,AJStats,0.5424791666666667,-0.9031,"(3,3)"
MDAP_MF-DF-ALS-PCI,3,3,BerkeleyDBC,0.570940065681445,-1.7093,"(3,3)"
MDAP_MF-DF-ALS-PCI,3,3,Curl,0.4759458037358589,-0.727,"(3,3)"
MDAP_MF-DF-ALS-PCI,3,3,Dune,0.5642652444217339,-5.9694,"(3,3)"
MDAP_MF-DF-ALS-PCI,3,3,HSMGP,0.5725230029792767,-6.0944,"(3,3)"
MDAP_MF-DF-ALS-PCI,3,3,HSQLDB,0.48420312499999996,-2.181,"(3,3)"
MDAP_MF-DF-ALS-PCI,3,3,Hipacc,0.8396713719115588,-11.8247,"(3,3)"
MDAP_MF-DF-ALS-PCI,3,3,HyTeG,0.1496666666666666,-0.6021,"(3,3)"
MDAP_MF-DF-ALS-PCI,3,3,JavaGC,0.5200576095675635,-6.1524,"(3,3)"
MDAP_MF-DF-ALS-PCI,3,3,LLVM,0.6501875,0.0,"(3,3)"
MDAP_MF-DF-ALS-PCI,3,3,PKJab,0.3239305555555555,-1.153,"(3,3)"
MDAP_MF-DF-ALS-PCI,3,3,Polly,0.5436475860437281,-6.962,"(3,3)"
MDAP_MF-DF-ALS-PCI,3,3,VP9,0.5550644606983167,-7.0078,"(3,3)"
MDAP_MF-DF-ALS-PCI,3,3,WGet,0.5270581973030517,-0.8062,"(3,3)"
MDAP_MF-DF-ALS-PCI,3,3,clasp,0.5028751319029193,-6.6934,"(3,3)"
MDAP_MF-DF-ALS-PCI,3,3,lrzip,0.6388470319634703,-2.7831,"(3,3)"
MDAP_MF-DF-ALS-PCI,3,3,x264,0.3851467408093914,-1.454,"(3,3)"
MDAP_MF-DF-ALS-PCI,3,3,z3,0.5281561922365988,-0.9031,"(3,3)"
MDA_MF-DF-ALS,1,1,7z,0.7873665858740485,-8.1077,"(1,1)"
MDA_MF-DF-ALS,1,1,AJStats,0.626875,-0.9031,"(1,1)"
MDA_MF-DF-ALS,1,1,BerkeleyDBC,0.7148958333333333,-1.7093,"(1,1)"
MDA_MF-DF-ALS,1,1,Curl,0.6545454545454544,-0.727,"(1,1)"
MDA_MF-DF-ALS,1,1,Dune,0.6641333333333334,-5.9694,"(1,1)"
MDA_MF-DF-ALS,1,1,HSMGP,0.6646296296296296,-6.0944,"(1,1)"
MDA_MF-DF-ALS,1,1,HSQLDB,0.6722619047619047,-2.181,"(1,1)"
MDA_MF-DF-ALS,1,1,Hipacc,0.7381632653061224,-11.8247,"(1,1)"
MDA_MF-DF-ALS,1,1,HyTeG,0.5006666666666666,-0.6021,"(1,1)"
MDA_MF-DF-ALS,1,1,JavaGC,0.69734375,-6.1524,"(1,1)"
MDA_MF-DF-ALS,1,1,LLVM,0.6558333333333334,0.0,"(1,1)"
MDA_MF-DF-ALS,1,1,PKJab,0.5652380952380953,-1.153,"(1,1)"
MDA_MF-DF-ALS,1,1,Polly,0.6432142857142857,-6.962,"(1,1)"
MDA_MF-DF-ALS,1,1,SQLite,0.7367857142857144,-4.8445,"(1,1)"
MDA_MF-DF-ALS,1,1,TriMesh,0.7246388888888888,-14.79,"(1,1)"
MDA_MF-DF-ALS,1,1,VP9,0.6746875,-7.0078,"(1,1)"
MDA_MF-DF-ALS,1,1,WGet,0.6679761904761905,-0.8062,"(1,1)"
MDA_MF-DF-ALS,1,1,clasp,0.7167948717948718,-6.6934,"(1,1)"
MDA_MF-DF-ALS,1,1,lrzip,0.729074074074074,-2.7831,"(1,1)"
MDA_MF-DF-ALS,1,1,x264,0.6148717948717949,-1.454,"(1,1)"
MDA_MF-DF-ALS,1,1,z3,0.7046153846153845,-0.9031,"(1,1)"
MDA_MF-DF-ALS,1,2,7z,0.9261172768635456,-8.1077,"(1,2)"
MDA_MF-DF-ALS,1,2,AJStats,0.8305208333333334,-0.9031,"(1,2)"
MDA_MF-DF-ALS,1,2,BerkeleyDBC,0.8103125,-1.7093,"(1,2)"
MDA_MF-DF-ALS,1,2,Curl,0.8095454545454546,-0.727,"(1,2)"
MDA_MF-DF-ALS,1,2,Dune,0.7774,-5.9694,"(1,2)"
MDA_MF-DF-ALS,1,2,HSMGP,0.7802469135802469,-6.0944,"(1,2)"
MDA_MF-DF-ALS,1,2,HSQLDB,0.7923809523809524,-2.181,"(1,2)"
MDA_MF-DF-ALS,1,2,Hipacc,0.9569387755102042,-11.8247,"(1,2)"
MDA_MF-DF-ALS,1,2,HyTeG,0.5993333333333332,-0.6021,"(1,2)"
MDA_MF-DF-ALS,1,2,JavaGC,0.80109375,-6.1524,"(1,2)"
MDA_MF-DF-ALS,1,2,LLVM,0.9241666666666667,0.0,"(1,2)"
MDA_MF-DF-ALS,1,2,PKJab,0.7388095238095238,-1.153,"(1,2)"
MDA_MF-DF-ALS,1,2,Polly,0.794345238095238,-6.962,"(1,2)"
MDA_MF-DF-ALS,1,2,SQLite,0.8485119047619047,-4.8445,"(1,2)"
MDA_MF-DF-ALS,1,2,TriMesh,0.8531388888888889,-14.79,"(1,2)"
MDA_MF-DF-ALS,1,2,VP9,0.8073958333333333,-7.0078,"(1,2)"
MDA_MF-DF-ALS,1,2,WGet,0.811547619047619,-0.8062,"(1,2)"
MDA_MF-DF-ALS,1,2,clasp,0.7760897435897436,-6.6934,"(1,2)"
MDA_MF-DF-ALS,1,2,lrzip,0.8714814814814813,-2.7831,"(1,2)"
MDA_MF-DF-ALS,1,2,x264,0.7370512820512819,-1.454,"(1,2)"
MDA_MF-DF-ALS,1,2,z3,0.8216666666666667,-0.9031,"(1,2)"
MDA_MF-DF-ALS,1,3,7z,0.9347705914870095,-8.1077,"(1,3)"
MDA_MF-DF-ALS,1,3,AJStats,0.9046875,-0.9031,"(1,3)"
MDA_MF-DF-ALS,1,3,BerkeleyDBC,0.8688541666666667,-1.7093,"(1,3)"
MDA_MF-DF-ALS,1,3,Curl,0.8181818181818182,-0.727,"(1,3)"
MDA_MF-DF-ALS,1,3,Dune,0.84,-5.9694,"(1,3)"
MDA_MF-DF-ALS,1,3,HSMGP,0.8572222222222221,-6.0944,"(1,3)"
MDA_MF-DF-ALS,1,3,HSQLDB,0.8322619047619048,-2.181,"(1,3)"
MDA_MF-DF-ALS,1,3,Hipacc,0.9574829931972789,-11.8247,"(1,3)"
MDA_MF-DF-ALS,1,3,HyTeG,0.5999999999999999,-0.6021,"(1,3)"
MDA_MF-DF-ALS,1,3,JavaGC,0.84640625,-6.1524,"(1,3)"
MDA_MF-DF-ALS,1,3,LLVM,0.9493333333333334,0.0,"(1,3)"
MDA_MF-DF-ALS,1,3,PKJab,0.7604761904761904,-1.153,"(1,3)"
MDA_MF-DF-ALS,1,3,Polly,0.8501785714285713,-6.962,"(1,3)"
MDA_MF-DF-ALS,1,3,VP9,0.8514583333333333,-7.0078,"(1,3)"
MDA_MF-DF-ALS,1,3,WGet,0.8491666666666666,-0.8062,"(1,3)"
MDA_MF-DF-ALS,1,3,clasp,0.810576923076923,-6.6934,"(1,3)"
MDA_MF-DF-ALS,1,3,lrzip,0.8888888888888887,-2.7831,"(1,3)"
MDA_MF-DF-ALS,1,3,x264,0.7565384615384615,-1.454,"(1,3)"
MDA_MF-DF-ALS,1,3,z3,0.8274358974358974,-0.9031,"(1,3)"
MDA_MF-DF-ALS,2,1,7z,0.5893926660354676,-8.1077,"(2,1)"
MDA_MF-DF-ALS,2,1,AJStats,0.35395833333333326,-0.9031,"(2,1)"
MDA_MF-DF-ALS,2,1,BerkeleyDBC,0.46375718390804593,-1.7093,"(2,1)"
MDA_MF-DF-ALS,2,1,Curl,0.3708294930875576,-0.727,"(2,1)"
MDA_MF-DF-ALS,2,1,Dune,0.42841549295774645,-5.9694,"(2,1)"
MDA_MF-DF-ALS,2,1,HSMGP,0.4282547993019197,-6.0944,"(2,1)"
MDA_MF-DF-ALS,2,1,HSQLDB,0.38932203389830505,-2.181,"(2,1)"
MDA_MF-DF-ALS,2,1,Hipacc,0.5413801480795927,-11.8247,"(2,1)"
MDA_MF-DF-ALS,2,1,HyTeG,0.22166666666666668,-0.6021,"(2,1)"
MDA_MF-DF-ALS,2,1,JavaGC,0.4528981001727115,-6.1524,"(2,1)"
MDA_MF-DF-ALS,2,1,LLVM,0.374037037037037,0.0,"(2,1)"
MDA_MF-DF-ALS,2,1,PKJab,0.2754878048780487,-1.153,"(2,1)"
MDA_MF-DF-ALS,2,1,Polly,0.3925459496255956,-6.962,"(2,1)"
MDA_MF-DF-ALS,2,1,SQLite,0.49452109845947756,-4.8445,"(2,1)"
MDA_MF-DF-ALS,2,1,TriMesh,0.5145242451967063,-14.79,"(2,1)"
MDA_MF-DF-ALS,2,1,VP9,0.4235843218153687,-7.0078,"(2,1)"
MDA_MF-DF-ALS,2,1,WGet,0.38476851851851845,-0.8062,"(2,1)"
MDA_MF-DF-ALS,2,1,clasp,0.515870602265951,-6.6934,"(2,1)"
MDA_MF-DF-ALS,2,1,lrzip,0.506761734997029,-2.7831,"(2,1)"
MDA_MF-DF-ALS,2,1,x264,0.34129629629629626,-1.454,"(2,1)"
MDA_MF-DF-ALS,2,1,z3,0.4337799564270153,-0.9031,"(2,1)"
MDA_MF-DF-ALS,2,2,7z,0.81453270591684,-8.1077,"(2,2)"
MDA_MF-DF-ALS,2,2,AJStats,0.6219722222222223,-0.9031,"(2,2)"
MDA_MF-DF-ALS,2,2,BerkeleyDBC,0.6274568965517241,-1.7093,"(2,2)"
MDA_MF-DF-ALS,2,2,Curl,0.5700768049155145,-0.727,"(2,2)"
MDA_MF-DF-ALS,2,2,Dune,0.587394366197183,-5.9694,"(2,2)"
MDA_MF-DF-ALS,2,2,HSMGP,0.5916978309648466,-6.0944,"(2,2)"
MDA_MF-DF-ALS,2,2,HSQLDB,0.5683050847457627,-2.181,"(2,2)"
MDA_MF-DF-ALS,2,2,Hipacc,0.8574240320839118,-11.8247,"(2,2)"
MDA_MF-DF-ALS,2,2,HyTeG,0.31816666666666665,-0.6021,"(2,2)"
MDA_MF-DF-ALS,2,2,JavaGC,0.6021174438687391,-6.1524,"(2,2)"
MDA_MF-DF-ALS,2,2,LLVM,0.7328148148148148,0.0,"(2,2)"
MDA_MF-DF-ALS,2,2,PKJab,0.4615040650406504,-1.153,"(2,2)"
MDA_MF-DF-ALS,2,2,Polly,0.5877104606308146,-6.962,"(2,2)"
MDA_MF-DF-ALS,2,2,SQLite,0.6978633623576691,-4.8445,"(2,2)"
MDA_MF-DF-ALS,2,2,TriMesh,0.7016478601199553,-14.79,"(2,2)"
MDA_MF-DF-ALS,2,2,VP9,0.6163125322331098,-7.0078,"(2,2)"
MDA_MF-DF-ALS,2,2,WGet,0.5853055555555554,-0.8062,"(2,2)"
MDA_MF-DF-ALS,2,2,clasp,0.5911299940369708,-6.6934,"(2,2)"
MDA_MF-DF-ALS,2,2,lrzip,0.7117171717171716,-2.7831,"(2,2)"
MDA_MF-DF-ALS,2,2,x264,0.511437908496732,-1.454,"(2,2)"
MDA_MF-DF-ALS,2,2,z3,0.6180392156862745,-0.9031,"(2,2)"
MDA_MF-DF-ALS,2,3,7z,0.8617609268932126,-8.1077,"(2,3)"
MDA_MF-DF-ALS,2,3,AJStats,0.7295972222222222,-0.9031,"(2,3)"
MDA_MF-DF-ALS,2,3,BerkeleyDBC,0.7199137931034483,-1.7093,"(2,3)"
MDA_MF-DF-ALS,2,3,Curl,0.6488786482334868,-0.727,"(2,3)"
MDA_MF-DF-ALS,2,3,Dune,0.6955340375586855,-5.9694,"(2,3)"
MDA_MF-DF-ALS,2,3,HSMGP,0.7099975068561456,-6.0944,"(2,3)"
MDA_MF-DF-ALS,2,3,HSQLDB,0.6520244821092279,-2.181,"(2,3)"
MDA_MF-DF-ALS,2,3,Hipacc,0.8972593706617306,-11.8247,"(2,3)"
MDA_MF-DF-ALS,2,3,HyTeG,0.32466666666666666,-0.6021,"(2,3)"
MDA_MF-DF-ALS,2,3,JavaGC,0.6768618307426597,-6.1524,"(2,3)"
MDA_MF-DF-ALS,2,3,LLVM,0.8268148148148148,0.0,"(2,3)"
MDA_MF-DF-ALS,2,3,PKJab,0.5302845528455283,-1.153,"(2,3)"
MDA_MF-DF-ALS,2,3,Polly,0.6938688450192875,-6.962,"(2,3)"
MDA_MF-DF-ALS,2,3,VP9,0.6996836857486677,-7.0078,"(2,3)"
MDA_MF-DF-ALS,2,3,WGet,0.6952407407407406,-0.8062,"(2,3)"
MDA_MF-DF-ALS,2,3,clasp,0.6424120453190221,-6.6934,"(2,3)"
MDA_MF-DF-ALS,2,3,lrzip,0.7574093879976233,-2.7831,"(2,3)"
MDA_MF-DF-ALS,2,3,x264,0.5539324618736383,-1.454,"(2,3)"
MDA_MF-DF-ALS,2,3,z3,0.6812854030501089,-0.9031,"(2,3)"
MDA_MF-DF-ALS,3,1,7z,0.4320979767678657,-8.1077,"(3,1)"
MDA_MF-DF-ALS,3,1,AJStats,0.19063095238095237,-0.9031,"(3,1)"
MDA_MF-DF-ALS,3,1,BerkeleyDBC,0.2816559934318555,-1.7093,"(3,1)"
MDA_MF-DF-ALS,3,1,Curl,0.19471981057616417,-0.727,"(3,1)"
MDA_MF-DF-ALS,3,1,Dune,0.27381557656276606,-5.9694,"(3,1)"
MDA_MF-DF-ALS,3,1,HSMGP,0.27205273813638825,-6.0944,"(3,1)"
MDA_MF-DF-ALS,3,1,HSQLDB,0.2073293472845042,-2.181,"(3,1)"
MDA_MF-DF-ALS,3,1,Hipacc,0.40001445502393806,-11.8247,"(3,1)"
MDA_MF-DF-ALS,3,1,HyTeG,0.0839166666666666,-0.6021,"(3,1)"
MDA_MF-DF-ALS,3,1,JavaGC,0.2807995150587034,-6.1524,"(3,1)"
MDA_MF-DF-ALS,3,1,LLVM,0.2020694444444444,0.0,"(3,1)"
MDA_MF-DF-ALS,3,1,PKJab,0.1240641025641025,-1.153,"(3,1)"
MDA_MF-DF-ALS,3,1,Polly,0.23138458127191336,-6.962,"(3,1)"
MDA_MF-DF-ALS,3,1,SQLite,0.3027921897896946,-4.8445,"(3,1)"
MDA_MF-DF-ALS,3,1,TriMesh,0.3542882165679692,-14.79,"(3,1)"
MDA_MF-DF-ALS,3,1,VP9,0.25363516954108295,-7.0078,"(3,1)"
MDA_MF-DF-ALS,3,1,WGet,0.20548379465341843,-0.8062,"(3,1)"
MDA_MF-DF-ALS,3,1,clasp,0.3657315969078626,-6.6934,"(3,1)"
MDA_MF-DF-ALS,3,1,lrzip,0.34871734587251824,-2.7831,"(3,1)"
MDA_MF-DF-ALS,3,1,x264,0.1784507259808464,-1.454,"(3,1)"
MDA_MF-DF-ALS,3,1,z3,0.24495070856438686,-0.9031,"(3,1)"
MDA_MF-DF-ALS,3,2,7z,0.6944506784364435,-8.1077,"(3,2)"
MDA_MF-DF-ALS,3,2,AJStats,0.4247559523809523,-0.9031,"(3,2)"
MDA_MF-DF-ALS,3,2,BerkeleyDBC,0.4589778325123153,-1.7093,"(3,2)"
MDA_MF-DF-ALS,3,2,Curl,0.3587240199947382,-0.727,"(3,2)"
MDA_MF-DF-ALS,3,2,Dune,0.4334549054675524,-5.9694,"(3,2)"
MDA_MF-DF-ALS,3,2,HSMGP,0.4357251493753394,-6.0944,"(3,2)"
MDA_MF-DF-ALS,3,2,HSQLDB,0.3685650224215246,-2.181,"(3,2)"
MDA_MF-DF-ALS,3,2,Hipacc,0.7535564020891049,-11.8247,"(3,2)"
MDA_MF-DF-ALS,3,2,HyTeG,0.14341666666666658,-0.6021,"(3,2)"
MDA_MF-DF-ALS,3,2,JavaGC,0.4320672901626194,-6.1524,"(3,2)"
MDA_MF-DF-ALS,3,2,LLVM,0.5104374999999999,0.0,"(3,2)"
MDA_MF-DF-ALS,3,2,PKJab,0.24842307692307689,-1.153,"(3,2)"
MDA_MF-DF-ALS,3,2,Polly,0.41288016740808486,-6.962,"(3,2)"
MDA_MF-DF-ALS,3,2,SQLite,0.5430831584089139,-4.8445,"(3,2)"
MDA_MF-DF-ALS,3,2,TriMesh,0.5613930087356683,-14.79,"(3,2)"
MDA_MF-DF-ALS,3,2,VP9,0.4452916250573533,-7.0078,"(3,2)"
MDA_MF-DF-ALS,3,2,WGet,0.37581499881712793,-0.8062,"(3,2)"
MDA_MF-DF-ALS,3,2,clasp,0.44018362467209876,-6.6934,"(3,2)"
MDA_MF-DF-ALS,3,2,lrzip,0.5634038662486938,-2.7831,"(3,2)"
MDA_MF-DF-ALS,3,2,x264,0.32978529502625886,-1.454,"(3,2)"
MDA_MF-DF-ALS,3,2,z3,0.4180637707948244,-0.9031,"(3,2)"
MDA_MF-DF-ALS,3,3,7z,0.7850164189767647,-8.1077,"(3,3)"
MDA_MF-DF-ALS,3,3,AJStats,0.5424791666666667,-0.9031,"(3,3)"
MDA_MF-DF-ALS,3,3,BerkeleyDBC,0.570940065681445,-1.7093,"(3,3)"
MDA_MF-DF-ALS,3,3,Curl,0.4759458037358589,-0.727,"(3,3)"
MDA_MF-DF-ALS,3,3,Dune,0.5642652444217339,-5.9694,"(3,3)"
MDA_MF-DF-ALS,3,3,HSMGP,0.5725230029792767,-6.0944,"(3,3)"
MDA_MF-DF-ALS,3,3,HSQLDB,0.47432112605879423,-2.181,"(3,3)"
MDA_MF-DF-ALS,3,3,Hipacc,0.8377627106392498,-11.8247,"(3,3)"
MDA_MF-DF-ALS,3,3,HyTeG,0.1496666666666666,-0.6021,"(3,3)"
MDA_MF-DF-ALS,3,3,JavaGC,0.5200576095675635,-6.1524,"(3,3)"
MDA_MF-DF-ALS,3,3,LLVM,0.6501875,0.0,"(3,3)"
MDA_MF-DF-ALS,3,3,PKJab,0.32194871794871793,-1.153,"(3,3)"
MDA_MF-DF-ALS,3,3,Polly,0.5430479912415638,-6.962,"(3,3)"
MDA_MF-DF-ALS,3,3,VP9,0.5550644606983167,-7.0078,"(3,3)"
MDA_MF-DF-ALS,3,3,WGet,0.5270581973030517,-0.8062,"(3,3)"
MDA_MF-DF-ALS,3,3,clasp,0.4978320217285326,-6.6934,"(3,3)"
MDA_MF-DF-ALS,3,3,lrzip,0.6253298066875652,-2.7831,"(3,3)"
MDA_MF-DF-ALS,3,3,x264,0.3851467408093914,-1.454,"(3,3)"
MDA_MF-DF-ALS,3,3,z3,0.5281561922365988,-0.9031,"(3,3)"
MDP_MF-DF-PCI,1,1,7z,0.7873665858740485,-8.1077,"(1,1)"
MDP_MF-DF-PCI,1,1,AJStats,0.626875,-0.9031,"(1,1)"
MDP_MF-DF-PCI,1,1,BerkeleyDBC,0.7148958333333333,-1.7093,"(1,1)"
MDP_MF-DF-PCI,1,1,Curl,0.6545454545454544,-0.727,"(1,1)"
MDP_MF-DF-PCI,1,1,Dune,0.6578205128205128,-5.9694,"(1,1)"
MDP_MF-DF-PCI,1,1,HSMGP,0.6646296296296296,-6.0944,"(1,1)"
MDP_MF-DF-PCI,1,1,HSQLDB,0.6607777777777777,-2.181,"(1,1)"
MDP_MF-DF-PCI,1,1,Hipacc,0.7350666666666666,-11.8247,"(1,1)"
MDP_MF-DF-PCI,1,1,HyTeG,0.5006666666666666,-0.6021,"(1,1)"
MDP_MF-DF-PCI,1,1,JavaGC,0.69734375,-6.1524,"(1,1)"
MDP_MF-DF-PCI,1,1,LLVM,0.6558333333333334,0.0,"(1,1)"
MDP_MF-DF-PCI,1,1,PKJab,0.5764583333333333,-1.153,"(1,1)"
MDP_MF-DF-PCI,1,1,Polly,0.6597849462365591,-6.962,"(1,1)"
MDP_MF-DF-PCI,1,1,SQLite,0.7312777777777778,-4.8445,"(1,1)"
MDP_MF-DF-PCI,1,1,TriMesh,0.7209562841530054,-14.79,"(1,1)"
MDP_MF-DF-PCI,1,1,VP9,0.6693939393939394,-7.0078,"(1,1)"
MDP_MF-DF-PCI,1,1,WGet,0.6679761904761905,-0.8062,"(1,1)"
MDP_MF-DF-PCI,1,1,clasp,0.76015625,-6.6934,"(1,1)"
MDP_MF-DF-PCI,1,1,lrzip,0.729074074074074,-2.7831,"(1,1)"
MDP_MF-DF-PCI,1,1,x264,0.6148717948717949,-1.454,"(1,1)"
MDP_MF-DF-PCI,1,1,z3,0.7046153846153845,-0.9031,"(1,1)"
MDP_MF-DF-PCI,1,2,7z,0.9261172768635456,-8.1077,"(1,2)"
MDP_MF-DF-PCI,1,2,AJStats,0.8305208333333334,-0.9031,"(1,2)"
MDP_MF-DF-PCI,1,2,BerkeleyDBC,0.8103125,-1.7093,"(1,2)"
MDP_MF-DF-PCI,1,2,Curl,0.8095454545454546,-0.727,"(1,2)"
MDP_MF-DF-PCI,1,2,Dune,0.7667307692307692,-5.9694,"(1,2)"
MDP_MF-DF-PCI,1,2,HSMGP,0.7802469135802469,-6.0944,"(1,2)"
MDP_MF-DF-PCI,1,2,HSQLDB,0.7728888888888888,-2.181,"(1,2)"
MDP_MF-DF-PCI,1,2,Hipacc,0.9494666666666666,-11.8247,"(1,2)"
MDP_MF-DF-PCI,1,2,HyTeG,0.5993333333333332,-0.6021,"(1,2)"
MDP_MF-DF-PCI,1,2,JavaGC,0.80109375,-6.1524,"(1,2)"
MDP_MF-DF-PCI,1,2,LLVM,0.9241666666666667,0.0,"(1,2)"
MDP_MF-DF-PCI,1,2,PKJab,0.7645833333333333,-1.153,"(1,2)"
MDP_MF-DF-PCI,1,2,Polly,0.7981182795698923,-6.962,"(1,2)"
MDP_MF-DF-PCI,1,2,SQLite,0.8363888888888888,-4.8445,"(1,2)"
MDP_MF-DF-PCI,1,2,TriMesh,0.8473497267759562,-14.79,"(1,2)"
MDP_MF-DF-PCI,1,2,VP9,0.7980808080808081,-7.0078,"(1,2)"
MDP_MF-DF-PCI,1,2,WGet,0.811547619047619,-0.8062,"(1,2)"
MDP_MF-DF-PCI,1,2,clasp,0.8166145833333334,-6.6934,"(1,2)"
MDP_MF-DF-PCI,1,2,lrzip,0.8714814814814813,-2.7831,"(1,2)"
MDP_MF-DF-PCI,1,2,x264,0.7370512820512819,-1.454,"(1,2)"
MDP_MF-DF-PCI,1,2,z3,0.8216666666666667,-0.9031,"(1,2)"
MDP_MF-DF-PCI,1,3,7z,0.9347705914870095,-8.1077,"(1,3)"
MDP_MF-DF-PCI,1,3,AJStats,0.9046875,-0.9031,"(1,3)"
MDP_MF-DF-PCI,1,3,BerkeleyDBC,0.8688541666666667,-1.7093,"(1,3)"
MDP_MF-DF-PCI,1,3,Curl,0.8181818181818182,-0.727,"(1,3)"
MDP_MF-DF-PCI,1,3,Dune,0.826923076923077,-5.9694,"(1,3)"
MDP_MF-DF-PCI,1,3,HSMGP,0.8572222222222221,-6.0944,"(1,3)"
MDP_MF-DF-PCI,1,3,HSQLDB,0.810111111111111,-2.181,"(1,3)"
MDP_MF-DF-PCI,1,3,Hipacc,0.95,-11.8247,"(1,3)"
MDP_MF-DF-PCI,1,3,HyTeG,0.5999999999999999,-0.6021,"(1,3)"
MDP_MF-DF-PCI,1,3,JavaGC,0.84640625,-6.1524,"(1,3)"
MDP_MF-DF-PCI,1,3,LLVM,0.9493333333333334,0.0,"(1,3)"
MDP_MF-DF-PCI,1,3,PKJab,0.7885416666666667,-1.153,"(1,3)"
MDP_MF-DF-PCI,1,3,Polly,0.848548387096774,-6.962,"(1,3)"
MDP_MF-DF-PCI,1,3,VP9,0.8408080808080808,-7.0078,"(1,3)"
MDP_MF-DF-PCI,1,3,WGet,0.8491666666666666,-0.8062,"(1,3)"
MDP_MF-DF-PCI,1,3,clasp,0.8459895833333333,-6.6934,"(1,3)"
MDP_MF-DF-PCI,1,3,lrzip,0.8888888888888887,-2.7831,"(1,3)"
MDP_MF-DF-PCI,1,3,x264,0.7565384615384615,-1.454,"(1,3)"
MDP_MF-DF-PCI,1,3,z3,0.8274358974358974,-0.9031,"(1,3)"
MDP_MF-DF-PCI,2,1,7z,0.5893926660354676,-8.1077,"(2,1)"
MDP_MF-DF-PCI,2,1,AJStats,0.35395833333333326,-0.9031,"(2,1)"
MDP_MF-DF-PCI,2,1,BerkeleyDBC,0.46375718390804593,-1.7093,"(2,1)"
MDP_MF-DF-PCI,2,1,Curl,0.3708294930875576,-0.727,"(2,1)"
MDP_MF-DF-PCI,2,1,Dune,0.42049432739059966,-5.9694,"(2,1)"
MDP_MF-DF-PCI,2,1,HSMGP,0.4282547993019197,-6.0944,"(2,1)"
MDP_MF-DF-PCI,2,1,HSQLDB,0.3843890274314214,-2.181,"(2,1)"
MDP_MF-DF-PCI,2,1,Hipacc,0.5370388851925778,-11.8247,"(2,1)"
MDP_MF-DF-PCI,2,1,HyTeG,0.22166666666666668,-0.6021,"(2,1)"
MDP_MF-DF-PCI,2,1,JavaGC,0.4528981001727115,-6.1524,"(2,1)"
MDP_MF-DF-PCI,2,1,LLVM,0.374037037037037,0.0,"(2,1)"
MDP_MF-DF-PCI,2,1,PKJab,0.28230769230769226,-1.153,"(2,1)"
MDP_MF-DF-PCI,2,1,Polly,0.4085848535102266,-6.962,"(2,1)"
MDP_MF-DF-PCI,2,1,SQLite,0.4900038918077447,-4.8445,"(2,1)"
MDP_MF-DF-PCI,2,1,TriMesh,0.5091539140670982,-14.79,"(2,1)"
MDP_MF-DF-PCI,2,1,VP9,0.4182566585956416,-7.0078,"(2,1)"
MDP_MF-DF-PCI,2,1,WGet,0.38476851851851845,-0.8062,"(2,1)"
MDP_MF-DF-PCI,2,1,clasp,0.5551793248945147,-6.6934,"(2,1)"
MDP_MF-DF-PCI,2,1,lrzip,0.5104796163069544,-2.7831,"(2,1)"
MDP_MF-DF-PCI,2,1,x264,0.34129629629629626,-1.454,"(2,1)"
MDP_MF-DF-PCI,2,1,z3,0.4337799564270153,-0.9031,"(2,1)"
MDP_MF-DF-PCI,2,2,7z,0.81453270591684,-8.1077,"(2,2)"
MDP_MF-DF-PCI,2,2,AJStats,0.6219722222222223,-0.9031,"(2,2)"
MDP_MF-DF-PCI,2,2,BerkeleyDBC,0.6274568965517241,-1.7093,"(2,2)"
MDP_MF-DF-PCI,2,2,Curl,0.5700768049155145,-0.727,"(2,2)"
MDP_MF-DF-PCI,2,2,Dune,0.5714343598055105,-5.9694,"(2,2)"
MDP_MF-DF-PCI,2,2,HSMGP,0.5916978309648466,-6.0944,"(2,2)"
MDP_MF-DF-PCI,2,2,HSQLDB,0.5472984206151288,-2.181,"(2,2)"
MDP_MF-DF-PCI,2,2,Hipacc,0.8455880830930731,-11.8247,"(2,2)"
MDP_MF-DF-PCI,2,2,HyTeG,0.31816666666666665,-0.6021,"(2,2)"
MDP_MF-DF-PCI,2,2,JavaGC,0.6021174438687391,-6.1524,"(2,2)"
MDP_MF-DF-PCI,2,2,LLVM,0.7328148148148148,0.0,"(2,2)"
MDP_MF-DF-PCI,2,2,PKJab,0.4864743589743589,-1.153,"(2,2)"
MDP_MF-DF-PCI,2,2,Polly,0.5969670167680118,-6.962,"(2,2)"
MDP_MF-DF-PCI,2,2,SQLite,0.6837439190503989,-4.8445,"(2,2)"
MDP_MF-DF-PCI,2,2,TriMesh,0.6919928389248577,-14.79,"(2,2)"
MDP_MF-DF-PCI,2,2,VP9,0.6032542372881355,-7.0078,"(2,2)"
MDP_MF-DF-PCI,2,2,WGet,0.5853055555555554,-0.8062,"(2,2)"
MDP_MF-DF-PCI,2,2,clasp,0.6330084388185654,-6.6934,"(2,2)"
MDP_MF-DF-PCI,2,2,lrzip,0.7164208633093525,-2.7831,"(2,2)"
MDP_MF-DF-PCI,2,2,x264,0.511437908496732,-1.454,"(2,2)"
MDP_MF-DF-PCI,2,2,z3,0.6180392156862745,-0.9031,"(2,2)"
MDP_MF-DF-PCI,2,3,7z,0.8617609268932126,-8.1077,"(2,3)"
MDP_MF-DF-PCI,2,3,AJStats,0.7295972222222222,-0.9031,"(2,3)"
MDP_MF-DF-PCI,2,3,BerkeleyDBC,0.7199137931034483,-1.7093,"(2,3)"
MDP_MF-DF-PCI,2,3,Curl,0.6488786482334868,-0.727,"(2,3)"
MDP_MF-DF-PCI,2,3,Dune,0.6735224203133441,-5.9694,"(2,3)"
MDP_MF-DF-PCI,2,3,HSMGP,0.7099975068561456,-6.0944,"(2,3)"
MDP_MF-DF-PCI,2,3,HSQLDB,0.6226849542809642,-2.181,"(2,3)"
MDP_MF-DF-PCI,2,3,Hipacc,0.8837779995564427,-11.8247,"(2,3)"
MDP_MF-DF-PCI,2,3,HyTeG,0.32466666666666666,-0.6021,"(2,3)"
MDP_MF-DF-PCI,2,3,JavaGC,0.6768618307426597,-6.1524,"(2,3)"
MDP_MF-DF-PCI,2,3,LLVM,0.8268148148148148,0.0,"(2,3)"
MDP_MF-DF-PCI,2,3,PKJab,0.5625961538461538,-1.153,"(2,3)"
MDP_MF-DF-PCI,2,3,Polly,0.6951520176893311,-6.962,"(2,3)"
MDP_MF-DF-PCI,2,3,VP9,0.6828958837772396,-7.0078,"(2,3)"
MDP_MF-DF-PCI,2,3,WGet,0.6952407407407406,-0.8062,"(2,3)"
MDP_MF-DF-PCI,2,3,clasp,0.6830358649789029,-6.6934,"(2,3)"
MDP_MF-DF-PCI,2,3,lrzip,0.7624220623501198,-2.7831,"(2,3)"
MDP_MF-DF-PCI,2,3,x264,0.5539324618736383,-1.454,"(2,3)"
MDP_MF-DF-PCI,2,3,z3,0.6812854030501089,-0.9031,"(2,3)"
MDP_MF-DF-PCI,3,1,7z,0.4320979767678657,-8.1077,"(3,1)"
MDP_MF-DF-PCI,3,1,AJStats,0.19063095238095237,-0.9031,"(3,1)"
MDP_MF-DF-PCI,3,1,BerkeleyDBC,0.2816559934318555,-1.7093,"(3,1)"
MDP_MF-DF-PCI,3,1,Curl,0.19471981057616417,-0.727,"(3,1)"
MDP_MF-DF-PCI,3,1,Dune,0.26608494093016294,-5.9694,"(3,1)"
MDP_MF-DF-PCI,3,1,HSMGP,0.27205273813638825,-6.0944,"(3,1)"
MDP_MF-DF-PCI,3,1,HSQLDB,0.20903813737884527,-2.181,"(3,1)"
MDP_MF-DF-PCI,3,1,Hipacc,0.39505340822898694,-11.8247,"(3,1)"
MDP_MF-DF-PCI,3,1,HyTeG,0.0839166666666666,-0.6021,"(3,1)"
MDP_MF-DF-PCI,3,1,JavaGC,0.2807995150587034,-6.1524,"(3,1)"
MDP_MF-DF-PCI,3,1,LLVM,0.2020694444444444,0.0,"(3,1)"
MDP_MF-DF-PCI,3,1,PKJab,0.12764705882352936,-1.153,"(3,1)"
MDP_MF-DF-PCI,3,1,Polly,0.24235836985542286,-6.962,"(3,1)"
MDP_MF-DF-PCI,3,1,SQLite,0.30054661549872613,-4.8445,"(3,1)"
MDP_MF-DF-PCI,3,1,TriMesh,0.348924165786092,-14.79,"(3,1)"
MDP_MF-DF-PCI,3,1,VP9,0.24969725932279535,-7.0078,"(3,1)"
MDP_MF-DF-PCI,3,1,WGet,0.20548379465341843,-0.8062,"(3,1)"
MDP_MF-DF-PCI,3,1,clasp,0.39534476207178765,-6.6934,"(3,1)"
MDP_MF-DF-PCI,3,1,lrzip,0.3571212731668009,-2.7831,"(3,1)"
MDP_MF-DF-PCI,3,1,x264,0.1784507259808464,-1.454,"(3,1)"
MDP_MF-DF-PCI,3,1,z3,0.24495070856438686,-0.9031,"(3,1)"
MDP_MF-DF-PCI,3,2,7z,0.6944506784364435,-8.1077,"(3,2)"
MDP_MF-DF-PCI,3,2,AJStats,0.4247559523809523,-0.9031,"(3,2)"
MDP_MF-DF-PCI,3,2,BerkeleyDBC,0.4589778325123153,-1.7093,"(3,2)"
MDP_MF-DF-PCI,3,2,Curl,0.3587240199947382,-0.727,"(3,2)"
MDP_MF-DF-PCI,3,2,Dune,0.41593745326753395,-5.9694,"(3,2)"
MDP_MF-DF-PCI,3,2,HSMGP,0.4357251493753394,-6.0944,"(3,2)"
MDP_MF-DF-PCI,3,2,HSQLDB,0.35645596291613985,-2.181,"(3,2)"
MDP_MF-DF-PCI,3,2,Hipacc,0.7379565279599677,-11.8247,"(3,2)"
MDP_MF-DF-PCI,3,2,HyTeG,0.14341666666666658,-0.6021,"(3,2)"
MDP_MF-DF-PCI,3,2,JavaGC,0.4320672901626194,-6.1524,"(3,2)"
MDP_MF-DF-PCI,3,2,LLVM,0.5104374999999999,0.0,"(3,2)"
MDP_MF-DF-PCI,3,2,PKJab,0.26710550887021467,-1.153,"(3,2)"
MDP_MF-DF-PCI,3,2,Polly,0.4237422799858949,-6.962,"(3,2)"
MDP_MF-DF-PCI,3,2,SQLite,0.5327239403614005,-4.8445,"(3,2)"
MDP_MF-DF-PCI,3,2,TriMesh,0.5502530136345093,-14.79,"(3,2)"
MDP_MF-DF-PCI,3,2,VP9,0.43247126577625283,-7.0078,"(3,2)"
MDP_MF-DF-PCI,3,2,WGet,0.37581499881712793,-0.8062,"(3,2)"
MDP_MF-DF-PCI,3,2,clasp,0.47704168128142166,-6.6934,"(3,2)"
MDP_MF-DF-PCI,3,2,lrzip,0.5757990867579909,-2.7831,"(3,2)"
MDP_MF-DF-PCI,3,2,x264,0.32978529502625886,-1.454,"(3,2)"
MDP_MF-DF-PCI,3,2,z3,0.4180637707948244,-0.9031,"(3,2)"
MDP_MF-DF-PCI,3,3,7z,0.7850164189767647,-8.1077,"(3,3)"
MDP_MF-DF-PCI,3,3,AJStats,0.5424791666666667,-0.9031,"(3,3)"
MDP_MF-DF-PCI,3,3,BerkeleyDBC,0.570940065681445,-1.7093,"(3,3)"
MDP_MF-DF-PCI,3,3,Curl,0.4759458037358589,-0.727,"(3,3)"
MDP_MF-DF-PCI,3,3,Dune,0.5374786899955136,-5.9694,"(3,3)"
MDP_MF-DF-PCI,3,3,HSMGP,0.5725230029792767,-6.0944,"(3,3)"
MDP_MF-DF-PCI,3,3,HSQLDB,0.44941002949852504,-2.181,"(3,3)"
MDP_MF-DF-PCI,3,3,Hipacc,0.820959181025572,-11.8247,"(3,3)"
MDP_MF-DF-PCI,3,3,HyTeG,0.1496666666666666,-0.6021,"(3,3)"
MDP_MF-DF-PCI,3,3,JavaGC,0.5200576095675635,-6.1524,"(3,3)"
MDP_MF-DF-PCI,3,3,LLVM,0.6501875,0.0,"(3,3)"
MDP_MF-DF-PCI,3,3,PKJab,0.35464052287581693,-1.153,"(3,3)"
MDP_MF-DF-PCI,3,3,Polly,0.5479201047806155,-6.962,"(3,3)"
MDP_MF-DF-PCI,3,3,VP9,0.5359892170077196,-7.0078,"(3,3)"
MDP_MF-DF-PCI,3,3,WGet,0.5270581973030517,-0.8062,"(3,3)"
MDP_MF-DF-PCI,3,3,clasp,0.5381766631591254,-6.6934,"(3,3)"
MDP_MF-DF-PCI,3,3,lrzip,0.6388470319634703,-2.7831,"(3,3)"
MDP_MF-DF-PCI,3,3,x264,0.3851467408093914,-1.454,"(3,3)"
MDP_MF-DF-PCI,3,3,z3,0.5281561922365988,-0.9031,"(3,3)"
MD_MF-DF,1,1,7z,0.7873665858740485,-8.1077,"(1,1)"
MD_MF-DF,1,1,AJStats,0.626875,-0.9031,"(1,1)"
MD_MF-DF,1,1,BerkeleyDBC,0.7148958333333333,-1.7093,"(1,1)"
MD_MF-DF,1,1,Curl,0.6545454545454544,-0.727,"(1,1)"
MD_MF-DF,1,1,Dune,0.6578205128205128,-5.9694,"(1,1)"
MD_MF-DF,1,1,HSMGP,0.6646296296296296,-6.0944,"(1,1)"
MD_MF-DF,1,1,HSQLDB,0.6607777777777777,-2.181,"(1,1)"
MD_MF-DF,1,1,Hipacc,0.7350666666666666,-11.8247,"(1,1)"
MD_MF-DF,1,1,HyTeG,0.5006666666666666,-0.6021,"(1,1)"
MD_MF-DF,1,1,JavaGC,0.69734375,-6.1524,"(1,1)"
MD_MF-DF,1,1,LLVM,0.6558333333333334,0.0,"(1,1)"
MD_MF-DF,1,1,PKJab,0.5764583333333333,-1.153,"(1,1)"
MD_MF-DF,1,1,Polly,0.6597849462365591,-6.962,"(1,1)"
MD_MF-DF,1,1,SQLite,0.7312777777777778,-4.8445,"(1,1)"
MD_MF-DF,1,1,TriMesh,0.7209562841530054,-14.79,"(1,1)"
MD_MF-DF,1,1,VP9,0.6693939393939394,-7.0078,"(1,1)"
MD_MF-DF,1,1,WGet,0.6679761904761905,-0.8062,"(1,1)"
MD_MF-DF,1,1,clasp,0.76015625,-6.6934,"(1,1)"
MD_MF-DF,1,1,lrzip,0.729074074074074,-2.7831,"(1,1)"
MD_MF-DF,1,1,x264,0.6148717948717949,-1.454,"(1,1)"
MD_MF-DF,1,1,z3,0.7046153846153845,-0.9031,"(1,1)"
MD_MF-DF,1,2,7z,0.9261172768635456,-8.1077,"(1,2)"
MD_MF-DF,1,2,AJStats,0.8305208333333334,-0.9031,"(1,2)"
MD_MF-DF,1,2,BerkeleyDBC,0.8103125,-1.7093,"(1,2)"
MD_MF-DF,1,2,Curl,0.8095454545454546,-0.727,"(1,2)"
MD_MF-DF,1,2,Dune,0.7667307692307692,-5.9694,"(1,2)"
MD_MF-DF,1,2,HSMGP,0.7802469135802469,-6.0944,"(1,2)"
MD_MF-DF,1,2,HSQLDB,0.7728888888888888,-2.181,"(1,2)"
MD_MF-DF,1,2,Hipacc,0.9494666666666666,-11.8247,"(1,2)"
MD_MF-DF,1,2,HyTeG,0.5993333333333332,-0.6021,"(1,2)"
MD_MF-DF,1,2,JavaGC,0.80109375,-6.1524,"(1,2)"
MD_MF-DF,1,2,LLVM,0.9241666666666667,0.0,"(1,2)"
MD_MF-DF,1,2,PKJab,0.7645833333333333,-1.153,"(1,2)"
MD_MF-DF,1,2,Polly,0.7981182795698923,-6.962,"(1,2)"
MD_MF-DF,1,2,SQLite,0.8363888888888888,-4.8445,"(1,2)"
MD_MF-DF,1,2,TriMesh,0.8473497267759562,-14.79,"(1,2)"
MD_MF-DF,1,2,VP9,0.7980808080808081,-7.0078,"(1,2)"
MD_MF-DF,1,2,WGet,0.811547619047619,-0.8062,"(1,2)"
MD_MF-DF,1,2,clasp,0.8166145833333334,-6.6934,"(1,2)"
MD_MF-DF,1,2,lrzip,0.8714814814814813,-2.7831,"(1,2)"
MD_MF-DF,1,2,x264,0.7370512820512819,-1.454,"(1,2)"
MD_MF-DF,1,2,z3,0.8216666666666667,-0.9031,"(1,2)"
MD_MF-DF,1,3,7z,0.9347705914870095,-8.1077,"(1,3)"
MD_MF-DF,1,3,AJStats,0.9046875,-0.9031,"(1,3)"
MD_MF-DF,1,3,BerkeleyDBC,0.8688541666666667,-1.7093,"(1,3)"
MD_MF-DF,1,3,Curl,0.8181818181818182,-0.727,"(1,3)"
MD_MF-DF,1,3,Dune,0.826923076923077,-5.9694,"(1,3)"
MD_MF-DF,1,3,HSMGP,0.8572222222222221,-6.0944,"(1,3)"
MD_MF-DF,1,3,HSQLDB,0.810111111111111,-2.181,"(1,3)"
MD_MF-DF,1,3,Hipacc,0.95,-11.8247,"(1,3)"
MD_MF-DF,1,3,HyTeG,0.5999999999999999,-0.6021,"(1,3)"
MD_MF-DF,1,3,JavaGC,0.84640625,-6.1524,"(1,3)"
MD_MF-DF,1,3,LLVM,0.9493333333333334,0.0,"(1,3)"
MD_MF-DF,1,3,PKJab,0.7885416666666667,-1.153,"(1,3)"
MD_MF-DF,1,3,Polly,0.848548387096774,-6.962,"(1,3)"
MD_MF-DF,1,3,VP9,0.8408080808080808,-7.0078,"(1,3)"
MD_MF-DF,1,3,WGet,0.8491666666666666,-0.8062,"(1,3)"
MD_MF-DF,1,3,clasp,0.8459895833333333,-6.6934,"(1,3)"
MD_MF-DF,1,3,lrzip,0.8888888888888887,-2.7831,"(1,3)"
MD_MF-DF,1,3,x264,0.7565384615384615,-1.454,"(1,3)"
MD_MF-DF,1,3,z3,0.8274358974358974,-0.9031,"(1,3)"
MD_MF-DF,2,1,7z,0.5893926660354676,-8.1077,"(2,1)"
MD_MF-DF,2,1,AJStats,0.35395833333333326,-0.9031,"(2,1)"
MD_MF-DF,2,1,BerkeleyDBC,0.46375718390804593,-1.7093,"(2,1)"
MD_MF-DF,2,1,Curl,0.3708294930875576,-0.727,"(2,1)"
MD_MF-DF,2,1,Dune,0.42049432739059966,-5.9694,"(2,1)"
MD_MF-DF,2,1,HSMGP,0.4282547993019197,-6.0944,"(2,1)"
MD_MF-DF,2,1,HSQLDB,0.3820114942528735,-2.181,"(2,1)"
MD_MF-DF,2,1,Hipacc,0.5366973188566363,-11.8247,"(2,1)"
MD_MF-DF,2,1,HyTeG,0.22166666666666668,-0.6021,"(2,1)"
MD_MF-DF,2,1,JavaGC,0.4528981001727115,-6.1524,"(2,1)"
MD_MF-DF,2,1,LLVM,0.374037037037037,0.0,"(2,1)"
MD_MF-DF,2,1,PKJab,0.28691588785046723,-1.153,"(2,1)"
MD_MF-DF,2,1,Polly,0.4085201546107123,-6.962,"(2,1)"
MD_MF-DF,2,1,SQLite,0.48951854008930296,-4.8445,"(2,1)"
MD_MF-DF,2,1,TriMesh,0.5091539140670982,-14.79,"(2,1)"
MD_MF-DF,2,1,VP9,0.4182566585956416,-7.0078,"(2,1)"
MD_MF-DF,2,1,WGet,0.38476851851851845,-0.8062,"(2,1)"
MD_MF-DF,2,1,clasp,0.5496873706004141,-6.6934,"(2,1)"
MD_MF-DF,2,1,lrzip,0.506761734997029,-2.7831,"(2,1)"
MD_MF-DF,2,1,x264,0.34129629629629626,-1.454,"(2,1)"
MD_MF-DF,2,1,z3,0.4337799564270153,-0.9031,"(2,1)"
MD_MF-DF,2,2,7z,0.81453270591684,-8.1077,"(2,2)"
MD_MF-DF,2,2,AJStats,0.6219722222222223,-0.9031,"(2,2)"
MD_MF-DF,2,2,BerkeleyDBC,0.6274568965517241,-1.7093,"(2,2)"
MD_MF-DF,2,2,Curl,0.5700768049155145,-0.727,"(2,2)"
MD_MF-DF,2,2,Dune,0.5714343598055105,-5.9694,"(2,2)"
MD_MF-DF,2,2,HSMGP,0.5916978309648466,-6.0944,"(2,2)"
MD_MF-DF,2,2,HSQLDB,0.5444745484400657,-2.181,"(2,2)"
MD_MF-DF,2,2,Hipacc,0.8449863357707363,-11.8247,"(2,2)"
MD_MF-DF,2,2,HyTeG,0.31816666666666665,-0.6021,"(2,2)"
MD_MF-DF,2,2,JavaGC,0.6021174438687391,-6.1524,"(2,2)"
MD_MF-DF,2,2,LLVM,0.7328148148148148,0.0,"(2,2)"
MD_MF-DF,2,2,PKJab,0.49031152647975074,-1.153,"(2,2)"
MD_MF-DF,2,2,Polly,0.5968212773789803,-6.962,"(2,2)"
MD_MF-DF,2,2,SQLite,0.683119782566492,-4.8445,"(2,2)"
MD_MF-DF,2,2,TriMesh,0.6919928389248577,-14.79,"(2,2)"
MD_MF-DF,2,2,VP9,0.6032542372881355,-7.0078,"(2,2)"
MD_MF-DF,2,2,WGet,0.5853055555555554,-0.8062,"(2,2)"
MD_MF-DF,2,2,clasp,0.6268530020703933,-6.6934,"(2,2)"
MD_MF-DF,2,2,lrzip,0.7117171717171716,-2.7831,"(2,2)"
MD_MF-DF,2,2,x264,0.511437908496732,-1.454,"(2,2)"
MD_MF-DF,2,2,z3,0.6180392156862745,-0.9031,"(2,2)"
MD_MF-DF,2,3,7z,0.8617609268932126,-8.1077,"(2,3)"
MD_MF-DF,2,3,AJStats,0.7295972222222222,-0.9031,"(2,3)"
MD_MF-DF,2,3,BerkeleyDBC,0.7199137931034483,-1.7093,"(2,3)"
MD_MF-DF,2,3,Curl,0.6488786482334868,-0.727,"(2,3)"
MD_MF-DF,2,3,Dune,0.6735224203133441,-5.9694,"(2,3)"
MD_MF-DF,2,3,HSMGP,0.7099975068561456,-6.0944,"(2,3)"
MD_MF-DF,2,3,HSQLDB,0.6194909688013136,-2.181,"(2,3)"
MD_MF-DF,2,3,Hipacc,0.8831424034271363,-11.8247,"(2,3)"
MD_MF-DF,2,3,HyTeG,0.32466666666666666,-0.6021,"(2,3)"
MD_MF-DF,2,3,JavaGC,0.6768618307426597,-6.1524,"(2,3)"
MD_MF-DF,2,3,LLVM,0.8268148148148148,0.0,"(2,3)"
MD_MF-DF,2,3,PKJab,0.565233644859813,-1.153,"(2,3)"
MD_MF-DF,2,3,Polly,0.6949364991717283,-6.962,"(2,3)"
MD_MF-DF,2,3,VP9,0.6828958837772396,-7.0078,"(2,3)"
MD_MF-DF,2,3,WGet,0.6952407407407406,-0.8062,"(2,3)"
MD_MF-DF,2,3,clasp,0.676287784679089,-6.6934,"(2,3)"
MD_MF-DF,2,3,lrzip,0.7574093879976233,-2.7831,"(2,3)"
MD_MF-DF,2,3,x264,0.5539324618736383,-1.454,"(2,3)"
MD_MF-DF,2,3,z3,0.6812854030501089,-0.9031,"(2,3)"
MD_MF-DF,3,1,7z,0.4320979767678657,-8.1077,"(3,1)"
MD_MF-DF,3,1,AJStats,0.19063095238095237,-0.9031,"(3,1)"
MD_MF-DF,3,1,BerkeleyDBC,0.2816559934318555,-1.7093,"(3,1)"
MD_MF-DF,3,1,Curl,0.19471981057616417,-0.727,"(3,1)"
MD_MF-DF,3,1,Dune,0.26608494093016294,-5.9694,"(3,1)"
MD_MF-DF,3,1,HSMGP,0.27205273813638825,-6.0944,"(3,1)"
MD_MF-DF,3,1,HSQLDB,0.2048570559610705,-2.181,"(3,1)"
MD_MF-DF,3,1,Hipacc,0.39419549517412666,-11.8247,"(3,1)"
MD_MF-DF,3,1,HyTeG,0.0839166666666666,-0.6021,"(3,1)"
MD_MF-DF,3,1,JavaGC,0.2807995150587034,-6.1524,"(3,1)"
MD_MF-DF,3,1,LLVM,0.2020694444444444,0.0,"(3,1)"
MD_MF-DF,3,1,PKJab,0.1338874680306905,-1.153,"(3,1)"
MD_MF-DF,3,1,Polly,0.24219825898370426,-6.962,"(3,1)"
MD_MF-DF,3,1,SQLite,0.2996658232172789,-4.8445,"(3,1)"
MD_MF-DF,3,1,TriMesh,0.348924165786092,-14.79,"(3,1)"
MD_MF-DF,3,1,VP9,0.24969725932279535,-7.0078,"(3,1)"
MD_MF-DF,3,1,WGet,0.20548379465341843,-0.8062,"(3,1)"
MD_MF-DF,3,1,clasp,0.38409890810331443,-6.6934,"(3,1)"
MD_MF-DF,3,1,lrzip,0.34871734587251824,-2.7831,"(3,1)"
MD_MF-DF,3,1,x264,0.1784507259808464,-1.454,"(3,1)"
MD_MF-DF,3,1,z3,0.24495070856438686,-0.9031,"(3,1)"
MD_MF-DF,3,2,7z,0.6944506784364435,-8.1077,"(3,2)"
MD_MF-DF,3,2,AJStats,0.4247559523809523,-0.9031,"(3,2)"
MD_MF-DF,3,2,BerkeleyDBC,0.4589778325123153,-1.7093,"(3,2)"
MD_MF-DF,3,2,Curl,0.3587240199947382,-0.727,"(3,2)"
MD_MF-DF,3,2,Dune,0.41593745326753395,-5.9694,"(3,2)"
MD_MF-DF,3,2,HSMGP,0.4357251493753394,-6.0944,"(3,2)"
MD_MF-DF,3,2,HSQLDB,0.3502767639902676,-2.181,"(3,2)"
MD_MF-DF,3,2,Hipacc,0.7362077251720102,-11.8247,"(3,2)"
MD_MF-DF,3,2,HyTeG,0.14341666666666658,-0.6021,"(3,2)"
MD_MF-DF,3,2,JavaGC,0.4320672901626194,-6.1524,"(3,2)"
MD_MF-DF,3,2,LLVM,0.5104374999999999,0.0,"(3,2)"
MD_MF-DF,3,2,PKJab,0.27335890878090363,-1.153,"(3,2)"
MD_MF-DF,3,2,Polly,0.4234017088868138,-6.962,"(3,2)"
MD_MF-DF,3,2,SQLite,0.531497816640509,-4.8445,"(3,2)"
MD_MF-DF,3,2,TriMesh,0.5502530136345093,-14.79,"(3,2)"
MD_MF-DF,3,2,VP9,0.43247126577625283,-7.0078,"(3,2)"
MD_MF-DF,3,2,WGet,0.37581499881712793,-0.8062,"(3,2)"
MD_MF-DF,3,2,clasp,0.46422638842700364,-6.6934,"(3,2)"
MD_MF-DF,3,2,lrzip,0.5634038662486938,-2.7831,"(3,2)"
MD_MF-DF,3,2,x264,0.32978529502625886,-1.454,"(3,2)"
MD_MF-DF,3,2,z3,0.4180637707948244,-0.9031,"(3,2)"
MD_MF-DF,3,3,7z,0.7850164189767647,-8.1077,"(3,3)"
MD_MF-DF,3,3,AJStats,0.5424791666666667,-0.9031,"(3,3)"
MD_MF-DF,3,3,BerkeleyDBC,0.570940065681445,-1.7093,"(3,3)"
MD_MF-DF,3,3,Curl,0.4759458037358589,-0.727,"(3,3)"
MD_MF-DF,3,3,Dune,0.5374786899955136,-5.9694,"(3,3)"
MD_MF-DF,3,3,HSMGP,0.5725230029792767,-6.0944,"(3,3)"
MD_MF-DF,3,3,HSQLDB,0.4420539334955393,-2.181,"(3,3)"
MD_MF-DF,3,3,Hipacc,0.8192179898268555,-11.8247,"(3,3)"
MD_MF-DF,3,3,HyTeG,0.1496666666666666,-0.6021,"(3,3)"
MD_MF-DF,3,3,JavaGC,0.5200576095675635,-6.1524,"(3,3)"
MD_MF-DF,3,3,LLVM,0.6501875,0.0,"(3,3)"
MD_MF-DF,3,3,PKJab,0.35793691389599314,-1.153,"(3,3)"
MD_MF-DF,3,3,Polly,0.547415082783618,-6.962,"(3,3)"
MD_MF-DF,3,3,VP9,0.5359892170077196,-7.0078,"(3,3)"
MD_MF-DF,3,3,WGet,0.5270581973030517,-0.8062,"(3,3)"
MD_MF-DF,3,3,clasp,0.5240473617115619,-6.6934,"(3,3)"
MD_MF-DF,3,3,lrzip,0.6253298066875652,-2.7831,"(3,3)"
MD_MF-DF,3,3,x264,0.3851467408093914,-1.454,"(3,3)"
MD_MF-DF,3,3,z3,0.5281561922365988,-0.9031,"(3,3)"
PCI,1,1,7z,0.7818937441307519,-8.1077,"(1,1)"
PCI,1,1,AJStats,0.6172972972972972,-0.9031,"(1,1)"
PCI,1,1,BerkeleyDBC,0.7067619047619047,-1.7093,"(1,1)"
PCI,1,1,Curl,0.66,-0.727,"(1,1)"
PCI,1,1,Dune,0.6524712643678161,-5.9694,"(1,1)"
PCI,1,1,HSMGP,0.6607222222222222,-6.0944,"(1,1)"
PCI,1,1,HSQLDB,0.6686868686868687,-2.181,"(1,1)"
PCI,1,1,Hipacc,0.7388095238095238,-11.8247,"(1,1)"
PCI,1,1,HyTeG,0.5576923076923076,-0.6021,"(1,1)"
PCI,1,1,JavaGC,0.6850234741784037,-6.1524,"(1,1)"
PCI,1,1,LLVM,0.619090909090909,0.0,"(1,1)"
PCI,1,1,PKJab,0.6381666666666667,-1.153,"(1,1)"
PCI,1,1,Polly,0.6586854460093896,-6.962,"(1,1)"
PCI,1,1,SQLite,0.7518571428571428,-4.8445,"(1,1)"
PCI,1,1,TriMesh,0.7187596899224805,-14.79,"(1,1)"
PCI,1,1,VP9,0.6707111111111111,-7.0078,"(1,1)"
PCI,1,1,WGet,0.6679999999999999,-0.8062,"(1,1)"
PCI,1,1,clasp,0.7539487179487179,-6.6934,"(1,1)"
PCI,1,1,lrzip,0.7250877192982456,-2.7831,"(1,1)"
PCI,1,1,x264,0.6191111111111111,-1.454,"(1,1)"
PCI,1,1,z3,0.7053571428571429,-0.9031,"(1,1)"
PCI,1,2,7z,0.9302883174489001,-8.1077,"(1,2)"
PCI,1,2,AJStats,0.8186486486486486,-0.9031,"(1,2)"
PCI,1,2,BerkeleyDBC,0.8068571428571428,-1.7093,"(1,2)"
PCI,1,2,Curl,0.8105555555555555,-0.727,"(1,2)"
PCI,1,2,Dune,0.7745977011494252,-5.9694,"(1,2)"
PCI,1,2,HSMGP,0.7772777777777778,-6.0944,"(1,2)"
PCI,1,2,HSQLDB,0.7828282828282828,-2.181,"(1,2)"
PCI,1,2,Hipacc,0.9518730158730159,-11.8247,"(1,2)"
PCI,1,2,HyTeG,0.6912820512820512,-0.6021,"(1,2)"
PCI,1,2,JavaGC,0.8056338028169013,-6.1524,"(1,2)"
PCI,1,2,LLVM,0.875,0.0,"(1,2)"
PCI,1,2,PKJab,0.8088333333333333,-1.153,"(1,2)"
PCI,1,2,Polly,0.8038028169014084,-6.962,"(1,2)"
PCI,1,2,SQLite,0.8464761904761904,-4.8445,"(1,2)"
PCI,1,2,TriMesh,0.8480103359173127,-14.79,"(1,2)"
PCI,1,2,VP9,0.8143111111111111,-7.0078,"(1,2)"
PCI,1,2,WGet,0.8092222222222222,-0.8062,"(1,2)"
PCI,1,2,clasp,0.8103076923076923,-6.6934,"(1,2)"
PCI,1,2,lrzip,0.8776315789473684,-2.7831,"(1,2)"
PCI,1,2,x264,0.7563333333333333,-1.454,"(1,2)"
PCI,1,2,z3,0.8310714285714286,-0.9031,"(1,2)"
PCI,1,3,7z,0.9386201522507942,-8.1077,"(1,3)"
PCI,1,3,AJStats,0.8894594594594594,-0.9031,"(1,3)"
PCI,1,3,BerkeleyDBC,0.8794285714285712,-1.7093,"(1,3)"
PCI,1,3,Curl,0.8258333333333332,-0.727,"(1,3)"
PCI,1,3,Dune,0.8390804597701148,-5.9694,"(1,3)"
PCI,1,3,HSMGP,0.8649444444444445,-6.0944,"(1,3)"
PCI,1,3,HSQLDB,0.824949494949495,-2.181,"(1,3)"
PCI,1,3,Hipacc,0.9523809523809524,-11.8247,"(1,3)"
PCI,1,3,HyTeG,0.6923076923076922,-0.6021,"(1,3)"
PCI,1,3,JavaGC,0.8614084507042253,-6.1524,"(1,3)"
PCI,1,3,LLVM,0.9083333333333331,0.0,"(1,3)"
PCI,1,3,PKJab,0.8308333333333332,-1.153,"(1,3)"
PCI,1,3,Polly,0.8651643192488262,-6.962,"(1,3)"
PCI,1,3,VP9,0.8589333333333333,-7.0078,"(1,3)"
PCI,1,3,WGet,0.8592222222222222,-0.8062,"(1,3)"
PCI,1,3,clasp,0.8405128205128205,-6.6934,"(1,3)"
PCI,1,3,lrzip,0.894736842105263,-2.7831,"(1,3)"
PCI,1,3,x264,0.7864444444444445,-1.454,"(1,3)"
PCI,1,3,z3,0.8397619047619047,-0.9031,"(1,3)"
PCI,2,1,7z,0.5811274536790176,-8.1077,"(2,1)"
PCI,2,1,AJStats,0.345068783068783,-0.9031,"(2,1)"
PCI,2,1,BerkeleyDBC,0.45359021406727823,-1.7093,"(2,1)"
PCI,2,1,Curl,0.37422666666666665,-0.727,"(2,1)"
PCI,2,1,Dune,0.4110174291938997,-5.9694,"(2,1)"
PCI,2,1,HSMGP,0.41908556366585564,-6.0944,"(2,1)"
PCI,2,1,HSQLDB,0.39408713692946057,-2.181,"(2,1)"
PCI,2,1,Hipacc,0.5424119541155161,-11.8247,"(2,1)"
PCI,2,1,HyTeG,0.2772222222222222,-0.6021,"(2,1)"
PCI,2,1,JavaGC,0.4311619370323309,-6.1524,"(2,1)"
PCI,2,1,LLVM,0.3334285714285714,0.0,"(2,1)"
PCI,2,1,PKJab,0.3625301204819277,-1.153,"(2,1)"
PCI,2,1,Polly,0.405312764158918,-6.962,"(2,1)"
PCI,2,1,SQLite,0.5279796240493614,-4.8445,"(2,1)"
PCI,2,1,TriMesh,0.5011792039277573,-14.79,"(2,1)"
PCI,2,1,VP9,0.4136573725194674,-7.0078,"(2,1)"
PCI,2,1,WGet,0.3820646766169154,-0.8062,"(2,1)"
PCI,2,1,clasp,0.5416626065773447,-6.6934,"(2,1)"
PCI,2,1,lrzip,0.5071815718157182,-2.7831,"(2,1)"
PCI,2,1,x264,0.3418,-1.454,"(2,1)"
PCI,2,1,z3,0.43377777777777776,-0.9031,"(2,1)"
PCI,2,2,7z,0.8197509658997666,-8.1077,"(2,2)"
PCI,2,2,AJStats,0.6021164021164022,-0.9031,"(2,2)"
PCI,2,2,BerkeleyDBC,0.621131498470948,-1.7093,"(2,2)"
PCI,2,2,Curl,0.5722133333333332,-0.727,"(2,2)"
PCI,2,2,Dune,0.5807363834422657,-5.9694,"(2,2)"
PCI,2,2,HSMGP,0.5854115977291159,-6.0944,"(2,2)"
PCI,2,2,HSQLDB,0.5655739972337482,-2.181,"(2,2)"
PCI,2,2,Hipacc,0.8508036492922788,-11.8247,"(2,2)"
PCI,2,2,HyTeG,0.41707070707070704,-0.6021,"(2,2)"
PCI,2,2,JavaGC,0.5999209374558803,-6.1524,"(2,2)"
PCI,2,2,LLVM,0.653079365079365,0.0,"(2,2)"
PCI,2,2,PKJab,0.575,-1.153,"(2,2)"
PCI,2,2,Polly,0.6029106790645251,-6.962,"(2,2)"
PCI,2,2,SQLite,0.7016745587602238,-4.8445,"(2,2)"
PCI,2,2,TriMesh,0.6875697001578116,-14.79,"(2,2)"
PCI,2,2,VP9,0.6202260738507912,-7.0078,"(2,2)"
PCI,2,2,WGet,0.5825373134328358,-0.8062,"(2,2)"
PCI,2,2,clasp,0.6178075517661389,-6.6934,"(2,2)"
PCI,2,2,lrzip,0.7257073170731707,-2.7831,"(2,2)"
PCI,2,2,x264,0.529225,-1.454,"(2,2)"
PCI,2,2,z3,0.6274782608695652,-0.9031,"(2,2)"
PCI,2,3,7z,0.8683607990189216,-8.1077,"(2,3)"
PCI,2,3,AJStats,0.6994867724867725,-0.9031,"(2,3)"
PCI,2,3,BerkeleyDBC,0.7327645259938838,-1.7093,"(2,3)"
PCI,2,3,Curl,0.6550666666666666,-0.727,"(2,3)"
PCI,2,3,Dune,0.693074074074074,-5.9694,"(2,3)"
PCI,2,3,HSMGP,0.7188564476885644,-6.0944,"(2,3)"
PCI,2,3,HSQLDB,0.647088520055325,-2.181,"(2,3)"
PCI,2,3,Hipacc,0.8891426846447977,-11.8247,"(2,3)"
PCI,2,3,HyTeG,0.4380808080808079,-0.6021,"(2,3)"
PCI,2,3,JavaGC,0.6897839898348157,-6.1524,"(2,3)"
PCI,2,3,LLVM,0.7463492063492063,0.0,"(2,3)"
PCI,2,3,PKJab,0.646726907630522,-1.153,"(2,3)"
PCI,2,3,Polly,0.7211552550014088,-6.962,"(2,3)"
PCI,2,3,VP9,0.7098317005777443,-7.0078,"(2,3)"
PCI,2,3,WGet,0.708714759535655,-0.8062,"(2,3)"
PCI,2,3,clasp,0.6675680064961429,-6.6934,"(2,3)"
PCI,2,3,lrzip,0.7733712737127371,-2.7831,"(2,3)"
PCI,2,3,x264,0.5895333333333332,-1.454,"(2,3)"
PCI,2,3,z3,0.6977391304347825,-0.9031,"(2,3)"
PCI,3,1,7z,0.42456369880950307,-8.1077,"(3,1)"
PCI,3,1,AJStats,0.1846888028588445,-0.9031,"(3,1)"
PCI,3,1,BerkeleyDBC,0.27294043845747484,-1.7093,"(3,1)"
PCI,3,1,Curl,0.1991617161716171,-0.727,"(3,1)"
PCI,3,1,Dune,0.2558141433937612,-5.9694,"(3,1)"
PCI,3,1,HSMGP,0.26137426367887284,-6.0944,"(3,1)"
PCI,3,1,HSQLDB,0.21677382966723063,-2.181,"(3,1)"
PCI,3,1,Hipacc,0.4019364862115184,-11.8247,"(3,1)"
PCI,3,1,HyTeG,0.1240039447731755,-0.6021,"(3,1)"
PCI,3,1,JavaGC,0.25790447846382775,-6.1524,"(3,1)"
PCI,3,1,LLVM,0.16946554149085788,0.0,"(3,1)"
PCI,3,1,PKJab,0.1923991228070175,-1.153,"(3,1)"
PCI,3,1,Polly,0.23840878220852674,-6.962,"(3,1)"
PCI,3,1,SQLite,0.3487095957522511,-4.8445,"(3,1)"
PCI,3,1,TriMesh,0.3371744635281502,-14.79,"(3,1)"
PCI,3,1,VP9,0.24197752834351946,-7.0078,"(3,1)"
PCI,3,1,WGet,0.20347955926269173,-0.8062,"(3,1)"
PCI,3,1,clasp,0.37900026049164365,-6.6934,"(3,1)"
PCI,3,1,lrzip,0.35476648591918836,-2.7831,"(3,1)"
PCI,3,1,x264,0.1785331230283911,-1.454,"(3,1)"
PCI,3,1,z3,0.24642914012738848,-0.9031,"(3,1)"
PCI,3,2,7z,0.6985280780096711,-8.1077,"(3,2)"
PCI,3,2,AJStats,0.40699523525908277,-0.9031,"(3,2)"
PCI,3,2,BerkeleyDBC,0.45122820919175904,-1.7093,"(3,2)"
PCI,3,2,Curl,0.3638525852585258,-0.727,"(3,2)"
PCI,3,2,Dune,0.4226382764440089,-5.9694,"(3,2)"
PCI,3,2,HSMGP,0.4263125037954697,-6.0944,"(3,2)"
PCI,3,2,HSQLDB,0.3766142937716541,-2.181,"(3,2)"
PCI,3,2,Hipacc,0.7446439714836852,-11.8247,"(3,2)"
PCI,3,2,HyTeG,0.21692307692307689,-0.6021,"(3,2)"
PCI,3,2,JavaGC,0.4232889631788871,-6.1524,"(3,2)"
PCI,3,2,LLVM,0.42789310829817157,0.0,"(3,2)"
PCI,3,2,PKJab,0.36745175438596483,-1.153,"(3,2)"
PCI,3,2,Polly,0.4278829038863097,-6.962,"(3,2)"
PCI,3,2,SQLite,0.5618330048991433,-4.8445,"(3,2)"
PCI,3,2,TriMesh,0.5384287208104025,-14.79,"(3,2)"
PCI,3,2,VP9,0.4426074344952906,-7.0078,"(3,2)"
PCI,3,2,WGet,0.37412418906394806,-0.8062,"(3,2)"
PCI,3,2,clasp,0.4571950534007869,-6.6934,"(3,2)"
PCI,3,2,lrzip,0.586817095213107,-2.7831,"(3,2)"
PCI,3,2,x264,0.34209989484752884,-1.454,"(3,2)"
PCI,3,2,z3,0.42735668789808917,-0.9031,"(3,2)"
PCI,3,3,7z,0.7920104190599547,-8.1077,"(3,3)"
PCI,3,3,AJStats,0.5121917808219177,-0.9031,"(3,3)"
PCI,3,3,BerkeleyDBC,0.5826578182778658,-1.7093,"(3,3)"
PCI,3,3,Curl,0.4839493949394939,-0.727,"(3,3)"
PCI,3,3,Dune,0.5594259349991834,-5.9694,"(3,3)"
PCI,3,3,HSMGP,0.5794662051375478,-6.0944,"(3,3)"
PCI,3,3,HSQLDB,0.47819273225364595,-2.181,"(3,3)"
PCI,3,3,Hipacc,0.8280960946945496,-11.8247,"(3,3)"
PCI,3,3,HyTeG,0.23824457593688356,-0.6021,"(3,3)"
PCI,3,3,JavaGC,0.5275152034028443,-6.1524,"(3,3)"
PCI,3,3,LLVM,0.5498762306610407,0.0,"(3,3)"
PCI,3,3,PKJab,0.46421929824561403,-1.153,"(3,3)"
PCI,3,3,Polly,0.5760238814442394,-6.962,"(3,3)"
PCI,3,3,VP9,0.5630081094350483,-7.0078,"(3,3)"
PCI,3,3,WGet,0.5434033570178148,-0.8062,"(3,3)"
PCI,3,3,clasp,0.5162120401979736,-6.6934,"(3,3)"
PCI,3,3,lrzip,0.6537029910792372,-2.7831,"(3,3)"
PCI,3,3,x264,0.41713354363827543,-1.454,"(3,3)"
PCI,3,3,z3,0.5491480891719744,-0.9031,"(3,3)"
