metric,coverage_t,sample_size_source_t,kw_statistic,kw_pvalue,kw_significant,epsilon_squared,effect_strength,median_weak,median_moderate,median_strong,median_verystrong,best_group_by_median,worst_group_by_median,weak_minus_verystrong,trend_direction,dunn_weak_moderate,dunn_weak_strong,dunn_weak_verystrong,dunn_moderate_strong,dunn_moderate_verystrong,dunn_strong_verystrong,pairwise_summary
ALS,1,1,574.4671761420918,3.4543344643869613e-124,True,0.0828333347067824,EffectStrength.MEDIUM,0.619047619047619,0.608695652173913,0.6363636363636364,0.6981132075471697,Very Strong,Moderate,-0.0790655884995507,non_monotonic,1.0,1.0,2.926535145366488e-21,1.0,4.728983477259814e-90,4.0005429980289465e-53,Weak ~ Moderate; Weak ~ Strong; Very Strong > Weak; Moderate ~ Strong; Very Strong > Moderate; Very Strong > Strong
ALS,1,2,1223.422473569558,6.071111145116045e-265,True,0.1768984597143873,EffectStrength.LARGER,0.9523809523809524,0.8148148148148147,0.7777777777777777,0.8620689655172413,Weak,Strong,0.09031198686371111,non_monotonic,5.338563257815843e-122,8.1081363631308e-135,1.0820990797414457e-39,0.0001177226309936934,5.887676553572312e-119,5.544394181836132e-121,Weak > Moderate; Weak > Strong; Weak > Very Strong; Moderate > Strong; Very Strong > Moderate; Very Strong > Strong
ALS,1,3,1926.854118855918,0.0,True,0.30542214936591805,EffectStrength.LARGER,0.9523809523809524,0.8275862068965517,0.8,0.8823529411764705,Weak,Strong,0.07002801120448199,non_monotonic,1.6652535733498635e-229,6.928412972617208e-260,2.2353171545632944e-95,2.82336142842646e-09,1.4988266476746754e-149,8.829084094457269e-175,Weak > Moderate; Weak > Strong; Weak > Very Strong; Moderate > Strong; Very Strong > Moderate; Very Strong > Strong
ALS,2,1,1366.577703036922,5.266194744420941e-296,True,0.19764860168675488,EffectStrength.LARGER,0.3449999999999999,0.3433734939759036,0.3870967741935483,0.4738219895287957,Very Strong,Moderate,-0.12882198952879576,non_monotonic,0.44658145202943655,0.0887064651530947,3.4709687312436255e-60,0.0887064651530947,2.6504653969412712e-211,6.857507191379198e-116,Weak ~ Moderate; Weak ~ Strong; Very Strong > Weak; Moderate ~ Strong; Very Strong > Moderate; Very Strong > Strong
ALS,2,2,1234.1499189183473,2.855786118094299e-267,True,0.17845338729067217,EffectStrength.LARGER,0.69,0.5648535564853556,0.5416666666666666,0.7126379137412236,Very Strong,Strong,-0.022637913741223703,non_monotonic,6.574776285318031e-67,1.8153929904443256e-65,5.476738773968204e-05,0.28044982595003964,7.632353854181062e-174,7.956917732011547e-130,Weak > Moderate; Weak > Strong; Very Strong > Weak; Moderate ~ Strong; Very Strong > Moderate; Very Strong > Strong
ALS,2,3,1781.765134374579,0.0,True,0.28238849569369406,EffectStrength.LARGER,0.805,0.67578125,0.5993975903614458,0.7541337167505392,Weak,Strong,0.05086628324946085,non_monotonic,1.5849436120931945e-147,7.638439947343268e-173,3.583867107524099e-35,3.2190467628401004e-08,1.9142470099064727e-184,2.276162209032215e-199,Weak > Moderate; Weak > Strong; Weak > Very Strong; Moderate > Strong; Very Strong > Moderate; Very Strong > Strong
ALS,3,1,2241.6531597883454,0.0,True,0.32448951439170104,EffectStrength.LARGER,0.1842105263157894,0.1919843328122779,0.2017543859649122,0.3073691063424894,Very Strong,Weak,-0.12315858002669997,increasing_with_constraint,0.8341349599793684,0.006535102655297526,2.7332421875392454e-94,4.340603397423129e-05,0.0,2.4552454152206484e-175,Weak ~ Moderate; Strong > Weak; Very Strong > Weak; Strong > Moderate; Very Strong > Moderate; Very Strong > Strong
ALS,3,2,1592.082176334477,0.0,True,0.2303351465914592,EffectStrength.LARGER,0.4605263157894736,0.3537735849056603,0.3421052631578947,0.5520727215735443,Very Strong,Strong,-0.09154640578407064,non_monotonic,3.244194595235054e-45,6.797926123462188e-38,0.05944542936618252,0.4050371331495114,1.5947955661329377e-255,2.0600855371682448e-160,Weak > Moderate; Weak > Strong; Weak ~ Very Strong; Moderate ~ Strong; Very Strong > Moderate; Very Strong > Strong
ALS,3,3,1556.9569177341482,0.0,True,0.25749079001394337,EffectStrength.LARGER,0.5947368421052631,0.4798115381271193,0.4151916248955722,0.6128630058704349,Very Strong,Strong,-0.018126163765171732,non_monotonic,5.036605005699751e-69,4.85828069952341e-90,0.0013497560261844055,8.056277957926389e-08,2.2688885358187574e-192,4.222304404074412e-206,Weak > Moderate; Weak > Strong; Very Strong > Weak; Moderate > Strong; Very Strong > Moderate; Very Strong > Strong
AP_ALS-PCI,1,1,574.4671761420918,3.4543344643869613e-124,True,0.0828333347067824,EffectStrength.MEDIUM,0.619047619047619,0.608695652173913,0.6363636363636364,0.6981132075471697,Very Strong,Moderate,-0.0790655884995507,non_monotonic,1.0,1.0,2.926535145366488e-21,1.0,4.728983477259814e-90,4.0005429980289465e-53,Weak ~ Moderate; Weak ~ Strong; Very Strong > Weak; Moderate ~ Strong; Very Strong > Moderate; Very Strong > Strong
AP_ALS-PCI,1,2,1223.422473569558,6.071111145116045e-265,True,0.1768984597143873,EffectStrength.LARGER,0.9523809523809524,0.8148148148148147,0.7777777777777777,0.8620689655172413,Weak,Strong,0.09031198686371111,non_monotonic,5.338563257815843e-122,8.1081363631308e-135,1.0820990797414457e-39,0.0001177226309936934,5.887676553572312e-119,5.544394181836132e-121,Weak > Moderate; Weak > Strong; Weak > Very Strong; Moderate > Strong; Very Strong > Moderate; Very Strong > Strong
AP_ALS-PCI,1,3,1926.854118855918,0.0,True,0.30542214936591805,EffectStrength.LARGER,0.9523809523809524,0.8275862068965517,0.8,0.8823529411764705,Weak,Strong,0.07002801120448199,non_monotonic,1.6652535733498635e-229,6.928412972617208e-260,2.2353171545632944e-95,2.82336142842646e-09,1.4988266476746754e-149,8.829084094457269e-175,Weak > Moderate; Weak > Strong; Weak > Very Strong; Moderate > Strong; Very Strong > Moderate; Very Strong > Strong
AP_ALS-PCI,2,1,1480.8459295531668,0.0,True,0.21421161466200417,EffectStrength.LARGER,0.3631578947368421,0.34,0.3753846153846153,0.4739583333333333,Very Strong,Moderate,-0.11080043859649119,non_monotonic,1.0,1.0,1.651847614120041e-52,1.0,1.4816274261810608e-223,3.0087589987105177e-143,Weak ~ Moderate; Weak ~ Strong; Very Strong > Weak; Moderate ~ Strong; Very Strong > Moderate; Very Strong > Strong
AP_ALS-PCI,2,2,1357.9868792764498,3.851263379494414e-294,True,0.19640337429720972,EffectStrength.LARGER,0.6815789473684211,0.5541125541125541,0.5280898876404494,0.7125,Very Strong,Strong,-0.03092105263157896,non_monotonic,1.4360053656440798e-73,7.707714169082531e-75,8.856635189375293e-06,0.07944288093327406,3.7771087909609984e-186,4.160304304481227e-147,Weak > Moderate; Weak > Strong; Very Strong > Weak; Moderate ~ Strong; Very Strong > Moderate; Very Strong > Strong
AP_ALS-PCI,2,3,1950.6938839685947,0.0,True,0.309206839810858,EffectStrength.LARGER,0.8,0.670995670995671,0.5907692307692308,0.7541337167505392,Weak,Strong,0.04586628324946085,non_monotonic,1.7145106585075325e-155,9.163797373663142e-178,3.0195699960725176e-33,3.127664186845733e-07,2.0077028407570056e-212,9.720560361025941e-217,Weak > Moderate; Weak > Strong; Weak > Very Strong; Moderate > Strong; Very Strong > Moderate; Very Strong > Strong
AP_ALS-PCI,3,1,2415.431683885656,0.0,True,0.34967845831071986,EffectStrength.LARGER,0.2039800995024875,0.1813043478260869,0.1911764705882352,0.3089896037466369,Very Strong,Moderate,-0.10500950424414943,non_monotonic,0.2697166383081796,0.7880472635737077,2.831647314073758e-82,0.2073126245587525,0.0,3.867949756122454e-222,Weak ~ Moderate; Weak ~ Strong; Very Strong > Weak; Moderate ~ Strong; Very Strong > Moderate; Very Strong > Strong
AP_ALS-PCI,3,2,1825.4459118643147,0.0,True,0.26416088010788735,EffectStrength.LARGER,0.4547263681592039,0.34975561913751396,0.3245625458287099,0.5523534301888287,Very Strong,Strong,-0.09762706202962473,non_monotonic,5.266073672896104e-59,4.848942949845815e-57,0.7889769817670806,0.7889769817670806,1.045289592041282e-275,5.7594614892039975e-198,Weak > Moderate; Weak > Strong; Weak ~ Very Strong; Moderate ~ Strong; Very Strong > Moderate; Very Strong > Strong
AP_ALS-PCI,3,3,1803.5825380119413,0.0,True,0.29835667572691654,EffectStrength.LARGER,0.5850746268656716,0.46857442038817765,0.3970588235294117,0.6131996439604168,Very Strong,Strong,-0.02812501709474524,non_monotonic,1.0635565268657617e-80,2.166428850332818e-103,0.0004988863066094852,3.89385026914475e-08,4.6835678675803776e-225,6.390894034685738e-236,Weak > Moderate; Weak > Strong; Very Strong > Weak; Moderate > Strong; Very Strong > Moderate; Very Strong > Strong
Default,1,1,535.8788307978494,7.992303135425337e-116,True,0.07724001026204515,EffectStrength.MEDIUM,0.5909090909090909,0.6216216216216216,0.6333333333333333,0.696969696969697,Very Strong,Weak,-0.10606060606060608,increasing_with_constraint,0.0010746796375879159,2.222218156560103e-06,4.16533686185012e-39,0.00841147603169942,2.3385576047731574e-79,3.0632891704459407e-35,Moderate > Weak; Strong > Weak; Very Strong > Weak; Strong > Moderate; Very Strong > Moderate; Very Strong > Strong
Default,1,2,854.1413571688234,7.830210050141361e-185,True,0.1233716998360376,EffectStrength.MEDIUM,0.909090909090909,0.8214285714285714,0.8,0.8732394366197181,Weak,Strong,0.035851472471190804,non_monotonic,1.384425868281195e-50,1.3952921756350785e-47,8.894794289825809e-05,0.6487950658524544,1.0805147008553044e-121,1.6547600582892916e-86,Weak > Moderate; Weak > Strong; Weak > Very Strong; Moderate ~ Strong; Very Strong > Moderate; Very Strong > Strong
Default,1,3,1515.2078180835906,0.0,True,0.2400710935201763,EffectStrength.LARGER,0.909090909090909,0.8333333333333333,0.8499999999999999,0.8793103448275861,Weak,Moderate,0.029780564263322873,non_monotonic,1.7749761294270152e-130,1.7909005331125353e-109,2.2261180196680665e-22,0.18361206717515133,4.0649479983032585e-210,3.2088364220480154e-127,Weak > Moderate; Weak > Strong; Weak > Very Strong; Moderate ~ Strong; Very Strong > Moderate; Very Strong > Strong
Default,2,1,1202.973422718403,1.6598504662450575e-260,True,0.1739343995823167,EffectStrength.LARGER,0.3122171945701357,0.3646153846153846,0.3689903846153846,0.4563318777292576,Very Strong,Weak,-0.1441146831591219,increasing_with_constraint,5.2982390906179725e-08,1.4641518913594256e-16,1.411958817348728e-90,8.642671594851307e-07,1.282479504529371e-178,8.495012389270237e-70,Moderate > Weak; Strong > Weak; Very Strong > Weak; Strong > Moderate; Very Strong > Moderate; Very Strong > Strong
Default,2,2,919.5914594618401,4.982654824261827e-199,True,0.13285859682009568,EffectStrength.MEDIUM,0.6244343891402715,0.5731414868105515,0.590522100013663,0.7168481742472774,Very Strong,Moderate,-0.09241378510700593,non_monotonic,2.111379922847341e-24,5.694357267338183e-16,0.016824796910751623,0.016824796910751623,3.142551335630167e-159,1.1997812197863616e-81,Weak > Moderate; Weak > Strong; Very Strong > Weak; Strong > Moderate; Very Strong > Moderate; Very Strong > Strong
Default,2,3,1362.9983504937745,3.1490153458260358e-295,True,0.21590702500298056,EffectStrength.LARGER,0.7285067873303167,0.6717557251908397,0.6666666666666666,0.7509355509355509,Very Strong,Strong,-0.02242876360523416,non_monotonic,1.3455002442729928e-47,1.3690602260030486e-43,1.0,1.0,1.116355877226764e-212,8.611857752562709e-147,Weak > Moderate; Weak > Strong; Weak ~ Very Strong; Moderate ~ Strong; Very Strong > Moderate; Very Strong > Strong
Default,3,1,1888.1378141778584,0.0,True,0.27324798002288136,EffectStrength.LARGER,0.1567164179104477,0.1948051948051948,0.20898470859379026,0.2898302344381568,Very Strong,Weak,-0.13311381652770912,increasing_with_constraint,1.5125865913945984e-10,2.7718489061395598e-25,1.7025425772545764e-137,5.6664719777013955e-12,5.319351565691486e-287,1.6733796001575495e-103,Moderate > Weak; Strong > Weak; Very Strong > Weak; Strong > Moderate; Very Strong > Moderate; Very Strong > Strong
Default,3,2,1236.1602867751728,1.0460024649236124e-267,True,0.17874478718295012,EffectStrength.LARGER,0.3917910447761194,0.35640228514758715,0.3984063391300887,0.5418452427335774,Very Strong,Moderate,-0.15005419795745795,non_monotonic,1.805469231937474e-10,0.014747224073082469,2.5531152043575716e-20,5.067179800806909e-09,1.4559726305302803e-229,1.2267389466066578e-85,Weak > Moderate; Strong > Weak; Very Strong > Weak; Strong > Moderate; Very Strong > Moderate; Very Strong > Strong
Default,3,3,1114.135581514558,3.121266076258918e-241,True,0.1841152579145912,EffectStrength.LARGER,0.5059701492537312,0.4846198491004062,0.4850410753459484,0.6089108910891089,Very Strong,Moderate,-0.10294074183537771,non_monotonic,1.705921225093431e-14,1.526872877742164e-11,2.0458221134755852e-11,0.3921934286206077,3.92485561070805e-186,4.468270823404218e-118,Weak > Moderate; Weak > Strong; Very Strong > Weak; Moderate ~ Strong; Very Strong > Moderate; Very Strong > Strong
MDAP_MF-DF-ALS-PCI,1,1,648.7402385816346,2.7320615488383783e-140,True,0.09359910691138347,EffectStrength.MEDIUM,0.65,0.5999999999999999,0.625,0.6964285714285714,Very Strong,Moderate,-0.046428571428571375,non_monotonic,0.014653130679833483,0.014653130679833483,3.43054456206706e-14,0.882612593415186,3.244546817105448e-100,6.089801297349802e-69,Weak > Moderate; Weak > Strong; Very Strong > Weak; Moderate ~ Strong; Very Strong > Moderate; Very Strong > Strong
MDAP_MF-DF-ALS-PCI,1,2,1373.9430707970755,1.3282906986247079e-297,True,0.19871620101421592,EffectStrength.LARGER,0.95,0.8181818181818182,0.7692307692307692,0.859375,Weak,Strong,0.09062499999999996,non_monotonic,4.871396245915304e-146,3.153293890058238e-170,9.498216400465781e-56,7.413295253292808e-08,1.2517186352923905e-115,1.3076948196672234e-136,Weak > Moderate; Weak > Strong; Weak > Very Strong; Moderate > Strong; Very Strong > Moderate; Very Strong > Strong
MDAP_MF-DF-ALS-PCI,1,3,2051.226137855426,0.0,True,0.32516687376653847,EffectStrength.LARGER,0.95,0.8214285714285714,0.7857142857142857,0.88,Weak,Strong,0.06999999999999995,non_monotonic,8.072233089462802e-240,1.9934913399429378e-262,6.114143217762617e-93,3.017752999678728e-07,2.2274575973219894e-173,5.467095351457973e-184,Weak > Moderate; Weak > Strong; Weak > Very Strong; Moderate > Strong; Very Strong > Moderate; Very Strong > Strong
MDAP_MF-DF-ALS-PCI,2,1,1482.4751085019805,0.0,True,0.2144477617773562,EffectStrength.LARGER,0.3833333333333333,0.3235294117647059,0.3499999999999999,0.4682822523164647,Very Strong,Moderate,-0.0849489189831314,non_monotonic,0.05358711815932607,0.09993531723592523,2.374374190755596e-42,0.6503504774661986,8.319466589219079e-228,2.4519469069399258e-147,Weak ~ Moderate; Weak ~ Strong; Very Strong > Weak; Moderate ~ Strong; Very Strong > Moderate; Very Strong > Strong
MDAP_MF-DF-ALS-PCI,2,2,1420.2595953960983,1.1829784007090307e-307,True,0.20542971378404093,EffectStrength.LARGER,0.7111111111111111,0.5668202764976958,0.5130718954248366,0.7113989637305699,Very Strong,Strong,-0.0002878526194587394,non_monotonic,3.0983388327414695e-83,1.7709503738469377e-95,5.440651428957942e-10,0.00013984215637875347,2.113434366988571e-174,1.5754047507776094e-165,Weak > Moderate; Weak > Strong; Very Strong > Weak; Moderate > Strong; Very Strong > Moderate; Very Strong > Strong
MDAP_MF-DF-ALS-PCI,2,3,1952.8890975274862,0.0,True,0.30955534172527166,EffectStrength.LARGER,0.8166666666666667,0.6682027649769585,0.5749999999999998,0.74943904263276,Weak,Strong,0.0672276240339067,non_monotonic,2.7290276612221502e-157,6.296247480674072e-191,2.015080146296567e-37,6.412102579635459e-11,1.0013111289007962e-196,1.8671615392062964e-225,Weak > Moderate; Weak > Strong; Weak > Very Strong; Moderate > Strong; Very Strong > Moderate; Very Strong > Strong
MDAP_MF-DF-ALS-PCI,3,1,2347.6677402314863,0.0,True,0.33985617339201135,EffectStrength.LARGER,0.2135416666666666,0.1779112754158964,0.1881371640407784,0.3031606195983466,Very Strong,Moderate,-0.08961895293168001,non_monotonic,0.08954639963340656,0.315565446907091,6.605064936203068e-74,0.315565446907091,0.0,1.1605790020856935e-221,Weak ~ Moderate; Weak ~ Strong; Very Strong > Weak; Moderate ~ Strong; Very Strong > Moderate; Very Strong > Strong
MDAP_MF-DF-ALS-PCI,3,2,1800.523069500811,0.0,True,0.2605483504132209,EffectStrength.LARGER,0.4755208333333333,0.3504340962904498,0.3132530120481927,0.5492046261116444,Very Strong,Strong,-0.07368379277831116,non_monotonic,2.85693017197256e-63,1.0060154853859038e-68,0.519940502044826,0.02200682688525888,4.608868316824292e-255,6.664839439687699e-209,Weak > Moderate; Weak > Strong; Weak ~ Very Strong; Moderate > Strong; Very Strong > Moderate; Very Strong > Strong
MDAP_MF-DF-ALS-PCI,3,3,1783.301050134167,0.0,True,0.2949960315052472,EffectStrength.LARGER,0.603125,0.46912181827150745,0.3864689527340129,0.60823074217376,Very Strong,Strong,-0.005105742173760031,non_monotonic,3.218660197663428e-86,1.9414712282213068e-113,3.608367476895105e-06,6.628478342569488e-10,1.2520661012502641e-212,6.320141577577896e-236,Weak > Moderate; Weak > Strong; Very Strong > Weak; Moderate > Strong; Very Strong > Moderate; Very Strong > Strong
MDA_MF-DF-ALS,1,1,648.7402385816346,2.7320615488383783e-140,True,0.09359910691138347,EffectStrength.MEDIUM,0.65,0.5999999999999999,0.625,0.6964285714285714,Very Strong,Moderate,-0.046428571428571375,non_monotonic,0.014653130679833483,0.014653130679833483,3.43054456206706e-14,0.882612593415186,3.244546817105448e-100,6.089801297349802e-69,Weak > Moderate; Weak > Strong; Very Strong > Weak; Moderate ~ Strong; Very Strong > Moderate; Very Strong > Strong
MDA_MF-DF-ALS,1,2,1373.9430707970755,1.3282906986247079e-297,True,0.19871620101421592,EffectStrength.LARGER,0.95,0.8181818181818182,0.7692307692307692,0.859375,Weak,Strong,0.09062499999999996,non_monotonic,4.871396245915304e-146,3.153293890058238e-170,9.498216400465781e-56,7.413295253292808e-08,1.2517186352923905e-115,1.3076948196672234e-136,Weak > Moderate; Weak > Strong; Weak > Very Strong; Moderate > Strong; Very Strong > Moderate; Very Strong > Strong
MDA_MF-DF-ALS,1,3,2051.226137855426,0.0,True,0.32516687376653847,EffectStrength.LARGER,0.95,0.8214285714285714,0.7857142857142857,0.88,Weak,Strong,0.06999999999999995,non_monotonic,8.072233089462802e-240,1.9934913399429378e-262,6.114143217762617e-93,3.017752999678728e-07,2.2274575973219894e-173,5.467095351457973e-184,Weak > Moderate; Weak > Strong; Weak > Very Strong; Moderate > Strong; Very Strong > Moderate; Very Strong > Strong
MDA_MF-DF-ALS,2,1,1468.0318026835132,0.0,True,0.21235422563900758,EffectStrength.LARGER,0.3833333333333333,0.3235294117647059,0.3536585365853658,0.4681848626925653,Very Strong,Moderate,-0.08485152935923201,non_monotonic,0.04956210087826752,0.10052496668768582,8.705947538311425e-42,0.6168115161565215,5.0144890250823546e-226,1.4672999736825437e-145,Weak > Moderate; Weak ~ Strong; Very Strong > Weak; Moderate ~ Strong; Very Strong > Moderate; Very Strong > Strong
MDA_MF-DF-ALS,2,2,1404.2606054325017,3.5047481121064495e-304,True,0.203110683495072,EffectStrength.LARGER,0.7111111111111111,0.5668202764976958,0.5130718954248366,0.7111913357400722,Very Strong,Strong,-8.022462896106752e-05,non_monotonic,1.6428930897265502e-83,8.729978835603678e-96,2.059296531136167e-10,0.00013721627842651978,1.2452741908656807e-171,2.2089039175146173e-163,Weak > Moderate; Weak > Strong; Very Strong > Weak; Moderate > Strong; Very Strong > Moderate; Very Strong > Strong
MDA_MF-DF-ALS,2,3,1928.4456239413714,0.0,True,0.30567480932550745,EffectStrength.LARGER,0.8166666666666667,0.6682027649769585,0.573170731707317,0.7486910994764397,Weak,Strong,0.0679755671902269,non_monotonic,7.563406771808966e-160,2.4725291481326977e-192,1.2415420504307217e-39,1.7891911373694117e-10,1.0131126699708702e-192,1.7399056323298344e-219,Weak > Moderate; Weak > Strong; Weak > Very Strong; Moderate > Strong; Very Strong > Moderate; Very Strong > Strong
MDA_MF-DF-ALS,3,1,2317.0836002715837,0.0,True,0.33542304685774516,EffectStrength.LARGER,0.2135416666666666,0.1779112754158964,0.1881371640407784,0.3009404388714733,Very Strong,Moderate,-0.08739877220480671,non_monotonic,0.07498485013092554,0.3083197860562114,2.2838014952294355e-72,0.3083197860562114,0.0,9.49277777505815e-219,Weak ~ Moderate; Weak ~ Strong; Very Strong > Weak; Moderate ~ Strong; Very Strong > Moderate; Very Strong > Strong
MDA_MF-DF-ALS,3,2,1769.6582944950117,0.0,True,0.25607454623786224,EffectStrength.LARGER,0.4755208333333333,0.3504340962904498,0.3123262279888786,0.5466954523295494,Very Strong,Strong,-0.07117461899621613,non_monotonic,4.480988628904596e-64,4.366142371041089e-69,0.36409333449557724,0.028295455685784426,1.0718006499267217e-250,2.6304894539666614e-204,Weak > Moderate; Weak > Strong; Weak ~ Very Strong; Moderate > Strong; Very Strong > Moderate; Very Strong > Strong
MDA_MF-DF-ALS,3,3,1747.6256132277479,0.0,True,0.28908460865414215,EffectStrength.LARGER,0.603125,0.46912181827150745,0.3848470806302131,0.6060366690225751,Very Strong,Strong,-0.002911669022575114,non_monotonic,4.432674388649469e-87,2.5706785558053807e-114,6.776562260133958e-07,7.051331156200146e-10,1.2569432832030712e-206,1.5680180899571892e-230,Weak > Moderate; Weak > Strong; Very Strong > Weak; Moderate > Strong; Very Strong > Moderate; Very Strong > Strong
MDP_MF-DF-PCI,1,1,665.0717214952537,7.862062329271292e-144,True,0.09596633156910475,EffectStrength.MEDIUM,0.65,0.5999999999999999,0.625,0.6999999999999998,Very Strong,Moderate,-0.04999999999999982,non_monotonic,0.014656389949624642,0.04099941216733284,2.9721382599584887e-15,0.5767623702324116,6.541584146157038e-106,1.5260256238797633e-66,Weak > Moderate; Weak > Strong; Very Strong > Weak; Moderate ~ Strong; Very Strong > Moderate; Very Strong > Strong
MDP_MF-DF-PCI,1,2,1264.9012142354297,6.074388364993676e-274,True,0.1829107427504609,EffectStrength.LARGER,0.95,0.8181818181818182,0.7692307692307692,0.859375,Weak,Strong,0.09062499999999996,non_monotonic,5.946599720567176e-144,4.622014593875206e-162,3.433997271464847e-58,4.594366773067495e-06,5.074757830801002e-105,1.0692336797100444e-117,Weak > Moderate; Weak > Strong; Weak > Very Strong; Moderate > Strong; Very Strong > Moderate; Very Strong > Strong
MDP_MF-DF-PCI,1,3,1788.2860169861226,0.0,True,0.2834237207471222,EffectStrength.LARGER,0.95,0.8214285714285714,0.8125,0.8703703703703703,Weak,Strong,0.0796296296296296,non_monotonic,2.0206771020465585e-216,5.4863464930559554e-238,7.111925227561065e-89,5.880447494210873e-07,7.621774971355566e-144,5.670047385063343e-157,Weak > Moderate; Weak > Strong; Weak > Very Strong; Moderate > Strong; Very Strong > Moderate; Very Strong > Strong
MDP_MF-DF-PCI,2,1,1507.573792230135,0.0,True,0.2180857794216749,EffectStrength.LARGER,0.3833333333333333,0.3235294117647059,0.3653846153846153,0.4666223109336881,Very Strong,Moderate,-0.08328897760035481,non_monotonic,0.05461983507230325,0.1969741754755968,7.032248244132709e-44,0.3525397717967167,1.0878920153349888e-234,1.1344691055449078e-145,Weak ~ Moderate; Weak ~ Strong; Very Strong > Weak; Moderate ~ Strong; Very Strong > Moderate; Very Strong > Strong
MDP_MF-DF-PCI,2,2,1364.1033945966194,1.8129808681904023e-295,True,0.19728995428273943,EffectStrength.LARGER,0.7111111111111111,0.5668202764976958,0.5288461538461539,0.7048092868988391,Weak,Strong,0.006301824212271989,non_monotonic,7.103373188290385e-89,2.6522175039348e-97,7.212808282751472e-13,0.0016894184641126457,4.096496271855877e-168,1.3170728106989661e-151,Weak > Moderate; Weak > Strong; Weak > Very Strong; Moderate > Strong; Very Strong > Moderate; Very Strong > Strong
MDP_MF-DF-PCI,2,3,1815.2378824907482,0.0,True,0.2877024738038972,EffectStrength.LARGER,0.8166666666666667,0.6682027649769585,0.5961538461538461,0.7374392220421394,Weak,Strong,0.07922744462452724,non_monotonic,2.2831035141974392e-151,7.69294728228069e-187,1.9384861949667455e-39,9.73630553391294e-12,1.1535702708727616e-174,6.0694447075858076e-210,Weak > Moderate; Weak > Strong; Weak > Very Strong; Moderate > Strong; Very Strong > Moderate; Very Strong > Strong
MDP_MF-DF-PCI,3,1,2360.320646225024,0.0,True,0.3416901936838707,EffectStrength.LARGER,0.2135416666666666,0.1779112754158964,0.1881371640407784,0.3036653805682216,Very Strong,Moderate,-0.09012371390155502,non_monotonic,0.1306387428601294,0.48027378418287936,2.036882556435647e-76,0.1306387428601294,0.0,3.829410346405367e-217,Weak ~ Moderate; Weak ~ Strong; Very Strong > Weak; Moderate ~ Strong; Very Strong > Moderate; Very Strong > Strong
MDP_MF-DF-PCI,3,2,1728.8621727816592,0.0,True,0.25016120782456286,EffectStrength.LARGER,0.4755208333333333,0.3504340962904498,0.3193277310924369,0.5467698519515478,Very Strong,Strong,-0.07124901861821453,non_monotonic,2.723840182381931e-65,3.4819195395031874e-66,0.29058802513470094,0.2171373721750985,2.12210526362199e-251,4.51020802820415e-192,Weak > Moderate; Weak > Strong; Weak ~ Very Strong; Moderate ~ Strong; Very Strong > Moderate; Very Strong > Strong
MDP_MF-DF-PCI,3,3,1719.820172143544,0.0,True,0.2844772447628076,EffectStrength.LARGER,0.603125,0.46912181827150745,0.3994439295644114,0.6044733262807918,Very Strong,Strong,-0.001348326280791734,non_monotonic,4.891883558304831e-89,4.543705115219405e-117,4.979290545111621e-08,3.7310726781228415e-10,2.9588621063037605e-200,1.7199567165705635e-226,Weak > Moderate; Weak > Strong; Very Strong > Weak; Moderate > Strong; Very Strong > Moderate; Very Strong > Strong
MD_MF-DF,1,1,665.0717214952537,7.862062329271292e-144,True,0.09596633156910475,EffectStrength.MEDIUM,0.65,0.5999999999999999,0.625,0.6999999999999998,Very Strong,Moderate,-0.04999999999999982,non_monotonic,0.014656389949624642,0.04099941216733284,2.9721382599584887e-15,0.5767623702324116,6.541584146157038e-106,1.5260256238797633e-66,Weak > Moderate; Weak > Strong; Very Strong > Weak; Moderate ~ Strong; Very Strong > Moderate; Very Strong > Strong
MD_MF-DF,1,2,1264.9012142354297,6.074388364993676e-274,True,0.1829107427504609,EffectStrength.LARGER,0.95,0.8181818181818182,0.7692307692307692,0.859375,Weak,Strong,0.09062499999999996,non_monotonic,5.946599720567176e-144,4.622014593875206e-162,3.433997271464847e-58,4.594366773067495e-06,5.074757830801002e-105,1.0692336797100444e-117,Weak > Moderate; Weak > Strong; Weak > Very Strong; Moderate > Strong; Very Strong > Moderate; Very Strong > Strong
MD_MF-DF,1,3,1788.2860169861226,0.0,True,0.2834237207471222,EffectStrength.LARGER,0.95,0.8214285714285714,0.8125,0.8703703703703703,Weak,Strong,0.0796296296296296,non_monotonic,2.0206771020465585e-216,5.4863464930559554e-238,7.111925227561065e-89,5.880447494210873e-07,7.621774971355566e-144,5.670047385063343e-157,Weak > Moderate; Weak > Strong; Weak > Very Strong; Moderate > Strong; Very Strong > Moderate; Very Strong > Strong
MD_MF-DF,2,1,1486.550468619245,0.0,True,0.2150384792896427,EffectStrength.LARGER,0.3833333333333333,0.3235294117647059,0.3644859813084112,0.4662087303345889,Very Strong,Moderate,-0.08287539700125557,non_monotonic,0.046786914474994085,0.21685849323578005,4.366331248220267e-43,0.2760774115289325,1.050517830778751e-232,2.3378016491454787e-142,Weak > Moderate; Weak ~ Strong; Very Strong > Weak; Moderate ~ Strong; Very Strong > Moderate; Very Strong > Strong
MD_MF-DF,2,2,1343.494026350608,5.374768604462723e-291,True,0.19430265637782404,EffectStrength.LARGER,0.7111111111111111,0.5668202764976958,0.5277777777777777,0.7040309221424627,Weak,Strong,0.007080188968648482,non_monotonic,2.8088419109043803e-89,1.1746152204152848e-96,2.6003777087560653e-13,0.0030880010118995264,5.0871711943719614e-166,1.2689179473327773e-147,Weak > Moderate; Weak > Strong; Weak > Very Strong; Moderate > Strong; Very Strong > Moderate; Very Strong > Strong
MD_MF-DF,2,3,1774.2961726896876,0.0,True,0.28120275800757066,EffectStrength.LARGER,0.8166666666666667,0.6682027649769585,0.5981308411214952,0.7367240089753178,Weak,Strong,0.0799426576913489,non_monotonic,3.7967267821145456e-151,1.0554557899803671e-184,2.375985918471536e-40,4.9474682956549146e-11,1.994718018011193e-170,1.581278585829624e-202,Weak > Moderate; Weak > Strong; Weak > Very Strong; Moderate > Strong; Very Strong > Moderate; Very Strong > Strong
MD_MF-DF,3,1,2321.2351044340858,0.0,True,0.3360248013384673,EffectStrength.LARGER,0.2135416666666666,0.1779112754158964,0.1881371640407784,0.3006521315943157,Very Strong,Moderate,-0.0871104649276491,non_monotonic,0.07595525707942771,0.5086999296826218,2.3534926829898202e-74,0.07595525707942771,0.0,2.3358532086986633e-210,Weak ~ Moderate; Weak ~ Strong; Very Strong > Weak; Moderate ~ Strong; Very Strong > Moderate; Very Strong > Strong
MD_MF-DF,3,2,1682.2840127384077,0.0,True,0.24340977137822983,EffectStrength.LARGER,0.4755208333333333,0.3504340962904498,0.3199507389162561,0.5449192462987887,Very Strong,Strong,-0.06939841296545546,non_monotonic,8.371640072075197e-66,8.33503260694184e-66,0.30999191726916925,0.30999191726916925,2.7425489904303025e-245,4.840229478759126e-185,Weak > Moderate; Weak > Strong; Weak ~ Very Strong; Moderate ~ Strong; Very Strong > Moderate; Very Strong > Strong
MD_MF-DF,3,3,1675.8030978099937,0.0,True,0.2771836118989219,EffectStrength.LARGER,0.603125,0.46912181827150745,0.39921223354958285,0.6035257518147252,Very Strong,Strong,-0.0004007518147252087,non_monotonic,1.3148000845798369e-89,1.5381368698324363e-118,4.578097169051757e-09,1.5523067946698285e-10,1.2012614739154985e-191,5.941830288907719e-221,Weak > Moderate; Weak > Strong; Very Strong > Weak; Moderate > Strong; Very Strong > Moderate; Very Strong > Strong
PCI,1,1,535.8788307978494,7.992303135425337e-116,True,0.07724001026204515,EffectStrength.MEDIUM,0.5909090909090909,0.6216216216216216,0.6333333333333333,0.696969696969697,Very Strong,Weak,-0.10606060606060608,increasing_with_constraint,0.0010746796375879159,2.222218156560103e-06,4.16533686185012e-39,0.00841147603169942,2.3385576047731574e-79,3.0632891704459407e-35,Moderate > Weak; Strong > Weak; Very Strong > Weak; Strong > Moderate; Very Strong > Moderate; Very Strong > Strong
PCI,1,2,854.1413571688234,7.830210050141361e-185,True,0.1233716998360376,EffectStrength.MEDIUM,0.909090909090909,0.8214285714285714,0.8,0.8732394366197181,Weak,Strong,0.035851472471190804,non_monotonic,1.384425868281195e-50,1.3952921756350785e-47,8.894794289825809e-05,0.6487950658524544,1.0805147008553044e-121,1.6547600582892916e-86,Weak > Moderate; Weak > Strong; Weak > Very Strong; Moderate ~ Strong; Very Strong > Moderate; Very Strong > Strong
PCI,1,3,1515.2078180835906,0.0,True,0.2400710935201763,EffectStrength.LARGER,0.909090909090909,0.8333333333333333,0.8499999999999999,0.8793103448275861,Weak,Moderate,0.029780564263322873,non_monotonic,1.7749761294270152e-130,1.7909005331125353e-109,2.2261180196680665e-22,0.18361206717515133,4.0649479983032585e-210,3.2088364220480154e-127,Weak > Moderate; Weak > Strong; Weak > Very Strong; Moderate ~ Strong; Very Strong > Moderate; Very Strong > Strong
PCI,2,1,1341.1269354256433,1.7538186217414704e-290,True,0.19395954999646953,EffectStrength.LARGER,0.3285714285714285,0.3484848484848485,0.3674698795180723,0.4604141291108404,Very Strong,Weak,-0.13184270053941188,increasing_with_constraint,1.9396631223508344e-06,3.3770786802389745e-13,4.872897321752347e-92,1.1135940999540414e-05,1.019719942548469e-200,2.7858944711135217e-86,Moderate > Weak; Strong > Weak; Very Strong > Weak; Strong > Moderate; Very Strong > Moderate; Very Strong > Strong
PCI,2,2,1042.136851164058,1.300698532579072e-225,True,0.15062137283143326,EffectStrength.LARGER,0.6166666666666667,0.5710144927536231,0.5875,0.7241830065359476,Very Strong,Moderate,-0.10751633986928089,non_monotonic,9.028215270013928e-27,1.1422597954201283e-17,0.006406528789410428,0.011511351238705402,1.0062428116762545e-179,3.218689523649747e-93,Weak > Moderate; Weak > Strong; Very Strong > Weak; Strong > Moderate; Very Strong > Moderate; Very Strong > Strong
PCI,2,3,1508.2809692700375,0.0,True,0.238971419157015,EffectStrength.LARGER,0.7238095238095237,0.6691542288557214,0.6678899082568807,0.7557058326289094,Very Strong,Strong,-0.031896308819385766,non_monotonic,8.737337110752779e-46,4.228265939132245e-42,0.14760517633697315,0.8620796043693959,5.034265927351713e-237,5.4528366255169086e-164,Weak > Moderate; Weak > Strong; Weak ~ Very Strong; Moderate ~ Strong; Very Strong > Moderate; Very Strong > Strong
PCI,3,1,2160.5763291046146,0.0,True,0.3127375458913777,EffectStrength.LARGER,0.1729957805907173,0.1834319526627218,0.1998811410459588,0.2983222442311273,Very Strong,Weak,-0.12532646364041,increasing_with_constraint,2.5297407964210167e-06,8.399625687314005e-16,1.2714740912008507e-133,8.317872829669124e-09,0.0,3.791593124234743e-140,Moderate > Weak; Strong > Weak; Very Strong > Weak; Strong > Moderate; Very Strong > Moderate; Very Strong > Strong
PCI,3,2,1470.7521160840113,0.0,True,0.21274853110363984,EffectStrength.LARGER,0.3856540084388185,0.3560395427865307,0.3789473684210526,0.5601435657812314,Very Strong,Moderate,-0.1744895573424129,non_monotonic,5.096875914025118e-13,7.226073576419335e-05,1.5765481693453888e-21,3.4925382862931486e-06,2.5339830860150134e-263,8.993209664771372e-116,Weak > Moderate; Weak > Strong; Very Strong > Weak; Strong > Moderate; Very Strong > Moderate; Very Strong > Strong
PCI,3,3,1372.2895953285831,3.0344477493061327e-297,True,0.22689139939164593,EffectStrength.LARGER,0.4962025316455696,0.48146431881371643,0.4750788643533123,0.6272030067550409,Very Strong,Strong,-0.13100047510947133,non_monotonic,6.101910214266047e-17,4.7628472986215935e-15,8.847604371454011e-14,0.8522652602593309,1.1463580153152191e-223,2.7682126514877282e-151,Weak > Moderate; Weak > Strong; Very Strong > Weak; Moderate ~ Strong; Very Strong > Moderate; Very Strong > Strong
